{
	"$schema": "https://schema.management.azure.com/schemas/2015-01-01/deploymentParameters.json#",
	"contentVersion": "1.0.0.0",
	"parameters": {
		"factoryName": {
			"value": "Dfact-DataIntegrationServices"
		},
		"ADLSG2_connectionString": {
			"value": ""
		},
		"AZSQLVM_connectionString": {
			"value": "Integrated Security=False;Data Source=AZU-MCPSQLUAT;Initial Catalog=AZURE_MIGRATION_DEV;User ID=ETLDBADMIN"
		},
		"BIOVIA_connectionString": {
			"value": ""
		},
		"Europe_DB_Connection_connectionString": {
			"value": "Integrated Security=False;Encrypt=True;Connection Timeout=30;Data Source=sql-apps-eu-dev.database.windows.net;Initial Catalog=sqldb-apps-eu-dev;User ID=ETLDBAdmin"
		},
		"Global_DB_Connection_connectionString": {
			"value": "Integrated Security=False;Encrypt=True;Connection Timeout=30;Data Source=sql-apps-na-dev.database.windows.net;Initial Catalog=sqldb-apps-na-dev;User ID=ETLDBAdmin"
		},
		"LK_FAIRMOVE_EXT_password": {
			"value": ""
		},
		"SQL_AZURE_MIGRATION_VM_connectionString": {
			"value": ""
		},
		"DIS_ADLS_G2_properties_typeProperties_url": {
			"value": "https://disdatalakefabric.dfs.core.windows.net/"
		},
		"LK_BRONZE_BIOPLANT_properties_typeProperties_tenant": {
			"value": "7e315b15-f710-4dd7-adcb-2738eee4c5e3"
		},
		"LK_BRONZE_BIOPLANT_properties_typeProperties_servicePrincipalId": {
			"value": "9e106d51-022b-4dc2-a764-272076b35359"
		},
		"LK_BRONZE_CLINICAL_properties_typeProperties_tenant": {
			"value": "7e315b15-f710-4dd7-adcb-2738eee4c5e3"
		},
		"LK_BRONZE_CLINICAL_properties_typeProperties_servicePrincipalId": {
			"value": "9e106d51-022b-4dc2-a764-272076b35359"
		},
		"LK_BRZ_FACILITIES_properties_typeProperties_tenant": {
			"value": "7e315b15-f710-4dd7-adcb-2738eee4c5e3"
		},
		"LK_BRZ_FACILITIES_properties_typeProperties_servicePrincipalId": {
			"value": "9e106d51-022b-4dc2-a764-272076b35359"
		},
		"LK_FAIRMOVE_EXT_properties_typeProperties_host": {
			"value": "sftp.fairmove.ch"
		},
		"LK_FAIRMOVE_EXT_properties_typeProperties_userName": {
			"value": "incytedatahub"
		},
		"LK_GOLD_BIOPLANT_properties_typeProperties_tenant": {
			"value": "7e315b15-f710-4dd7-adcb-2738eee4c5e3"
		},
		"LK_GOLD_BIOPLANT_properties_typeProperties_servicePrincipalId": {
			"value": "9e106d51-022b-4dc2-a764-272076b35359"
		},
		"LK_SLV_FACILITIES_properties_typeProperties_tenant": {
			"value": "7e315b15-f710-4dd7-adcb-2738eee4c5e3"
		},
		"LK_SLV_FACILITIES_properties_typeProperties_servicePrincipalId": {
			"value": "9e106d51-022b-4dc2-a764-272076b35359"
		},
		"LS_KV_DIS_FABRIC_properties_typeProperties_baseUrl": {
			"value": "https://KV-DIS-FABRIC.vault.azure.net/"
		},
		"LS_ODATA_SAP_RCV_JE_properties_typeProperties_url": {
			"value": "https://vhincqs1ci.sap.incyte.com:44300/sap/opu/odata/sap/zrvc_je_cds/?sap-client=400"
		},
		"LS_ODATA_SAP_RCV_JE_properties_typeProperties_userName": {
			"value": "INFORMATICA"
		},
		"Ls_Rest_SN_properties_typeProperties_url": {
			"value": "https://incyte.service-now.com/api/now/table/sys_user?sysparm_fields=name,user_name,email,department.name,manager.name,manager.manager.name,manager.manager.manager.name"
		},
		"Ls_Rest_SN_properties_typeProperties_userName": {
			"value": "sn_powerbi_api"
		},
		"trigger1_properties_typeProperties_scope": {
			"value": "/subscriptions/7c0da57b-82ca-437f-9055-42628e8ec0a3/resourceGroups/RG-Informatica/providers/Microsoft.Storage/storageAccounts/disdatalakefabric"
		},
		"DIS_ADLS_properties_privateLinkResourceId": {
			"value": "/subscriptions/7c0da57b-82ca-437f-9055-42628e8ec0a3/resourceGroups/RG-Informatica/providers/Microsoft.Storage/storageAccounts/disdatalakefabric"
		},
		"DIS_ADLS_properties_groupId": {
			"value": "dfs"
		},
		"DIS_ADLS_properties_fqdns": {
			"value": [
				"disdatalakefabric.dfs.core.windows.net"
			]
		}
	}
}