{
	"name": "pl_API_FAIRMOVE_TO_BRZ_LK",
	"properties": {
		"activities": [
			{
				"name": "cp_API_FAIRMOVE",
				"type": "Copy",
				"dependsOn": [],
				"policy": {
					"timeout": "0.12:00:00",
					"retry": 0,
					"retryIntervalInSeconds": 30,
					"secureOutput": false,
					"secureInput": false
				},
				"userProperties": [],
				"typeProperties": {
					"source": {
						"type": "AzureSqlSource",
						"queryTimeout": "02:00:00",
						"partitionOption": "None"
					},
					"sink": {
						"type": "DelimitedTextSink",
						"storeSettings": {
							"type": "LakehouseWriteSettings"
						},
						"formatSettings": {
							"type": "DelimitedTextWriteSettings",
							"quoteAllText": true,
							"fileExtension": ".txt"
						}
					},
					"enableStaging": false,
					"translator": {
						"type": "TabularTranslator",
						"typeConversion": true,
						"typeConversionSettings": {
							"allowDataTruncation": true,
							"treatBooleanAsNumber": false
						}
					}
				},
				"inputs": [
					{
						"referenceName": "API_FAC_FAIRMOVE",
						"type": "DatasetReference"
					}
				],
				"outputs": [
					{
						"referenceName": "Ds_Fairmove_data",
						"type": "DatasetReference"
					}
				]
			}
		],
		"folder": {
			"name": "Facilities"
		},
		"annotations": []
	}
}