{
	"name": "PL_DAILY_BUDGET_FORECAST",
	"properties": {
		"activities": [
			{
				"name": "df_DAILY_BUDGET",
				"type": "ExecuteDataFlow",
				"dependsOn": [],
				"policy": {
					"timeout": "0.12:00:00",
					"retry": 0,
					"retryIntervalInSeconds": 30,
					"secureOutput": false,
					"secureInput": false
				},
				"userProperties": [],
				"typeProperties": {
					"dataflow": {
						"referenceName": "df_DAILY_BUDGET",
						"type": "DataFlowReference"
					},
					"compute": {
						"coreCount": 32,
						"computeType": "MemoryOptimized"
					},
					"traceLevel": "Fine"
				}
			},
			{
				"name": "df_DAILY_FORECAST",
				"type": "ExecuteDataFlow",
				"dependsOn": [],
				"policy": {
					"timeout": "0.12:00:00",
					"retry": 0,
					"retryIntervalInSeconds": 30,
					"secureOutput": false,
					"secureInput": false
				},
				"userProperties": [],
				"typeProperties": {
					"dataflow": {
						"referenceName": "df_DAILY_FORECAST",
						"type": "DataFlowReference",
						"parameters": {
							"etl_id": {
								"value": "'@{pipeline().RunId}'",
								"type": "Expression"
							},
							"created_by": {
								"value": "'@{pipeline().Pipeline}'",
								"type": "Expression"
							}
						}
					},
					"compute": {
						"coreCount": 32,
						"computeType": "MemoryOptimized"
					},
					"traceLevel": "Fine"
				}
			}
		],
		"folder": {
			"name": "INFORMATICA_PIPELINES/GLOBALDWPIPELINES"
		},
		"annotations": []
	}
}