{
	"name": "pl_Eur_Employee_Data_to_csv",
	"properties": {
		"activities": [
			{
				"name": "Copy data1",
				"type": "Copy",
				"dependsOn": [],
				"policy": {
					"timeout": "0.12:00:00",
					"retry": 0,
					"retryIntervalInSeconds": 30,
					"secureOutput": false,
					"secureInput": false
				},
				"userProperties": [],
				"typeProperties": {
					"source": {
						"type": "JsonSource",
						"storeSettings": {
							"type": "LakehouseReadSettings",
							"recursive": true,
							"enablePartitionDiscovery": false
						},
						"formatSettings": {
							"type": "JsonReadSettings"
						}
					},
					"sink": {
						"type": "DelimitedTextSink",
						"storeSettings": {
							"type": "LakehouseWriteSettings",
							"copyBehavior": "FlattenHierarchy"
						},
						"formatSettings": {
							"type": "DelimitedTextWriteSettings",
							"quoteAllText": true,
							"fileExtension": ".txt"
						}
					},
					"enableStaging": false,
					"translator": {
						"type": "TabularTranslator",
						"mappings": [
							{
								"source": {
									"path": "['manager.manager.manager.name']"
								},
								"sink": {
									"name": "Manager_3",
									"type": "String"
								}
							},
							{
								"source": {
									"path": "['manager.manager.name']"
								},
								"sink": {
									"name": "Manager_2",
									"type": "String"
								}
							},
							{
								"source": {
									"path": "['user_name']"
								},
								"sink": {
									"name": "User_Name",
									"type": "String"
								}
							},
							{
								"source": {
									"path": "['manager.name']"
								},
								"sink": {
									"name": "Manager_1",
									"type": "String"
								}
							},
							{
								"source": {
									"path": "['name']"
								},
								"sink": {
									"name": "Name",
									"type": "String"
								}
							},
							{
								"source": {
									"path": "['department.name']"
								},
								"sink": {
									"name": "Dept_Name",
									"type": "String"
								}
							},
							{
								"source": {
									"path": "['email']"
								},
								"sink": {
									"name": "Email",
									"type": "String"
								}
							}
						],
						"collectionReference": "$['result']",
						"mapComplexValuesToString": true
					}
				},
				"inputs": [
					{
						"referenceName": "Ds_Eur_Employee_JSON",
						"type": "DatasetReference"
					}
				],
				"outputs": [
					{
						"referenceName": "Ds_Eur_Employee_csv",
						"type": "DatasetReference"
					}
				]
			}
		],
		"folder": {
			"name": "Facilities"
		},
		"annotations": []
	}
}