{
	"name": "pl_Eur_Fairmove_Parking_From_SFTP",
	"properties": {
		"activities": [
			{
				"name": "Copy data1",
				"type": "Copy",
				"dependsOn": [],
				"policy": {
					"timeout": "0.12:00:00",
					"retry": 0,
					"retryIntervalInSeconds": 30,
					"secureOutput": false,
					"secureInput": false
				},
				"userProperties": [],
				"typeProperties": {
					"source": {
						"type": "DelimitedTextSource",
						"storeSettings": {
							"type": "SftpReadSettings",
							"recursive": true,
							"wildcardFolderPath": "/PROD?",
							"wildcardFileName": "fairmove*.csv",
							"enablePartitionDiscovery": false,
							"disableChunking": false
						},
						"formatSettings": {
							"type": "DelimitedTextReadSettings"
						}
					},
					"sink": {
						"type": "DelimitedTextSink",
						"storeSettings": {
							"type": "LakehouseWriteSettings",
							"copyBehavior": "MergeFiles"
						},
						"formatSettings": {
							"type": "DelimitedTextWriteSettings",
							"quoteAllText": true,
							"fileExtension": ".txt"
						}
					},
					"enableStaging": false,
					"translator": {
						"type": "TabularTranslator",
						"typeConversion": true,
						"typeConversionSettings": {
							"allowDataTruncation": true,
							"treatBooleanAsNumber": false
						}
					}
				},
				"inputs": [
					{
						"referenceName": "Ds_Eur_Fairmove_SFTP_Src",
						"type": "DatasetReference"
					}
				],
				"outputs": [
					{
						"referenceName": "Ds_Eur_Fairmove_SFTP_Tgt",
						"type": "DatasetReference"
					}
				]
			}
		],
		"folder": {
			"name": "Facilities"
		},
		"annotations": []
	}
}