{
	"name": "pl_icore_zaiden",
	"properties": {
		"activities": [
			{
				"name": "Get_SessionId",
				"type": "WebActivity",
				"dependsOn": [],
				"policy": {
					"timeout": "0.12:00:00",
					"retry": 0,
					"retryIntervalInSeconds": 30,
					"secureOutput": false,
					"secureInput": false
				},
				"userProperties": [],
				"typeProperties": {
					"method": "POST",
					"headers": {
						"Content-Type": "application/x-www-form-urlencoded",
						"Accept": "application/json"
					},
					"url": "https://incyte-etmf.veevavault.com/api/v24.1/auth",
					"body": "username=integration.datalake@incyte.com&password=ycFU1ibC7LG2NeN"
				}
			},
			{
				"name": "Get_Site_Json",
				"type": "Copy",
				"dependsOn": [
					{
						"activity": "Get_SessionId",
						"dependencyConditions": [
							"Succeeded"
						]
					}
				],
				"policy": {
					"timeout": "0.12:00:00",
					"retry": 0,
					"retryIntervalInSeconds": 30,
					"secureOutput": false,
					"secureInput": false
				},
				"userProperties": [],
				"typeProperties": {
					"source": {
						"type": "RestSource",
						"httpRequestTimeout": "00:01:40",
						"requestInterval": "00.00:00:00.010",
						"requestMethod": "POST",
						"requestBody": {
							"value": "q=SELECT id,name__v,external_id__v,study__v,site_status__v,study_country__v,ec_type__v,irb_iec_type__c,irb_lec_approval_date__c,site_selected_date__v,actual_psv_date__clin FROM site__v where external_id__v != null",
							"type": "Expression"
						},
						"additionalHeaders": {
							"Authorization": {
								"value": "@activity('Get_SessionId').output.sessionId",
								"type": "Expression"
							},
							"Accept": {
								"value": "application/json",
								"type": "Expression"
							},
							"X-VaultAPI-DescribeQuery": {
								"value": "true",
								"type": "Expression"
							},
							"Content-Type": {
								"value": "application/x-www-form-urlencoded",
								"type": "Expression"
							}
						},
						"paginationRules": {
							"AbsoluteUrl": "$.responseDetails.next_page"
						}
					},
					"sink": {
						"type": "JsonSink",
						"storeSettings": {
							"type": "LakehouseWriteSettings"
						},
						"formatSettings": {
							"type": "JsonWriteSettings"
						}
					},
					"enableStaging": false
				},
				"inputs": [
					{
						"referenceName": "Restveevaicore",
						"type": "DatasetReference"
					}
				],
				"outputs": [
					{
						"referenceName": "iCore_brz_site_json",
						"type": "DatasetReference"
					}
				]
			},
			{
				"name": "Site_jsontocsv",
				"type": "Copy",
				"dependsOn": [
					{
						"activity": "Get_Site_Json",
						"dependencyConditions": [
							"Succeeded"
						]
					}
				],
				"policy": {
					"timeout": "0.12:00:00",
					"retry": 0,
					"retryIntervalInSeconds": 30,
					"secureOutput": false,
					"secureInput": false
				},
				"userProperties": [],
				"typeProperties": {
					"source": {
						"type": "JsonSource",
						"storeSettings": {
							"type": "LakehouseReadSettings",
							"recursive": true,
							"enablePartitionDiscovery": false
						},
						"formatSettings": {
							"type": "JsonReadSettings"
						}
					},
					"sink": {
						"type": "DelimitedTextSink",
						"storeSettings": {
							"type": "LakehouseWriteSettings"
						},
						"formatSettings": {
							"type": "DelimitedTextWriteSettings",
							"quoteAllText": true,
							"fileExtension": ".txt"
						}
					},
					"enableStaging": false,
					"translator": {
						"type": "TabularTranslator",
						"mappings": [
							{
								"source": {
									"path": "['id']"
								},
								"sink": {
									"name": "id",
									"type": "String"
								}
							},
							{
								"source": {
									"path": "['name__v']"
								},
								"sink": {
									"name": "name__v",
									"type": "String"
								}
							},
							{
								"source": {
									"path": "['external_id__v']"
								},
								"sink": {
									"name": "external_id__v",
									"type": "String"
								}
							},
							{
								"source": {
									"path": "['study__v']"
								},
								"sink": {
									"name": "study__v",
									"type": "String"
								}
							},
							{
								"source": {
									"path": "['study_country__v']"
								},
								"sink": {
									"name": "study_country__v",
									"type": "String"
								}
							},
							{
								"source": {
									"path": "['ec_type__v']"
								},
								"sink": {
									"name": "ec_type__v",
									"type": "String"
								}
							},
							{
								"source": {
									"path": "['irb_iec_type__c']"
								},
								"sink": {
									"name": "irb_iec_type__c",
									"type": "String"
								}
							},
							{
								"source": {
									"path": "['irb_lec_approval_date__c']"
								},
								"sink": {
									"name": "irb_lec_approval_date__c",
									"type": "String"
								}
							},
							{
								"source": {
									"path": "['site_selected_date__v']"
								},
								"sink": {
									"name": "site_selected_date__v",
									"type": "String"
								}
							},
							{
								"source": {
									"path": "['actual_psv_date__clin']"
								},
								"sink": {
									"name": "actual_psv_date__clin",
									"type": "String"
								}
							},
							{
								"source": {
									"path": "['site_status__v'][0]"
								},
								"sink": {
									"name": "site_status__v",
									"type": "String"
								}
							}
						],
						"collectionReference": "$['data']",
						"mapComplexValuesToString": true
					}
				},
				"inputs": [
					{
						"referenceName": "iCore_brz_site_json",
						"type": "DatasetReference"
					}
				],
				"outputs": [
					{
						"referenceName": "iCore_brz_site_csv",
						"type": "DatasetReference"
					}
				]
			},
			{
				"name": "Get_Milestone_Json",
				"type": "Copy",
				"dependsOn": [
					{
						"activity": "Get_SessionId",
						"dependencyConditions": [
							"Succeeded"
						]
					}
				],
				"policy": {
					"timeout": "0.12:00:00",
					"retry": 0,
					"retryIntervalInSeconds": 30,
					"secureOutput": false,
					"secureInput": false
				},
				"userProperties": [],
				"typeProperties": {
					"source": {
						"type": "RestSource",
						"httpRequestTimeout": "00:01:40",
						"requestInterval": "00.00:00:00.010",
						"requestMethod": "POST",
						"requestBody": {
							"value": "q=SELECT site__v,site__vr.external_id__v,study_country__v, study_country__vr.external_id__v, study__v, study__vr.external_id__v, name__v, milestone_type__v, actual_start_date__v,actual_finish_date__v FROM milestone__v where site__v != null AND site__vr.external_id__v != null AND (milestone_type__v = 'cec_application_completed__c' OR milestone_type__v = 'lec_application_completed__c' OR milestone_type__v = 'irb_application_completed__c')",
							"type": "Expression"
						},
						"additionalHeaders": {
							"Authorization": {
								"value": "@activity('Get_SessionId').output.sessionId",
								"type": "Expression"
							},
							"Accept": {
								"value": "application/json",
								"type": "Expression"
							},
							"X-VaultAPI-DescribeQuery": {
								"value": "true",
								"type": "Expression"
							},
							"Content-Type": {
								"value": "application/x-www-form-urlencoded",
								"type": "Expression"
							}
						},
						"paginationRules": {
							"AbsoluteUrl": "$.responseDetails.next_page"
						}
					},
					"sink": {
						"type": "JsonSink",
						"storeSettings": {
							"type": "LakehouseWriteSettings"
						},
						"formatSettings": {
							"type": "JsonWriteSettings"
						}
					},
					"enableStaging": false
				},
				"inputs": [
					{
						"referenceName": "Restveevaicore",
						"type": "DatasetReference"
					}
				],
				"outputs": [
					{
						"referenceName": "iCore_brz_milestone_json",
						"type": "DatasetReference"
					}
				]
			},
			{
				"name": "Milestone_jsontocsv",
				"type": "Copy",
				"dependsOn": [
					{
						"activity": "Get_Milestone_Json",
						"dependencyConditions": [
							"Succeeded"
						]
					}
				],
				"policy": {
					"timeout": "0.12:00:00",
					"retry": 0,
					"retryIntervalInSeconds": 30,
					"secureOutput": false,
					"secureInput": false
				},
				"userProperties": [],
				"typeProperties": {
					"source": {
						"type": "JsonSource",
						"storeSettings": {
							"type": "LakehouseReadSettings",
							"recursive": true,
							"enablePartitionDiscovery": false
						},
						"formatSettings": {
							"type": "JsonReadSettings"
						}
					},
					"sink": {
						"type": "DelimitedTextSink",
						"storeSettings": {
							"type": "LakehouseWriteSettings"
						},
						"formatSettings": {
							"type": "DelimitedTextWriteSettings",
							"quoteAllText": true,
							"fileExtension": ".txt"
						}
					},
					"enableStaging": false,
					"translator": {
						"type": "TabularTranslator",
						"mappings": [
							{
								"source": {
									"path": "['site__v']"
								},
								"sink": {
									"name": "site__v",
									"type": "String"
								}
							},
							{
								"source": {
									"path": "['site__vr.external_id__v']"
								},
								"sink": {
									"name": "site__vr.external_id__v",
									"type": "String"
								}
							},
							{
								"source": {
									"path": "['study_country__v']"
								},
								"sink": {
									"name": "study_country__v",
									"type": "String"
								}
							},
							{
								"source": {
									"path": "['study_country__vr.external_id__v']"
								},
								"sink": {
									"name": "study_country__vr.external_id__v",
									"type": "String"
								}
							},
							{
								"source": {
									"path": "['study__v']"
								},
								"sink": {
									"name": "study__v",
									"type": "String"
								}
							},
							{
								"source": {
									"path": "['study__vr.external_id__v']"
								},
								"sink": {
									"name": "study__vr.external_id__v",
									"type": "String"
								}
							},
							{
								"source": {
									"path": "['name__v']"
								},
								"sink": {
									"name": "name__v",
									"type": "String"
								}
							},
							{
								"source": {
									"path": "['actual_start_date__v']"
								},
								"sink": {
									"name": "actual_start_date__v",
									"type": "String"
								}
							},
							{
								"source": {
									"path": "['actual_finish_date__v']"
								},
								"sink": {
									"name": "actual_finish_date__v",
									"type": "String"
								}
							},
							{
								"source": {
									"path": "['milestone_type__v'][0]"
								},
								"sink": {
									"name": "milestone_type__v",
									"type": "String"
								}
							}
						],
						"collectionReference": "$['data']",
						"mapComplexValuesToString": true
					}
				},
				"inputs": [
					{
						"referenceName": "iCore_brz_milestone_json",
						"type": "DatasetReference"
					}
				],
				"outputs": [
					{
						"referenceName": "iCore_brz_milestone_csv",
						"type": "DatasetReference"
					}
				]
			}
		],
		"folder": {
			"name": "ICORE_ZAIDEN"
		},
		"annotations": []
	}
}