{
	"name": "PL_LOAD_DISTRIBUTOR",
	"properties": {
		"activities": [
			{
				"name": "Stg_Distributor_IDAC",
				"type": "ExecuteDataFlow",
				"dependsOn": [],
				"policy": {
					"timeout": "0.12:00:00",
					"retry": 0,
					"retryIntervalInSeconds": 30,
					"secureOutput": false,
					"secureInput": false
				},
				"userProperties": [],
				"typeProperties": {
					"dataflow": {
						"referenceName": "df_LOAD_STG_DISTRIBUTOR_IDAC",
						"type": "DataFlowReference",
						"parameters": {
							"Created_BY": "'test'",
							"ETL_ID": {
								"value": "'@{pipeline().RunId}'",
								"type": "Expression"
							}
						}
					},
					"integrationRuntime": {
						"referenceName": "IR-AZURE-VNET",
						"type": "IntegrationRuntimeReference"
					},
					"traceLevel": "Fine"
				}
			},
			{
				"name": "LoadDimDistributor",
				"type": "ExecuteDataFlow",
				"dependsOn": [
					{
						"activity": "df_LOAD_STG_DISTRIBUTOR_ICS",
						"dependencyConditions": [
							"Succeeded"
						]
					},
					{
						"activity": "Stg_Distributor_IDAC",
						"dependencyConditions": [
							"Succeeded"
						]
					}
				],
				"policy": {
					"timeout": "0.12:00:00",
					"retry": 0,
					"retryIntervalInSeconds": 30,
					"secureOutput": false,
					"secureInput": false
				},
				"userProperties": [],
				"typeProperties": {
					"dataflow": {
						"referenceName": "df_LOAD_D_DISTRIBUTOR",
						"type": "DataFlowReference",
						"parameters": {
							"CreatedBY": "'test'",
							"ETL_ID": {
								"value": "'@{pipeline().RunId}'",
								"type": "Expression"
							}
						}
					},
					"integrationRuntime": {
						"referenceName": "IR-AZURE-VNET",
						"type": "IntegrationRuntimeReference"
					},
					"traceLevel": "Fine"
				}
			},
			{
				"name": "df_LOAD_STG_DISTRIBUTOR_ICS",
				"type": "ExecuteDataFlow",
				"dependsOn": [],
				"policy": {
					"timeout": "0.12:00:00",
					"retry": 0,
					"retryIntervalInSeconds": 30,
					"secureOutput": false,
					"secureInput": false
				},
				"userProperties": [],
				"typeProperties": {
					"dataflow": {
						"referenceName": "df_LOAD_STG_DISTRIBUTOR_ICS",
						"type": "DataFlowReference",
						"parameters": {
							"Created_BY": "'test'",
							"ETL_ID": {
								"value": "'@{pipeline().RunId}'",
								"type": "Expression"
							}
						}
					},
					"compute": {
						"coreCount": 8,
						"computeType": "General"
					},
					"traceLevel": "Fine"
				}
			}
		],
		"folder": {
			"name": "INFORMATICA_PIPELINES/GLOBALDWPIPELINES"
		},
		"annotations": []
	}
}