{
	"name": "PL_LOAD_PRODUCT",
	"properties": {
		"activities": [
			{
				"name": "StgProductICS",
				"type": "ExecuteDataFlow",
				"dependsOn": [],
				"policy": {
					"timeout": "0.12:00:00",
					"retry": 0,
					"retryIntervalInSeconds": 30,
					"secureOutput": false,
					"secureInput": false
				},
				"userProperties": [],
				"typeProperties": {
					"dataflow": {
						"referenceName": "df_LOAD_STG_PRODUCT_ICS",
						"type": "DataFlowReference",
						"parameters": {
							"CREATED_BY": "'test'",
							"ETL_ID": {
								"value": "'@{pipeline().RunId}'",
								"type": "Expression"
							}
						}
					},
					"integrationRuntime": {
						"referenceName": "IR-AZURE-VNET",
						"type": "IntegrationRuntimeReference"
					},
					"traceLevel": "Fine"
				}
			},
			{
				"name": "StgProductIDAC",
				"type": "ExecuteDataFlow",
				"dependsOn": [],
				"policy": {
					"timeout": "0.12:00:00",
					"retry": 0,
					"retryIntervalInSeconds": 30,
					"secureOutput": false,
					"secureInput": false
				},
				"userProperties": [],
				"typeProperties": {
					"dataflow": {
						"referenceName": "df_LOAD_STG_PRODUCT_IDAC",
						"type": "DataFlowReference",
						"parameters": {
							"CREATED_BY": "'test'",
							"ETL_ID": {
								"value": "'@{pipeline().RunId}'",
								"type": "Expression"
							}
						}
					},
					"integrationRuntime": {
						"referenceName": "IR-AZURE-VNET",
						"type": "IntegrationRuntimeReference"
					},
					"traceLevel": "Fine"
				}
			},
			{
				"name": "LoadDimProduct",
				"type": "ExecuteDataFlow",
				"dependsOn": [
					{
						"activity": "StgProductICS",
						"dependencyConditions": [
							"Succeeded"
						]
					},
					{
						"activity": "StgProductIDAC",
						"dependencyConditions": [
							"Succeeded"
						]
					}
				],
				"policy": {
					"timeout": "0.12:00:00",
					"retry": 0,
					"retryIntervalInSeconds": 30,
					"secureOutput": false,
					"secureInput": false
				},
				"userProperties": [],
				"typeProperties": {
					"dataflow": {
						"referenceName": "df_LOAD_D_PRODUCT",
						"type": "DataFlowReference",
						"parameters": {
							"CREATED_BY": "'TEST'",
							"ETL_ID": {
								"value": "'@{pipeline().RunId}'",
								"type": "Expression"
							}
						}
					},
					"integrationRuntime": {
						"referenceName": "IR-AZURE-VNET",
						"type": "IntegrationRuntimeReference"
					},
					"traceLevel": "Fine"
				}
			}
		],
		"folder": {
			"name": "INFORMATICA_PIPELINES/GLOBALDWPIPELINES"
		},
		"annotations": []
	}
}