{
	"name": "PL_LOAD_INVOICE_DATA",
	"properties": {
		"activities": [
			{
				"name": "LOAD_STG_INVOICE_LINE_ICS",
				"type": "ExecuteDataFlow",
				"dependsOn": [],
				"policy": {
					"timeout": "0.12:00:00",
					"retry": 0,
					"retryIntervalInSeconds": 30,
					"secureOutput": false,
					"secureInput": false
				},
				"userProperties": [],
				"typeProperties": {
					"dataflow": {
						"referenceName": "df_LOAD_STG_INVOICE_LINE_ICS",
						"type": "DataFlowReference",
						"parameters": {
							"Created_by": {
								"value": "'@{pipeline().Pipeline}'",
								"type": "Expression"
							},
							"etl_id": {
								"value": "'@{pipeline().RunId}'",
								"type": "Expression"
							},
							"Modified_by": {
								"value": "'@{pipeline().TriggerName}'",
								"type": "Expression"
							}
						}
					},
					"integrationRuntime": {
						"referenceName": "IR-AZURE-VNET",
						"type": "IntegrationRuntimeReference"
					},
					"traceLevel": "Fine"
				}
			},
			{
				"name": "LOAD_STG_INVOICE_HDR_ICS",
				"type": "ExecuteDataFlow",
				"state": "Inactive",
				"onInactiveMarkAs": "Succeeded",
				"dependsOn": [],
				"policy": {
					"timeout": "0.12:00:00",
					"retry": 0,
					"retryIntervalInSeconds": 30,
					"secureOutput": false,
					"secureInput": false
				},
				"userProperties": [],
				"typeProperties": {
					"dataflow": {
						"referenceName": "df_LOAD_STG_INVOICE_HDR_ICS",
						"type": "DataFlowReference",
						"parameters": {
							"Created_by": {
								"value": "'@{pipeline().TriggerName}'",
								"type": "Expression"
							},
							"etl_id": {
								"value": "'@{pipeline().RunId}'",
								"type": "Expression"
							},
							"Modified_by": {
								"value": "'@{pipeline().Pipeline}'",
								"type": "Expression"
							}
						}
					},
					"compute": {
						"coreCount": 8,
						"computeType": "General"
					},
					"traceLevel": "Fine"
				}
			},
			{
				"name": "LOAD_STG_SLS_ORD_HRD_ICS",
				"type": "ExecuteDataFlow",
				"state": "Inactive",
				"onInactiveMarkAs": "Succeeded",
				"dependsOn": [],
				"policy": {
					"timeout": "0.12:00:00",
					"retry": 0,
					"retryIntervalInSeconds": 30,
					"secureOutput": false,
					"secureInput": false
				},
				"userProperties": [],
				"typeProperties": {
					"dataflow": {
						"referenceName": "df_LOAD_STG_SLS_ORD_HRD_ICS",
						"type": "DataFlowReference",
						"parameters": {
							"created_by": {
								"value": "'@{pipeline().Pipeline}'",
								"type": "Expression"
							},
							"etl_id": {
								"value": "'@{pipeline().RunId}'",
								"type": "Expression"
							},
							"modified_by": {
								"value": "'@{pipeline().TriggerName}'",
								"type": "Expression"
							}
						}
					},
					"compute": {
						"coreCount": 8,
						"computeType": "General"
					},
					"traceLevel": "Fine"
				}
			},
			{
				"name": "LOAD_STG_INVOICE",
				"type": "Copy",
				"state": "Inactive",
				"onInactiveMarkAs": "Succeeded",
				"dependsOn": [
					{
						"activity": "LOAD_STG_INVOICE_LINE_ICS",
						"dependencyConditions": [
							"Succeeded"
						]
					},
					{
						"activity": "LOAD_STG_SLS_ORD_HRD_ICS",
						"dependencyConditions": [
							"Succeeded"
						]
					},
					{
						"activity": "LOAD_STG_INVOICE_HDR_ICS",
						"dependencyConditions": [
							"Succeeded"
						]
					}
				],
				"policy": {
					"timeout": "0.12:00:00",
					"retry": 0,
					"retryIntervalInSeconds": 30,
					"secureOutput": false,
					"secureInput": false
				},
				"userProperties": [],
				"typeProperties": {
					"source": {
						"type": "AzureSqlSource",
						"additionalColumns": [
							{
								"name": "CREATED_BY",
								"value": {
									"value": "@pipeline().Pipeline",
									"type": "Expression"
								}
							},
							{
								"name": "ETL_ID",
								"value": {
									"value": "@pipeline().RunId",
									"type": "Expression"
								}
							},
							{
								"name": "SRC_TYPE",
								"value": "ICS"
							},
							{
								"name": "CREATED_DT",
								"value": {
									"value": "@utcnow()",
									"type": "Expression"
								}
							}
						],
						"sqlReaderQuery": "SELECT\nL.INVNBR,\nL.INVLINENBR,\nL.INVDT,\nL.ORDNBR,\nL.ORDLINENBR,\nH.CUSTNBR,\nH.CUSTNM,\nL.CUSTCTGRY1,\nH.INVCUSTNBR,\nH.TERMSOFPYMT,\nH.TERMSOFPYMTDESCR,\nH.TERMSOFDELIVERY,\nH.MANNEROFTRNSPRT,\nH.MANNEROFTRNSPRTDESCR,\nH.ORDDT,\nH.ORDLINESTOTAL,\nH.ORDTOTAL,\nH.INVAMTEXCLUDINGVAT,\nH.INVTAXAMT,\nH.INVAMTINCLUDINGVAT,\nH.INVADJUSTMENTAMT,\nH.DUEDT,\nS.HANDLER,\nL.DEBTORNBR,\nH.REFERENCENBR,\ntrim(replace(PRODCD,'  R','')) as PRODCD,\nL.PRODCDDESCR,\nL.ORDTYPE,\nL.ORDTYPEDESCR,\nL.SLSPRICE,\nL.INVDQTYSLSUNIT,\nL.AMT,\nL.RETAILPRICE,\nL.NETPRICE,\nL.FREEOFCHARGE,\nL.WRHSNBR,\nL.PRODCTGRY1,\nS.HOLDORD,\nS.ORDCTGRY,\nS.ORDCTGRYDESCR,\nS.CUSTACCTGRP,\nS.ACCTGRPDESCR\nFROM\nSTG_INV_LINE_ICS L\nLEFT JOIN STG_INV_HDR_ICS H ON\n  L.INVNBR = H.INVNBR\nLEFT JOIN STG_SLS_ORD_HDR_ICS S ON\n  H.ORDNBR = S.ORDNBR\n\n ",
						"queryTimeout": "02:00:00",
						"partitionOption": "None"
					},
					"sink": {
						"type": "AzureSqlSink",
						"writeBehavior": "insert",
						"sqlWriterUseTableLock": false,
						"disableMetricsCollection": false
					},
					"enableStaging": false,
					"translator": {
						"type": "TabularTranslator",
						"typeConversion": true,
						"typeConversionSettings": {
							"allowDataTruncation": true,
							"treatBooleanAsNumber": false
						}
					}
				},
				"inputs": [
					{
						"referenceName": "Global_DW_Connection",
						"type": "DatasetReference"
					}
				],
				"outputs": [
					{
						"referenceName": "LOAD_STG_INVOICE",
						"type": "DatasetReference"
					}
				]
			},
			{
				"name": "df_LOAD_CREDIT_NOTES",
				"type": "ExecuteDataFlow",
				"state": "Inactive",
				"onInactiveMarkAs": "Succeeded",
				"dependsOn": [],
				"policy": {
					"timeout": "0.12:00:00",
					"retry": 0,
					"retryIntervalInSeconds": 30,
					"secureOutput": false,
					"secureInput": false
				},
				"userProperties": [],
				"typeProperties": {
					"dataflow": {
						"referenceName": "df_LOAD_CREDIT_NOTES",
						"type": "DataFlowReference"
					},
					"compute": {
						"coreCount": 8,
						"computeType": "General"
					},
					"traceLevel": "Fine"
				}
			},
			{
				"name": "df_LOAD_STG_INVOICE_IDAC",
				"type": "ExecuteDataFlow",
				"state": "Inactive",
				"onInactiveMarkAs": "Succeeded",
				"dependsOn": [],
				"policy": {
					"timeout": "0.12:00:00",
					"retry": 0,
					"retryIntervalInSeconds": 30,
					"secureOutput": false,
					"secureInput": false
				},
				"userProperties": [],
				"typeProperties": {
					"dataflow": {
						"referenceName": "df_LOAD_STG_INVOICE_IDAC",
						"type": "DataFlowReference"
					},
					"compute": {
						"coreCount": 8,
						"computeType": "General"
					},
					"traceLevel": "Fine"
				}
			},
			{
				"name": "df_LOAD_F_INVOICE",
				"type": "ExecuteDataFlow",
				"state": "Inactive",
				"onInactiveMarkAs": "Succeeded",
				"dependsOn": [
					{
						"activity": "df_LOAD_CREDIT_NOTES",
						"dependencyConditions": [
							"Succeeded"
						]
					},
					{
						"activity": "df_LOAD_STG_INVOICE_IDAC",
						"dependencyConditions": [
							"Succeeded"
						]
					},
					{
						"activity": "LOAD_STG_INVOICE",
						"dependencyConditions": [
							"Succeeded"
						]
					}
				],
				"policy": {
					"timeout": "0.12:00:00",
					"retry": 0,
					"retryIntervalInSeconds": 30,
					"secureOutput": false,
					"secureInput": false
				},
				"userProperties": [],
				"typeProperties": {
					"dataflow": {
						"referenceName": "df_LOAD_F_INVOICE",
						"type": "DataFlowReference",
						"parameters": {
							"CREATED_BY": {
								"value": "'@{pipeline().Pipeline}'",
								"type": "Expression"
							},
							"ETL_ID": {
								"value": "'@{pipeline().TriggerId}'",
								"type": "Expression"
							}
						}
					},
					"integrationRuntime": {
						"referenceName": "IR-AZURE-VNET",
						"type": "IntegrationRuntimeReference"
					},
					"traceLevel": "Fine"
				}
			}
		],
		"folder": {
			"name": "INFORMATICA_PIPELINES/GLOBALDWPIPELINES"
		},
		"annotations": []
	}
}