{
	"name": "pl_LOAD_ARIBA_SPEND_FOR_MEDISPEND",
	"properties": {
		"description": "Nightly load of Spend files from Ariba to staging tables.",
		"activities": [
			{
				"name": "SFTP Ariba Spend",
				"description": "",
				"type": "Copy",
				"dependsOn": [
					{
						"activity": "Archive Prev Dailyfiles",
						"dependencyConditions": [
							"Completed"
						]
					}
				],
				"policy": {
					"timeout": "0.12:00:00",
					"retry": 0,
					"retryIntervalInSeconds": 30,
					"secureOutput": false,
					"secureInput": false
				},
				"userProperties": [],
				"typeProperties": {
					"source": {
						"type": "DelimitedTextSource",
						"storeSettings": {
							"type": "AzureBlobFSReadSettings",
							"recursive": true,
							"wildcardFileName": "text.csv",
							"enablePartitionDiscovery": false
						},
						"formatSettings": {
							"type": "DelimitedTextReadSettings"
						}
					},
					"sink": {
						"type": "DelimitedTextSink",
						"storeSettings": {
							"type": "AzureBlobFSWriteSettings"
						},
						"formatSettings": {
							"type": "DelimitedTextWriteSettings",
							"quoteAllText": true,
							"fileExtension": ".txt"
						}
					},
					"enableStaging": false,
					"translator": {
						"type": "TabularTranslator",
						"typeConversion": true,
						"typeConversionSettings": {
							"allowDataTruncation": true,
							"treatBooleanAsNumber": false
						}
					}
				},
				"inputs": [
					{
						"referenceName": "DS_SFTP_VEEVA_TO_ARIBA",
						"type": "DatasetReference"
					}
				],
				"outputs": [
					{
						"referenceName": "DS_SFTP_VEEVA_TO_ARIBA",
						"type": "DatasetReference"
					}
				]
			},
			{
				"name": "Load STG table",
				"type": "Copy",
				"dependsOn": [
					{
						"activity": "SFTP Ariba Spend",
						"dependencyConditions": [
							"Succeeded"
						]
					}
				],
				"policy": {
					"timeout": "0.12:00:00",
					"retry": 0,
					"retryIntervalInSeconds": 30,
					"secureOutput": false,
					"secureInput": false
				},
				"userProperties": [],
				"typeProperties": {
					"source": {
						"type": "DelimitedTextSource",
						"storeSettings": {
							"type": "AzureBlobFSReadSettings",
							"recursive": true,
							"wildcardFileName": "text.csv",
							"enablePartitionDiscovery": false
						},
						"formatSettings": {
							"type": "DelimitedTextReadSettings"
						}
					},
					"sink": {
						"type": "DelimitedTextSink",
						"storeSettings": {
							"type": "AzureBlobFSWriteSettings"
						},
						"formatSettings": {
							"type": "DelimitedTextWriteSettings",
							"quoteAllText": true,
							"fileExtension": ".txt"
						}
					},
					"enableStaging": false,
					"translator": {
						"type": "TabularTranslator",
						"typeConversion": true,
						"typeConversionSettings": {
							"allowDataTruncation": true,
							"treatBooleanAsNumber": false
						}
					}
				},
				"inputs": [
					{
						"referenceName": "DS_SFTP_VEEVA_TO_ARIBA",
						"type": "DatasetReference"
					}
				],
				"outputs": [
					{
						"referenceName": "DS_SFTP_VEEVA_TO_ARIBA",
						"type": "DatasetReference"
					}
				]
			},
			{
				"name": "sp_ETL_STG_UPDATE",
				"type": "SqlServerStoredProcedure",
				"dependsOn": [
					{
						"activity": "Load STG table",
						"dependencyConditions": [
							"Succeeded"
						]
					}
				],
				"policy": {
					"timeout": "0.12:00:00",
					"retry": 0,
					"retryIntervalInSeconds": 30,
					"secureOutput": false,
					"secureInput": false
				},
				"userProperties": [],
				"typeProperties": {
					"storedProcedureName": "[MDS].[ETL_STG_UPDATE]",
					"storedProcedureParameters": {
						"ETL_POP_BY": {
							"value": {
								"value": "@pipeline().Pipeline",
								"type": "Expression"
							},
							"type": "String"
						},
						"ETL_SRC": {
							"value": null,
							"type": "String"
						},
						"ETL_TBL_NM": {
							"value": "CDW_MEDI_SPEND_PSAP_STG",
							"type": "String"
						},
						"NUM_ROWS": {
							"value": {
								"value": "@variables('NUM_ROWS')",
								"type": "Expression"
							},
							"type": "Int32"
						}
					}
				},
				"linkedServiceName": {
					"referenceName": "AZSQLVM",
					"type": "LinkedServiceReference"
				}
			},
			{
				"name": "Archive Prev Dailyfiles",
				"type": "Copy",
				"dependsOn": [],
				"policy": {
					"timeout": "0.12:00:00",
					"retry": 0,
					"retryIntervalInSeconds": 30,
					"secureOutput": false,
					"secureInput": false
				},
				"userProperties": [],
				"typeProperties": {
					"source": {
						"type": "AzureSqlSource",
						"queryTimeout": "02:00:00",
						"partitionOption": "None"
					},
					"sink": {
						"type": "AzureSqlSink",
						"writeBehavior": "insert",
						"sqlWriterUseTableLock": false
					},
					"enableStaging": false,
					"translator": {
						"type": "TabularTranslator",
						"typeConversion": true,
						"typeConversionSettings": {
							"allowDataTruncation": true,
							"treatBooleanAsNumber": false
						}
					}
				},
				"inputs": [
					{
						"referenceName": "API_FAC_FAIRMOVE",
						"type": "DatasetReference"
					}
				],
				"outputs": [
					{
						"referenceName": "API_FAC_FAIRMOVE",
						"type": "DatasetReference"
					}
				]
			},
			{
				"name": "pl_ARIBA_SPEND_INS_CR_XREF",
				"description": "insert new xref rows for CRs from Spend file that are not in the xref table",
				"type": "SqlServerStoredProcedure",
				"dependsOn": [
					{
						"activity": "sp_ETL_STG_UPDATE",
						"dependencyConditions": [
							"Succeeded"
						]
					}
				],
				"policy": {
					"timeout": "0.12:00:00",
					"retry": 0,
					"retryIntervalInSeconds": 30,
					"secureOutput": false,
					"secureInput": false
				},
				"userProperties": [],
				"typeProperties": {
					"storedProcedureName": "[dbo].[sp_Invoice_Daily_FDW]"
				},
				"linkedServiceName": {
					"referenceName": "Global_DB_Connection",
					"type": "LinkedServiceReference"
				}
			},
			{
				"name": "pl_LOAD_FRANCE_CONTRACT_SPEND",
				"description": "Create Contract Spend rows (currently only used for France) from Staging Spend",
				"type": "SqlServerStoredProcedure",
				"dependsOn": [
					{
						"activity": "pl_ARIBA_SPEND_INS_CR_XREF",
						"dependencyConditions": [
							"Succeeded"
						]
					}
				],
				"policy": {
					"timeout": "0.12:00:00",
					"retry": 0,
					"retryIntervalInSeconds": 30,
					"secureOutput": false,
					"secureInput": false
				},
				"userProperties": [],
				"typeProperties": {
					"storedProcedureName": "[MDS].[pl_LOAD_FRANCE_CONTRACT_SPEND]"
				},
				"linkedServiceName": {
					"referenceName": "AZSQLVM",
					"type": "LinkedServiceReference"
				}
			},
			{
				"name": "FR_CTRT_UPD_PSAP_STG",
				"description": "Nature and Purpose for France spend must be updated to values used by France using lookup table: CDW_MEDI_LKP_SPEND_PURP_FR",
				"type": "SqlServerStoredProcedure",
				"dependsOn": [
					{
						"activity": "pl_LOAD_FRANCE_CONTRACT_SPEND",
						"dependencyConditions": [
							"Succeeded"
						]
					}
				],
				"policy": {
					"timeout": "0.12:00:00",
					"retry": 0,
					"retryIntervalInSeconds": 30,
					"secureOutput": false,
					"secureInput": false
				},
				"userProperties": [],
				"typeProperties": {
					"storedProcedureName": "[MDS].[pl_LOAD_FRANCE_CONTRACT_SPEND]"
				},
				"linkedServiceName": {
					"referenceName": "AZSQLVM",
					"type": "LinkedServiceReference"
				}
			}
		],
		"parameters": {
			"LZONE_PATH": {
				"type": "string",
				"defaultValue": "SAPCPI/DEV/Outbound"
			},
			"MDS_SERVER": {
				"type": "string",
				"defaultValue": "AZU-MCPSQLUAT.ds.incyte.com"
			},
			"MDS_DB": {
				"type": "string",
				"defaultValue": "AZURE_MIGRATION_DEV"
			},
			"MDS_ACCT": {
				"type": "string",
				"defaultValue": "ETLDBADMIN"
			},
			"MDS_KV_SECRET": {
				"type": "string",
				"defaultValue": "AZURE-VM-UAT"
			},
			"MDS_TABLE": {
				"type": "string",
				"defaultValue": "CDW_MEDI_SPEND_PSAP_STG"
			}
		},
		"variables": {
			"NUM_ROWS": {
				"type": "Integer"
			}
		},
		"folder": {
			"name": "MediSpend"
		},
		"annotations": []
	}
}