{
	"name": "PL_LOAD_INNOMAR_FEED",
	"properties": {
		"activities": [
			{
				"name": "df_LOAD_STG_INVOICE_LINE_INNOMAR",
				"type": "ExecuteDataFlow",
				"dependsOn": [],
				"policy": {
					"timeout": "0.12:00:00",
					"retry": 0,
					"retryIntervalInSeconds": 30,
					"secureOutput": false,
					"secureInput": false
				},
				"userProperties": [],
				"typeProperties": {
					"dataflow": {
						"referenceName": "df_LOAD_STG_INVOICE_LINE_INNOMAR",
						"type": "DataFlowReference",
						"parameters": {
							"Created_by": {
								"value": "'@{pipeline().DataFactory}'",
								"type": "Expression"
							},
							"etl_id": {
								"value": "'@{pipeline().RunId}'",
								"type": "Expression"
							}
						}
					},
					"compute": {
						"coreCount": 8,
						"computeType": "General"
					},
					"traceLevel": "Fine"
				}
			},
			{
				"name": "df_LOAD_STG_SLS_ORD_HRD_INNOMAR",
				"type": "ExecuteDataFlow",
				"dependsOn": [],
				"policy": {
					"timeout": "0.12:00:00",
					"retry": 0,
					"retryIntervalInSeconds": 30,
					"secureOutput": false,
					"secureInput": false
				},
				"userProperties": [],
				"typeProperties": {
					"dataflow": {
						"referenceName": "df_LOAD_STG_SLS_ORD_HRD_INNOMAR",
						"type": "DataFlowReference",
						"parameters": {
							"created_by": {
								"value": "'@{pipeline().DataFactory}'",
								"type": "Expression"
							},
							"etl_id": {
								"value": "'@{pipeline().RunId}'",
								"type": "Expression"
							}
						}
					},
					"compute": {
						"coreCount": 8,
						"computeType": "General"
					},
					"traceLevel": "Fine"
				}
			},
			{
				"name": "df_LOAD_STG_INVOICE_HDR_INNOMAR1",
				"type": "ExecuteDataFlow",
				"dependsOn": [],
				"policy": {
					"timeout": "0.12:00:00",
					"retry": 0,
					"retryIntervalInSeconds": 30,
					"secureOutput": false,
					"secureInput": false
				},
				"userProperties": [],
				"typeProperties": {
					"dataflow": {
						"referenceName": "df_LOAD_STG_INVOICE_HDR_INNOMAR",
						"type": "DataFlowReference",
						"parameters": {
							"Created_by": {
								"value": "'@{pipeline().DataFactory}'",
								"type": "Expression"
							},
							"etl_id": {
								"value": "'@{pipeline().RunId}'",
								"type": "Expression"
							}
						}
					},
					"compute": {
						"coreCount": 8,
						"computeType": "General"
					},
					"traceLevel": "Fine"
				}
			}
		],
		"folder": {
			"name": "INFORMATICA_PIPELINES/GLOBALDWPIPELINES"
		},
		"annotations": []
	}
}