{
	"name": "PL_MASTER_LOAD_INVOICE",
	"properties": {
		"activities": [
			{
				"name": "LoadDistributor",
				"type": "ExecutePipeline",
				"dependsOn": [],
				"policy": {
					"secureInput": false
				},
				"userProperties": [],
				"typeProperties": {
					"pipeline": {
						"referenceName": "PL_LOAD_DISTRIBUTOR",
						"type": "PipelineReference"
					},
					"waitOnCompletion": true
				}
			},
			{
				"name": "LoadProduct",
				"type": "ExecutePipeline",
				"dependsOn": [
					{
						"activity": "LoadDistributor",
						"dependencyConditions": [
							"Succeeded"
						]
					}
				],
				"policy": {
					"secureInput": false
				},
				"userProperties": [],
				"typeProperties": {
					"pipeline": {
						"referenceName": "PL_LOAD_PRODUCT",
						"type": "PipelineReference"
					},
					"waitOnCompletion": true
				}
			},
			{
				"name": "LoadInvoiceData",
				"type": "ExecutePipeline",
				"dependsOn": [
					{
						"activity": "LoadProduct",
						"dependencyConditions": [
							"Succeeded"
						]
					}
				],
				"policy": {
					"secureInput": false
				},
				"userProperties": [],
				"typeProperties": {
					"pipeline": {
						"referenceName": "PL_LOAD_INVOICE_DATA",
						"type": "PipelineReference"
					},
					"waitOnCompletion": true
				}
			}
		],
		"folder": {
			"name": "INFORMATICA_PIPELINES/GLOBALDWPIPELINES"
		},
		"annotations": []
	}
}