{
	"name": "pl_MEDI_CDW_PRODUCT_COMPOUND",
	"properties": {
		"activities": [
			{
				"name": "Fail Pipeline",
				"type": "Fail",
				"state": "Inactive",
				"onInactiveMarkAs": "Succeeded",
				"dependsOn": [
					{
						"activity": "Failure Email",
						"dependencyConditions": [
							"Completed"
						]
					}
				],
				"userProperties": [],
				"typeProperties": {
					"message": {
						"value": "@{pipeline().Pipeline} Failed",
						"type": "Expression"
					},
					"errorCode": "500"
				}
			},
			{
				"name": "Failure Email",
				"description": "Fail job if any copy step fails\n",
				"type": "WebActivity",
				"state": "Inactive",
				"onInactiveMarkAs": "Succeeded",
				"dependsOn": [
					{
						"activity": "If File Found",
						"dependencyConditions": [
							"Failed"
						]
					}
				],
				"policy": {
					"timeout": "0.12:00:00",
					"retry": 0,
					"retryIntervalInSeconds": 30,
					"secureOutput": false,
					"secureInput": false
				},
				"userProperties": [],
				"typeProperties": {
					"method": "POST",
					"url": "https://logic-dis-workflows.azurewebsites.net:443/api/SendEmailAlert/triggers/When_a_HTTP_request_is_received/invoke?api-version=2022-05-01&sp=%2Ftriggers%2FWhen_a_HTTP_request_is_received%2Frun&sv=1.0&sig=asaprmw36yWg1sZiAG2ea2JhlgAiekUnxzcGBpwcc90",
					"body": {
						"value": "{\n    \"title\": \"@{pipeline().Pipeline} Failed\",\n    \"message\": \"CopyMEDI CDW PRODUCT COMPOUND Failed, please review below details for debugging.\",\n    \"color\": \"Red\",\n    \"dataFactoryName\": \"@{pipeline().DataFactory}\",\n    \"pipelineName\": \"@{pipeline().Pipeline}\",\n    \"pipelineRunId\": \"@{pipeline().RunId}\",\n    \"time\": \"@{utcNow()}\" ,\n    \"toaddress\": \"@{pipeline().parameters.SUPPORT_EMAIL}\"\n}",
						"type": "Expression"
					}
				}
			},
			{
				"name": "ArchiveEncrPrevFiles",
				"description": "",
				"type": "Copy",
				"state": "Inactive",
				"onInactiveMarkAs": "Succeeded",
				"dependsOn": [],
				"policy": {
					"timeout": "0.12:00:00",
					"retry": 0,
					"retryIntervalInSeconds": 30,
					"secureOutput": false,
					"secureInput": false
				},
				"userProperties": [],
				"typeProperties": {
					"source": {
						"type": "BinarySource",
						"storeSettings": {
							"type": "AzureBlobStorageReadSettings",
							"recursive": false,
							"wildcardFolderPath": "TgtFiles_MEDI_CONCUR/Concur_Product_Compound/Encrypted",
							"wildcardFileName": "*.pgp",
							"deleteFilesAfterCompletion": true
						},
						"formatSettings": {
							"type": "BinaryReadSettings"
						}
					},
					"sink": {
						"type": "BinarySink",
						"storeSettings": {
							"type": "AzureBlobStorageWriteSettings",
							"copyBehavior": "PreserveHierarchy"
						}
					},
					"enableStaging": false
				},
				"inputs": [
					{
						"referenceName": "MEDI_DECRYPTED",
						"type": "DatasetReference"
					}
				],
				"outputs": [
					{
						"referenceName": "MEDI_ARCHIVE",
						"type": "DatasetReference",
						"parameters": {
							"ARCHIVE_PATH": {
								"value": "@concat('TgtFiles_MEDI_CONCUR/Concur_Product_Compound/Archive/',formatDateTime(convertFromUtc(utcnow(),'Eastern Standard Time'),'yyyy-MM-ddTHHmmss'))",
								"type": "Expression"
							}
						}
					}
				]
			},
			{
				"name": "Check File Product Compound",
				"type": "GetMetadata",
				"dependsOn": [],
				"policy": {
					"timeout": "0.12:00:00",
					"retry": 0,
					"retryIntervalInSeconds": 30,
					"secureOutput": false,
					"secureInput": false
				},
				"userProperties": [],
				"typeProperties": {
					"dataset": {
						"referenceName": "DS_SOURCE_FILE_CHECK",
						"type": "DatasetReference",
						"parameters": {
							"FilePath": "Medispend_Concur/DAILY_INBOUND",
							"Filename": "MEDI_CDW_PRODUCT_COMPOUND*.TXT"
						}
					},
					"fieldList": [
						"childItems"
					],
					"storeSettings": {
						"type": "AzureBlobFSReadSettings",
						"recursive": true,
						"enablePartitionDiscovery": false
					},
					"formatSettings": {
						"type": "DelimitedTextReadSettings"
					}
				}
			},
			{
				"name": "If File Found",
				"type": "IfCondition",
				"dependsOn": [
					{
						"activity": "Check File Product Compound",
						"dependencyConditions": [
							"Succeeded"
						]
					}
				],
				"userProperties": [],
				"typeProperties": {
					"expression": {
						"value": "@contains(string(json(string(activity('Check File Product Compound').output.childItems))),'MEDI_CDW_PRODUCT_COMPOUND')",
						"type": "Expression"
					},
					"ifFalseActivities": [
						{
							"name": "Email",
							"description": "Fail job if any copy step fails\n",
							"type": "WebActivity",
							"dependsOn": [],
							"policy": {
								"timeout": "0.12:00:00",
								"retry": 0,
								"retryIntervalInSeconds": 30,
								"secureOutput": false,
								"secureInput": false
							},
							"userProperties": [],
							"typeProperties": {
								"method": "POST",
								"url": "https://logic-dis-workflows.azurewebsites.net:443/api/SendEmailAlert/triggers/When_a_HTTP_request_is_received/invoke?api-version=2022-05-01&sp=%2Ftriggers%2FWhen_a_HTTP_request_is_received%2Frun&sv=1.0&sig=asaprmw36yWg1sZiAG2ea2JhlgAiekUnxzcGBpwcc90",
								"body": {
									"value": "{\n    \"title\": \"MEDI_CDW_PRODUCT_COMPOUND.TXT File Unavailable\",\n    \"message\": \"MEDI_CDW_PRODUCT_COMPOUND.TXT File Unavailable.\",\n    \"color\": \"Red\",\n    \"dataFactoryName\": \"@{pipeline().DataFactory}\",\n    \"pipelineName\": \"@{pipeline().Pipeline}\",\n    \"pipelineRunId\": \"@{pipeline().RunId}\",\n    \"time\": \"@{utcNow()}\" ,\n    \"toaddress\": \"@{pipeline().parameters.SUPPORT_EMAIL}\"\n}",
									"type": "Expression"
								}
							}
						}
					],
					"ifTrueActivities": [
						{
							"name": "Copy CDW_MEDI_PRODUCT_COMPOUND_STG",
							"description": "",
							"type": "Copy",
							"dependsOn": [],
							"policy": {
								"timeout": "0.12:00:00",
								"retry": 0,
								"retryIntervalInSeconds": 30,
								"secureOutput": false,
								"secureInput": false
							},
							"userProperties": [],
							"typeProperties": {
								"source": {
									"type": "DelimitedTextSource",
									"additionalColumns": [
										{
											"name": "UTC",
											"value": {
												"value": "@utcnow()",
												"type": "Expression"
											}
										}
									],
									"storeSettings": {
										"type": "AzureBlobFSReadSettings",
										"recursive": true,
										"wildcardFileName": "MEDI_CDW_PRODUCT_COMPOUND_*.TXT",
										"enablePartitionDiscovery": false
									},
									"formatSettings": {
										"type": "DelimitedTextReadSettings"
									}
								},
								"sink": {
									"type": "SqlServerSink",
									"preCopyScript": "DELETE FROM MDS.CDW_MEDI_PRODUCT_COMPOUND_STG",
									"writeBehavior": "insert",
									"sqlWriterUseTableLock": false
								},
								"enableStaging": false,
								"translator": {
									"type": "TabularTranslator",
									"mappings": [
										{
											"source": {
												"name": "ProductName",
												"type": "String",
												"physicalType": "String"
											},
											"sink": {
												"name": "ProductName",
												"type": "String",
												"physicalType": "varchar"
											}
										},
										{
											"source": {
												"name": "ProductIdentifier",
												"type": "String",
												"physicalType": "String"
											},
											"sink": {
												"name": "ProductIdentifier",
												"type": "String",
												"physicalType": "varchar"
											}
										},
										{
											"source": {
												"name": "ProductNDC",
												"type": "String",
												"physicalType": "String"
											},
											"sink": {
												"name": "ProductNDC",
												"type": "String",
												"physicalType": "varchar"
											}
										},
										{
											"source": {
												"name": "ProductAlternateName",
												"type": "String",
												"physicalType": "String"
											},
											"sink": {
												"name": "ProductAlternateName",
												"type": "String",
												"physicalType": "varchar"
											}
										},
										{
											"source": {
												"name": "FieldtoUseforReporting",
												"type": "String",
												"physicalType": "String"
											},
											"sink": {
												"name": "FieldtoUseforReporting",
												"type": "String",
												"physicalType": "varchar"
											}
										},
										{
											"source": {
												"name": "ProductCoveredType",
												"type": "String",
												"physicalType": "String"
											},
											"sink": {
												"name": "ProductCoveredType",
												"type": "String",
												"physicalType": "varchar"
											}
										},
										{
											"source": {
												"name": "ProductTherapeuticArea",
												"type": "String",
												"physicalType": "String"
											},
											"sink": {
												"name": "ProductTherapeuticArea",
												"type": "String",
												"physicalType": "varchar"
											}
										},
										{
											"source": {
												"name": "ProductType",
												"type": "String",
												"physicalType": "String"
											},
											"sink": {
												"name": "ProductType",
												"type": "String",
												"physicalType": "varchar"
											}
										},
										{
											"source": {
												"name": "ProductCategory1",
												"type": "String",
												"physicalType": "String"
											},
											"sink": {
												"name": "ProductCategory1",
												"type": "String",
												"physicalType": "varchar"
											}
										},
										{
											"source": {
												"name": "ProductCategory2",
												"type": "String",
												"physicalType": "String"
											},
											"sink": {
												"name": "ProductCategory2",
												"type": "String",
												"physicalType": "varchar"
											}
										},
										{
											"source": {
												"name": "ProductCategory3",
												"type": "String",
												"physicalType": "String"
											},
											"sink": {
												"name": "ProductCategory3",
												"type": "String",
												"physicalType": "varchar"
											}
										},
										{
											"source": {
												"name": "ProductCategory4",
												"type": "String",
												"physicalType": "String"
											},
											"sink": {
												"name": "ProductCategory4",
												"type": "String",
												"physicalType": "varchar"
											}
										},
										{
											"source": {
												"name": "ProductCategory5",
												"type": "String",
												"physicalType": "String"
											},
											"sink": {
												"name": "ProductCategory5",
												"type": "String",
												"physicalType": "varchar"
											}
										},
										{
											"source": {
												"name": "ProductDosage1",
												"type": "String",
												"physicalType": "String"
											},
											"sink": {
												"name": "ProductDosage1",
												"type": "String",
												"physicalType": "varchar"
											}
										},
										{
											"source": {
												"name": "ProductDosage2",
												"type": "String",
												"physicalType": "String"
											},
											"sink": {
												"name": "ProductDosage2",
												"type": "String",
												"physicalType": "varchar"
											}
										},
										{
											"source": {
												"name": "ProductDosage3",
												"type": "String",
												"physicalType": "String"
											},
											"sink": {
												"name": "ProductDosage3",
												"type": "String",
												"physicalType": "varchar"
											}
										},
										{
											"source": {
												"name": "UnitsPerSample1",
												"type": "String",
												"physicalType": "String"
											},
											"sink": {
												"name": "UnitsPerSample1",
												"type": "String",
												"physicalType": "varchar"
											}
										},
										{
											"source": {
												"name": "UnitsPerSample2",
												"type": "String",
												"physicalType": "String"
											},
											"sink": {
												"name": "UnitsPerSample2",
												"type": "String",
												"physicalType": "varchar"
											}
										},
										{
											"source": {
												"name": "UnitsPerSample3",
												"type": "String",
												"physicalType": "String"
											},
											"sink": {
												"name": "UnitsPerSample3",
												"type": "String",
												"physicalType": "varchar"
											}
										},
										{
											"source": {
												"name": "ProductOrganizationGroup1",
												"type": "String",
												"physicalType": "String"
											},
											"sink": {
												"name": "ProductOrganizationGroup1",
												"type": "String",
												"physicalType": "varchar"
											}
										},
										{
											"source": {
												"name": "GroupPropagate1",
												"type": "String",
												"physicalType": "String"
											},
											"sink": {
												"name": "GroupPropagate1",
												"type": "String",
												"physicalType": "varchar"
											}
										},
										{
											"source": {
												"name": "ProductOrganizationGroup2",
												"type": "String",
												"physicalType": "String"
											},
											"sink": {
												"name": "ProductOrganizationGroup2",
												"type": "String",
												"physicalType": "varchar"
											}
										},
										{
											"source": {
												"name": "GroupPropagate2",
												"type": "String",
												"physicalType": "String"
											},
											"sink": {
												"name": "GroupPropagate2",
												"type": "String",
												"physicalType": "varchar"
											}
										},
										{
											"source": {
												"name": "ProductOrganizationGroup3",
												"type": "String",
												"physicalType": "String"
											},
											"sink": {
												"name": "ProductOrganizationGroup3",
												"type": "String",
												"physicalType": "varchar"
											}
										},
										{
											"source": {
												"name": "GroupPropagate3",
												"type": "String",
												"physicalType": "String"
											},
											"sink": {
												"name": "GroupPropagate3",
												"type": "String",
												"physicalType": "varchar"
											}
										},
										{
											"source": {
												"name": "UTC",
												"type": "String"
											},
											"sink": {
												"name": "RFRSH_DT",
												"type": "DateTime",
												"physicalType": "datetime"
											}
										}
									],
									"typeConversion": true,
									"typeConversionSettings": {
										"allowDataTruncation": true,
										"treatBooleanAsNumber": false
									}
								}
							},
							"inputs": [
								{
									"referenceName": "DS_SRC_CDW_MEDI_PRODUCT_COMPOUND",
									"type": "DatasetReference"
								}
							],
							"outputs": [
								{
									"referenceName": "DS_CDW_MEDI_PRODUCT_COMPOUND_STG",
									"type": "DatasetReference",
									"parameters": {
										"paramMCPSQLServer": {
											"value": "@pipeline().parameters.MCP_SQL_SERVER",
											"type": "Expression"
										},
										"paramMCPSQLDB": {
											"value": "@pipeline().parameters.MCP_SQL_DB",
											"type": "Expression"
										},
										"paramMCPSQLAccount": {
											"value": "@pipeline().parameters.MCP_SQL_ACCT",
											"type": "Expression"
										},
										"paramMCPKVSecret": {
											"value": "@pipeline().parameters.MCP_SQL_KVSECRET",
											"type": "Expression"
										}
									}
								}
							]
						},
						{
							"name": "Copy CDW_MEDI_PRODUCT_COMPOUND",
							"description": "",
							"type": "Copy",
							"dependsOn": [
								{
									"activity": "Copy CDW_MEDI_PRODUCT_COMPOUND_STG",
									"dependencyConditions": [
										"Succeeded"
									]
								}
							],
							"policy": {
								"timeout": "0.12:00:00",
								"retry": 0,
								"retryIntervalInSeconds": 30,
								"secureOutput": false,
								"secureInput": false
							},
							"userProperties": [],
							"typeProperties": {
								"source": {
									"type": "SqlServerSource",
									"queryTimeout": "02:00:00",
									"partitionOption": "None"
								},
								"sink": {
									"type": "SqlServerSink",
									"preCopyScript": "DELETE FROM MDS.CDW_MEDI_PRODUCT_COMPOUND",
									"writeBehavior": "insert",
									"sqlWriterUseTableLock": false
								},
								"enableStaging": false,
								"translator": {
									"type": "TabularTranslator",
									"mappings": [
										{
											"source": {
												"name": "ProductName",
												"type": "String",
												"physicalType": "varchar"
											},
											"sink": {
												"name": "ProductName",
												"type": "String",
												"physicalType": "varchar"
											}
										},
										{
											"source": {
												"name": "ProductIdentifier",
												"type": "String",
												"physicalType": "varchar"
											},
											"sink": {
												"name": "ProductIdentifier",
												"type": "String",
												"physicalType": "varchar"
											}
										},
										{
											"source": {
												"name": "ProductNDC",
												"type": "String",
												"physicalType": "varchar"
											},
											"sink": {
												"name": "ProductNDC",
												"type": "String",
												"physicalType": "varchar"
											}
										},
										{
											"source": {
												"name": "ProductAlternateName",
												"type": "String",
												"physicalType": "varchar"
											},
											"sink": {
												"name": "ProductAlternateName",
												"type": "String",
												"physicalType": "varchar"
											}
										},
										{
											"source": {
												"name": "FieldtoUseforReporting",
												"type": "String",
												"physicalType": "varchar"
											},
											"sink": {
												"name": "FieldtoUseforReporting",
												"type": "String",
												"physicalType": "varchar"
											}
										},
										{
											"source": {
												"name": "ProductCoveredType",
												"type": "String",
												"physicalType": "varchar"
											},
											"sink": {
												"name": "ProductCoveredType",
												"type": "String",
												"physicalType": "varchar"
											}
										},
										{
											"source": {
												"name": "ProductTherapeuticArea",
												"type": "String",
												"physicalType": "varchar"
											},
											"sink": {
												"name": "ProductTherapeuticArea",
												"type": "String",
												"physicalType": "varchar"
											}
										},
										{
											"source": {
												"name": "ProductType",
												"type": "String",
												"physicalType": "varchar"
											},
											"sink": {
												"name": "ProductType",
												"type": "String",
												"physicalType": "varchar"
											}
										},
										{
											"source": {
												"name": "ProductCategory1",
												"type": "String",
												"physicalType": "varchar"
											},
											"sink": {
												"name": "ProductCategory1",
												"type": "String",
												"physicalType": "varchar"
											}
										},
										{
											"source": {
												"name": "ProductCategory2",
												"type": "String",
												"physicalType": "varchar"
											},
											"sink": {
												"name": "ProductCategory2",
												"type": "String",
												"physicalType": "varchar"
											}
										},
										{
											"source": {
												"name": "ProductCategory3",
												"type": "String",
												"physicalType": "varchar"
											},
											"sink": {
												"name": "ProductCategory3",
												"type": "String",
												"physicalType": "varchar"
											}
										},
										{
											"source": {
												"name": "ProductCategory4",
												"type": "String",
												"physicalType": "varchar"
											},
											"sink": {
												"name": "ProductCategory4",
												"type": "String",
												"physicalType": "varchar"
											}
										},
										{
											"source": {
												"name": "ProductCategory5",
												"type": "String",
												"physicalType": "varchar"
											},
											"sink": {
												"name": "ProductCategory5",
												"type": "String",
												"physicalType": "varchar"
											}
										},
										{
											"source": {
												"name": "ProductDosage1",
												"type": "String",
												"physicalType": "varchar"
											},
											"sink": {
												"name": "ProductDosage1",
												"type": "String",
												"physicalType": "varchar"
											}
										},
										{
											"source": {
												"name": "ProductDosage2",
												"type": "String",
												"physicalType": "varchar"
											},
											"sink": {
												"name": "ProductDosage2",
												"type": "String",
												"physicalType": "varchar"
											}
										},
										{
											"source": {
												"name": "ProductDosage3",
												"type": "String",
												"physicalType": "varchar"
											},
											"sink": {
												"name": "ProductDosage3",
												"type": "String",
												"physicalType": "varchar"
											}
										},
										{
											"source": {
												"name": "UnitsPerSample1",
												"type": "String",
												"physicalType": "varchar"
											},
											"sink": {
												"name": "UnitsPerSample1",
												"type": "String",
												"physicalType": "varchar"
											}
										},
										{
											"source": {
												"name": "UnitsPerSample2",
												"type": "String",
												"physicalType": "varchar"
											},
											"sink": {
												"name": "UnitsPerSample2",
												"type": "String",
												"physicalType": "varchar"
											}
										},
										{
											"source": {
												"name": "UnitsPerSample3",
												"type": "String",
												"physicalType": "varchar"
											},
											"sink": {
												"name": "UnitsPerSample3",
												"type": "String",
												"physicalType": "varchar"
											}
										},
										{
											"source": {
												"name": "ProductOrganizationGroup1",
												"type": "String",
												"physicalType": "varchar"
											},
											"sink": {
												"name": "ProductOrganizationGroup1",
												"type": "String",
												"physicalType": "varchar"
											}
										},
										{
											"source": {
												"name": "GroupPropagate1",
												"type": "String",
												"physicalType": "varchar"
											},
											"sink": {
												"name": "GroupPropagate1",
												"type": "String",
												"physicalType": "varchar"
											}
										},
										{
											"source": {
												"name": "ProductOrganizationGroup2",
												"type": "String",
												"physicalType": "varchar"
											},
											"sink": {
												"name": "ProductOrganizationGroup2",
												"type": "String",
												"physicalType": "varchar"
											}
										},
										{
											"source": {
												"name": "GroupPropagate2",
												"type": "String",
												"physicalType": "varchar"
											},
											"sink": {
												"name": "GroupPropagate2",
												"type": "String",
												"physicalType": "varchar"
											}
										},
										{
											"source": {
												"name": "ProductOrganizationGroup3",
												"type": "String",
												"physicalType": "varchar"
											},
											"sink": {
												"name": "ProductOrganizationGroup3",
												"type": "String",
												"physicalType": "varchar"
											}
										},
										{
											"source": {
												"name": "GroupPropagate3",
												"type": "String",
												"physicalType": "varchar"
											},
											"sink": {
												"name": "GroupPropagate3",
												"type": "String",
												"physicalType": "varchar"
											}
										},
										{
											"source": {
												"name": "RFRSH_DT",
												"type": "DateTime",
												"physicalType": "datetime"
											},
											"sink": {
												"name": "RFRSH_DT",
												"type": "DateTime",
												"physicalType": "date"
											}
										}
									],
									"typeConversion": true,
									"typeConversionSettings": {
										"allowDataTruncation": true,
										"treatBooleanAsNumber": false
									}
								}
							},
							"inputs": [
								{
									"referenceName": "DS_CDW_MEDI_PRODUCT_COMPOUND_STG",
									"type": "DatasetReference",
									"parameters": {
										"paramMCPSQLServer": {
											"value": "@pipeline().parameters.MCP_SQL_SERVER",
											"type": "Expression"
										},
										"paramMCPSQLDB": {
											"value": "@pipeline().parameters.MCP_SQL_DB",
											"type": "Expression"
										},
										"paramMCPSQLAccount": {
											"value": "@pipeline().parameters.MCP_SQL_ACCT",
											"type": "Expression"
										},
										"paramMCPKVSecret": {
											"value": "@pipeline().parameters.MCP_SQL_KVSECRET",
											"type": "Expression"
										}
									}
								}
							],
							"outputs": [
								{
									"referenceName": "DS_CDW_MEDI_PRODUCT_COMPOUND",
									"type": "DatasetReference",
									"parameters": {
										"paramMCPSQLServer": {
											"value": "@pipeline().parameters.MCP_SQL_SERVER",
											"type": "Expression"
										},
										"paramMCPSQLDB": {
											"value": "@pipeline().parameters.MCP_SQL_DB",
											"type": "Expression"
										},
										"paramMCPSQLAccount": {
											"value": "@pipeline().parameters.MCP_SQL_ACCT",
											"type": "Expression"
										},
										"paramMCPKVSecret": {
											"value": "@pipeline().parameters.MCP_SQL_KVSECRET",
											"type": "Expression"
										}
									}
								}
							]
						},
						{
							"name": "Copy CDW_CONCUR_PRODUCT_COMPOUND",
							"description": "",
							"type": "Copy",
							"dependsOn": [
								{
									"activity": "Copy CDW_MEDI_PRODUCT_COMPOUND",
									"dependencyConditions": [
										"Succeeded"
									]
								}
							],
							"policy": {
								"timeout": "0.12:00:00",
								"retry": 0,
								"retryIntervalInSeconds": 30,
								"secureOutput": false,
								"secureInput": false
							},
							"userProperties": [],
							"typeProperties": {
								"source": {
									"type": "SqlServerSource",
									"sqlReaderQuery": "SELECT '*US HCP Product'  as ListName,'*US HCP Product' as ListCategory,ProductName AS  Level01Code,\n'' as Level02Code,'' as Level03Code,'' as Level04Code,'' as Level05Code,'' as Level06Code,\n'' as Level07Code,'' as Level08Code,'' as Level09Code,'' as Level10Code,ProductName AS  Value_ItemName,'' as StartDate,'' as Enddate,'' as Item\nFROM MDS.CDW_MEDI_PRODUCT_COMPOUND where ProductCategory1='Y'",
									"queryTimeout": "02:00:00",
									"partitionOption": "None"
								},
								"sink": {
									"type": "DelimitedTextSink",
									"storeSettings": {
										"type": "AzureBlobFSWriteSettings"
									},
									"formatSettings": {
										"type": "DelimitedTextWriteSettings",
										"quoteAllText": true,
										"fileExtension": ".txt"
									}
								},
								"enableStaging": false,
								"translator": {
									"type": "TabularTranslator",
									"mappings": [
										{
											"source": {
												"name": "ListName",
												"type": "String",
												"physicalType": "varchar"
											},
											"sink": {
												"type": "String",
												"physicalType": "String",
												"ordinal": 1
											}
										},
										{
											"source": {
												"name": "ListCategory",
												"type": "String",
												"physicalType": "varchar"
											},
											"sink": {
												"type": "String",
												"physicalType": "String",
												"ordinal": 2
											}
										},
										{
											"source": {
												"name": "Level01Code",
												"type": "String",
												"physicalType": "varchar"
											},
											"sink": {
												"type": "String",
												"physicalType": "String",
												"ordinal": 3
											}
										},
										{
											"source": {
												"name": "Level02Code",
												"type": "String",
												"physicalType": "varchar"
											},
											"sink": {
												"type": "String",
												"physicalType": "String",
												"ordinal": 4
											}
										},
										{
											"source": {
												"name": "Level03Code",
												"type": "String",
												"physicalType": "varchar"
											},
											"sink": {
												"type": "String",
												"physicalType": "String",
												"ordinal": 5
											}
										},
										{
											"source": {
												"name": "Level04Code",
												"type": "String",
												"physicalType": "varchar"
											},
											"sink": {
												"type": "String",
												"physicalType": "String",
												"ordinal": 6
											}
										},
										{
											"source": {
												"name": "Level05Code",
												"type": "String",
												"physicalType": "varchar"
											},
											"sink": {
												"type": "String",
												"physicalType": "String",
												"ordinal": 7
											}
										},
										{
											"source": {
												"name": "Level06Code",
												"type": "String",
												"physicalType": "varchar"
											},
											"sink": {
												"type": "String",
												"physicalType": "String",
												"ordinal": 8
											}
										},
										{
											"source": {
												"name": "Level07Code",
												"type": "String",
												"physicalType": "varchar"
											},
											"sink": {
												"type": "String",
												"physicalType": "String",
												"ordinal": 9
											}
										},
										{
											"source": {
												"name": "Level08Code",
												"type": "String",
												"physicalType": "varchar"
											},
											"sink": {
												"type": "String",
												"physicalType": "String",
												"ordinal": 10
											}
										},
										{
											"source": {
												"name": "Level09Code",
												"type": "String",
												"physicalType": "varchar"
											},
											"sink": {
												"type": "String",
												"physicalType": "String",
												"ordinal": 11
											}
										},
										{
											"source": {
												"name": "Level10Code",
												"type": "String",
												"physicalType": "varchar"
											},
											"sink": {
												"type": "String",
												"physicalType": "String",
												"ordinal": 12
											}
										},
										{
											"source": {
												"name": "Value_ItemName",
												"type": "String",
												"physicalType": "varchar"
											},
											"sink": {
												"type": "String",
												"physicalType": "String",
												"ordinal": 13
											}
										},
										{
											"source": {
												"name": "StartDate",
												"type": "String",
												"physicalType": "varchar"
											},
											"sink": {
												"type": "String",
												"physicalType": "String",
												"ordinal": 14
											}
										},
										{
											"source": {
												"name": "Enddate",
												"type": "String",
												"physicalType": "varchar"
											},
											"sink": {
												"type": "String",
												"physicalType": "String",
												"ordinal": 15
											}
										},
										{
											"source": {
												"name": "Item",
												"type": "String",
												"physicalType": "varchar"
											},
											"sink": {
												"type": "String",
												"physicalType": "String",
												"ordinal": 16
											}
										}
									],
									"typeConversion": true,
									"typeConversionSettings": {
										"allowDataTruncation": true,
										"treatBooleanAsNumber": false
									}
								}
							},
							"inputs": [
								{
									"referenceName": "DS_CDW_MEDI_PRODUCT_COMPOUND",
									"type": "DatasetReference",
									"parameters": {
										"paramMCPSQLServer": {
											"value": "@pipeline().parameters.MCP_SQL_SERVER",
											"type": "Expression"
										},
										"paramMCPSQLDB": {
											"value": "@pipeline().parameters.MCP_SQL_DB",
											"type": "Expression"
										},
										"paramMCPSQLAccount": {
											"value": "@pipeline().parameters.MCP_SQL_ACCT",
											"type": "Expression"
										},
										"paramMCPKVSecret": {
											"value": "@pipeline().parameters.MCP_SQL_KVSECRET",
											"type": "Expression"
										}
									}
								}
							],
							"outputs": [
								{
									"referenceName": "DS_CDW_CONCUR_PRODUCT_COMPOUND",
									"type": "DatasetReference",
									"parameters": {
										"Filename": "List_p0026002cvld-_PC"
									}
								}
							]
						}
					]
				}
			}
		],
		"parameters": {
			"MCP_SQL_SERVER": {
				"type": "String",
				"defaultValue": "AZU-MCPSQLUAT.ds.incyte.com"
			},
			"MCP_SQL_DB": {
				"type": "String",
				"defaultValue": "AZURE_MIGRATION_DEV"
			},
			"MCP_SQL_ACCT": {
				"type": "String",
				"defaultValue": "ETLDBADMIN"
			},
			"MCP_SQL_KVSECRET": {
				"type": "String",
				"defaultValue": "azurevmetladmin"
			},
			"SUPPORT_EMAIL": {
				"type": "String",
				"defaultValue": "dpatel@incyte.com"
			}
		},
		"variables": {
			"Dummy": {
				"type": "String"
			}
		},
		"folder": {
			"name": "MediSpend"
		},
		"annotations": []
	}
}