{
	"name": "pl_Onetrust_Vendor_Download",
	"properties": {
		"activities": [
			{
				"name": "GET_AUTH_TOKEN",
				"type": "WebActivity",
				"dependsOn": [],
				"policy": {
					"timeout": "0.12:00:00",
					"retry": 0,
					"retryIntervalInSeconds": 30,
					"secureOutput": false,
					"secureInput": false
				},
				"userProperties": [],
				"typeProperties": {
					"method": "POST",
					"headers": {
						"Content-Type": "application/x-www-form-urlencoded",
						"client_id": "135f024ff0074902b09db90f074ea7fb",
						"client_secret": "5dlkBtq18fjMDu5GvdqHdNUyORhaUB1n"
					},
					"url": "https://uat.onetrust.com/api/access/v1/oauth/token",
					"body": {
						"value": "grant_type=client_credentials&client_id=135f024ff0074902b09db90f074ea7fb&client_secret=5dlkBtq18fjMDu5GvdqHdNUyORhaUB1n",
						"type": "Expression"
					}
				}
			},
			{
				"name": "copy_data_into_json",
				"type": "Copy",
				"dependsOn": [
					{
						"activity": "GET_AUTH_TOKEN",
						"dependencyConditions": [
							"Completed"
						]
					}
				],
				"policy": {
					"timeout": "0.12:00:00",
					"retry": 0,
					"retryIntervalInSeconds": 30,
					"secureOutput": false,
					"secureInput": false
				},
				"userProperties": [],
				"typeProperties": {
					"source": {
						"type": "DelimitedTextSource",
						"storeSettings": {
							"type": "AzureBlobStorageReadSettings",
							"recursive": true,
							"wildcardFileName": "test.csv",
							"enablePartitionDiscovery": false
						},
						"formatSettings": {
							"type": "DelimitedTextReadSettings"
						}
					},
					"sink": {
						"type": "DelimitedTextSink",
						"storeSettings": {
							"type": "AzureBlobStorageWriteSettings"
						},
						"formatSettings": {
							"type": "DelimitedTextWriteSettings",
							"quoteAllText": true,
							"fileExtension": ".txt"
						}
					},
					"enableStaging": false,
					"translator": {
						"type": "TabularTranslator",
						"typeConversion": true,
						"typeConversionSettings": {
							"allowDataTruncation": true,
							"treatBooleanAsNumber": false
						}
					}
				},
				"inputs": [
					{
						"referenceName": "Destination_Files",
						"type": "DatasetReference"
					}
				],
				"outputs": [
					{
						"referenceName": "Destination_Files",
						"type": "DatasetReference"
					}
				]
			}
		],
		"annotations": []
	}
}