{
	"name": "pl_Onetrust_processing-activities_Download",
	"properties": {
		"activities": [
			{
				"name": "GET_AUTH_TOKEN",
				"type": "WebActivity",
				"dependsOn": [],
				"policy": {
					"timeout": "0.12:00:00",
					"retry": 0,
					"retryIntervalInSeconds": 30,
					"secureOutput": false,
					"secureInput": false
				},
				"userProperties": [],
				"typeProperties": {
					"method": "POST",
					"headers": {
						"Content-Type": "application/x-www-form-urlencoded",
						"client_id": "135f024ff0074902b09db90f074ea7fb",
						"client_secret": "5dlkBtq18fjMDu5GvdqHdNUyORhaUB1n"
					},
					"url": "https://uat.onetrust.com/api/access/v1/oauth/token",
					"body": {
						"value": "grant_type=client_credentials&client_id=135f024ff0074902b09db90f074ea7fb&client_secret=5dlkBtq18fjMDu5GvdqHdNUyORhaUB1n",
						"type": "Expression"
					}
				}
			},
			{
				"name": "Data_process_activities_download",
				"type": "WebActivity",
				"state": "Inactive",
				"onInactiveMarkAs": "Succeeded",
				"dependsOn": [
					{
						"activity": "GET_AUTH_TOKEN",
						"dependencyConditions": [
							"Completed"
						]
					}
				],
				"policy": {
					"timeout": "0.12:00:00",
					"retry": 0,
					"retryIntervalInSeconds": 30,
					"secureOutput": false,
					"secureInput": false
				},
				"userProperties": [],
				"typeProperties": {
					"method": "GET",
					"headers": {
						"Authorization": {
							"value": "Bearer @{activity('GET_AUTH_TOKEN').output.access_token}",
							"type": "Expression"
						}
					},
					"url": "https://uat.onetrust.com/api/inventory/v2/inventories/processing-activities"
				}
			},
			{
				"name": "Copy data1",
				"type": "Copy",
				"state": "Inactive",
				"onInactiveMarkAs": "Succeeded",
				"dependsOn": [
					{
						"activity": "GET_AUTH_TOKEN",
						"dependencyConditions": [
							"Completed"
						]
					}
				],
				"policy": {
					"timeout": "0.12:00:00",
					"retry": 0,
					"retryIntervalInSeconds": 30,
					"secureOutput": false,
					"secureInput": false
				},
				"userProperties": [],
				"typeProperties": {
					"source": {
						"type": "RestSource",
						"httpRequestTimeout": "00:01:40",
						"requestInterval": "00.00:00:00.010",
						"requestMethod": "GET",
						"additionalHeaders": {
							"Authorization": {
								"value": "Bearer @{activity('GET_AUTH_TOKEN').output.access_token}",
								"type": "Expression"
							}
						},
						"paginationRules": {
							"supportRFC5988": "true"
						}
					},
					"sink": {
						"type": "JsonSink",
						"storeSettings": {
							"type": "AzureBlobFSWriteSettings"
						},
						"formatSettings": {
							"type": "JsonWriteSettings"
						}
					},
					"enableStaging": false
				},
				"inputs": [
					{
						"referenceName": "DS_Onstrust_Process_Activity_API",
						"type": "DatasetReference"
					}
				],
				"outputs": [
					{
						"referenceName": "DS_Onetrust_Process_Activity_sink",
						"type": "DatasetReference"
					}
				]
			},
			{
				"name": "Copy data2",
				"type": "Copy",
				"dependsOn": [
					{
						"activity": "GET_AUTH_TOKEN",
						"dependencyConditions": [
							"Completed"
						]
					}
				],
				"policy": {
					"timeout": "0.12:00:00",
					"retry": 0,
					"retryIntervalInSeconds": 30,
					"secureOutput": false,
					"secureInput": false
				},
				"userProperties": [],
				"typeProperties": {
					"source": {
						"type": "JsonSource",
						"storeSettings": {
							"type": "LakehouseReadSettings",
							"recursive": true,
							"enablePartitionDiscovery": false
						},
						"formatSettings": {
							"type": "JsonReadSettings"
						}
					},
					"sink": {
						"type": "JsonSink",
						"storeSettings": {
							"type": "AzureBlobFSWriteSettings",
							"copyBehavior": "FlattenHierarchy"
						},
						"formatSettings": {
							"type": "JsonWriteSettings"
						}
					},
					"enableStaging": false
				},
				"inputs": [
					{
						"referenceName": "DS_onetrust_process_activity_Http",
						"type": "DatasetReference"
					}
				],
				"outputs": [
					{
						"referenceName": "DS_Onetrust_Process_Activity_sink",
						"type": "DatasetReference"
					}
				]
			}
		],
		"annotations": []
	}
}