{
	"name": "pl_PGP_DECRYPTION",
	"properties": {
		"activities": [
			{
				"name": "PLW_Decrypt",
				"type": "AzureFunctionActivity",
				"state": "Inactive",
				"onInactiveMarkAs": "Succeeded",
				"dependsOn": [],
				"policy": {
					"timeout": "0.12:00:00",
					"retry": 0,
					"retryIntervalInSeconds": 30,
					"secureOutput": false,
					"secureInput": false
				},
				"userProperties": [],
				"typeProperties": {
					"functionName": "Decryption",
					"body": {
						"EncryptionDecryptionKeyFile": {
							"BlobContainerName": "pgp",
							"BlobName": "Planisware_decryption_key.asc",
							"ConnectionString": "DefaultEndpointsProtocol=https;AccountName=disdatalakefabric;AccountKey=tT4gQjvUfKTlsryo4/eDQ+jFw0eR1otjkyO+ub0KJgRR1V87LHigvilNmGXgH4vSQg+u2ypfkO1l+AStjvSU3w==;EndpointSuffix=core.windows.net"
						},
						"InputFile": {
							"BlobContainerName": "planisware",
							"ConnectionString": "DefaultEndpointsProtocol=https;AccountName=disdatalakefabric;AccountKey=tT4gQjvUfKTlsryo4/eDQ+jFw0eR1otjkyO+ub0KJgRR1V87LHigvilNmGXgH4vSQg+u2ypfkO1l+AStjvSU3w==;EndpointSuffix=core.windows.net",
							"Folder": "Inbound/encrypted"
						},
						"OutputFile": {
							"BlobContainerName": "planisware",
							"ConnectionString": "DefaultEndpointsProtocol=https;AccountName=disdatalakefabric;AccountKey=tT4gQjvUfKTlsryo4/eDQ+jFw0eR1otjkyO+ub0KJgRR1V87LHigvilNmGXgH4vSQg+u2ypfkO1l+AStjvSU3w==;EndpointSuffix=core.windows.net",
							"Folder": "Inbound/decrypted"
						},
						"passPhrase": "e400(1815)AC"
					},
					"method": "POST"
				}
			},
			{
				"name": "JPMC_Decrypt",
				"type": "AzureFunctionActivity",
				"state": "Inactive",
				"onInactiveMarkAs": "Succeeded",
				"dependsOn": [],
				"policy": {
					"timeout": "0.12:00:00",
					"retry": 0,
					"retryIntervalInSeconds": 30,
					"secureOutput": false,
					"secureInput": false
				},
				"userProperties": [],
				"typeProperties": {
					"functionName": "Decryption",
					"body": {
						"EncryptionDecryptionKeyFile": {
							"BlobContainerName": "pgp",
							"BlobName": "INCYTE_JPMC_2024.asc",
							"ConnectionString": "DefaultEndpointsProtocol=https;AccountName=disdatalakefabric;AccountKey=tT4gQjvUfKTlsryo4/eDQ+jFw0eR1otjkyO+ub0KJgRR1V87LHigvilNmGXgH4vSQg+u2ypfkO1l+AStjvSU3w==;EndpointSuffix=core.windows.net"
						},
						"InputFile": {
							"BlobContainerName": "jpmc",
							"ConnectionString": "DefaultEndpointsProtocol=https;AccountName=disdatalakefabric;AccountKey=tT4gQjvUfKTlsryo4/eDQ+jFw0eR1otjkyO+ub0KJgRR1V87LHigvilNmGXgH4vSQg+u2ypfkO1l+AStjvSU3w==;EndpointSuffix=core.windows.net",
							"Folder": "encrypted"
						},
						"OutputFile": {
							"BlobContainerName": "jpmc",
							"ConnectionString": "DefaultEndpointsProtocol=https;AccountName=disdatalakefabric;AccountKey=tT4gQjvUfKTlsryo4/eDQ+jFw0eR1otjkyO+ub0KJgRR1V87LHigvilNmGXgH4vSQg+u2ypfkO1l+AStjvSU3w==;EndpointSuffix=core.windows.net",
							"Folder": "decrypted"
						},
						"passPhrase": "jpmcpgp24"
					},
					"method": "POST"
				}
			}
		],
		"folder": {
			"name": "Templates"
		},
		"annotations": [],
		"lastPublishTime": "2024-03-05T17:02:35Z"
	},
	"type": "Microsoft.DataFactory/factories/pipelines"
}