{
	"name": "pl_SN_Eur_Employee_Data",
	"properties": {
		"activities": [
			{
				"name": "Copy data1",
				"type": "Copy",
				"dependsOn": [],
				"policy": {
					"timeout": "0.12:00:00",
					"retry": 0,
					"retryIntervalInSeconds": 30,
					"secureOutput": false,
					"secureInput": false
				},
				"userProperties": [],
				"typeProperties": {
					"source": {
						"type": "RestSource",
						"httpRequestTimeout": "00:01:40",
						"requestInterval": "00.00:00:00.010",
						"requestMethod": "GET",
						"paginationRules": {
							"supportRFC5988": "true"
						}
					},
					"sink": {
						"type": "JsonSink",
						"storeSettings": {
							"type": "LakehouseWriteSettings"
						},
						"formatSettings": {
							"type": "JsonWriteSettings"
						}
					},
					"enableStaging": false
				},
				"inputs": [
					{
						"referenceName": "Ds_SN_EMP_Source",
						"type": "DatasetReference"
					}
				],
				"outputs": [
					{
						"referenceName": "Ds_Eur_Employee_JSON",
						"type": "DatasetReference"
					}
				]
			}
		],
		"folder": {
			"name": "Facilities"
		},
		"annotations": []
	}
}