{
	"name": "pl_send_email_with_attachment",
	"properties": {
		"activities": [
			{
				"name": "Successful Email",
				"type": "WebActivity",
				"dependsOn": [
					{
						"activity": "Call PGP Decryption",
						"dependencyConditions": [
							"Succeeded"
						]
					}
				],
				"policy": {
					"timeout": "0.12:00:00",
					"retry": 0,
					"retryIntervalInSeconds": 30,
					"secureOutput": false,
					"secureInput": false
				},
				"userProperties": [],
				"typeProperties": {
					"method": "POST",
					"url": "https://logic-dis-workflows.azurewebsites.net:443/api/SendEmailAlert/triggers/When_a_HTTP_request_is_received/invoke?api-version=2022-05-01&sp=%2Ftriggers%2FWhen_a_HTTP_request_is_received%2Frun&sv=1.0&sig=asaprmw36yWg1sZiAG2ea2JhlgAiekUnxzcGBpwcc90",
					"body": {
						"value": "{\n    \"title\": \"@{pipeline().Pipeline} Failed\",\n    \"message\": \"Test Email alert \",\n    \"color\": \"Red\",\n    \"dataFactoryName\": \"@{pipeline().DataFactory}\",\n    \"pipelineName\": \"@{pipeline().Pipeline}\",\n    \"pipelineRunId\": \"@{pipeline().RunId}\",\n    \"time\": \"@{utcNow()}\" ,\n    \"toaddress\": \"s240535@incyte.com\"\n}",
						"type": "Expression"
					}
				}
			},
			{
				"name": "Failure Email",
				"type": "WebActivity",
				"state": "Inactive",
				"onInactiveMarkAs": "Succeeded",
				"dependsOn": [
					{
						"activity": "Call PGP Decryption",
						"dependencyConditions": [
							"Failed"
						]
					}
				],
				"policy": {
					"timeout": "0.12:00:00",
					"retry": 0,
					"retryIntervalInSeconds": 30,
					"secureOutput": false,
					"secureInput": false
				},
				"userProperties": [],
				"typeProperties": {
					"method": "POST",
					"url": "https://incyadfsendemail.azurewebsites.net:443/api/SendEmail/triggers/When_a_HTTP_request_is_received/invoke?api-version=2022-05-01&sp=%2Ftriggers%2FWhen_a_HTTP_request_is_received%2Frun&sv=1.0&sig=8BPGNi5EGt_5BDBLPB_LwTj-EqWuVXnDw_kSFmF-PBc",
					"body": {
						"value": "{\n    \"title\": \"@{pipeline().Pipeline} Failed\",\n    \"message\": \"A Setp in the @{pipeline().Pipeline} run Failed, please review below details for debugging.\",\n    \"color\": \"Green\",\n    \"dataFactoryName\": \"@{pipeline().DataFactory}\",\n    \"pipelineName\": \"@{pipeline().Pipeline}\",\n    \"pipelineRunId\": \"@{pipeline().RunId}\",\n    \"time\": \"@{utcnow()}\"\n}",
						"type": "Expression"
					}
				}
			},
			{
				"name": "Call PGP Decryption",
				"type": "ExecutePipeline",
				"state": "Inactive",
				"onInactiveMarkAs": "Succeeded",
				"dependsOn": [],
				"policy": {
					"secureInput": false
				},
				"userProperties": [],
				"typeProperties": {
					"pipeline": {
						"referenceName": "pl_PGP_DECRYPTION",
						"type": "PipelineReference"
					},
					"waitOnCompletion": true
				}
			}
		],
		"folder": {
			"name": "Templates"
		},
		"annotations": []
	}
}