{
	"name": "pl_xml_invoice",
	"properties": {
		"activities": [
			{
				"name": "Copy data1",
				"type": "Copy",
				"dependsOn": [],
				"policy": {
					"timeout": "0.12:00:00",
					"retry": 0,
					"retryIntervalInSeconds": 30,
					"secureOutput": false,
					"secureInput": false
				},
				"userProperties": [
					{
						"name": "Source",
						"value": "/Inbound//INVOIC02_F0XXX.YYYYMMHHHHMMSS.xml"
					},
					{
						"name": "Destination",
						"value": "Farmavenix/FVX_INVOICE.csv"
					}
				],
				"typeProperties": {
					"source": {
						"type": "XmlSource",
						"storeSettings": {
							"type": "SftpReadSettings",
							"recursive": true,
							"enablePartitionDiscovery": false,
							"disableChunking": false
						},
						"formatSettings": {
							"type": "XmlReadSettings",
							"validationMode": "none",
							"detectDataType": true,
							"namespaces": true
						}
					},
					"sink": {
						"type": "SqlServerSink",
						"writeBehavior": "insert",
						"sqlWriterUseTableLock": false
					},
					"enableStaging": false,
					"translator": {
						"type": "TabularTranslator",
						"mappings": [
							{
								"source": {
									"path": "$['INVOIC02']['IDOC']['E1EDK01']['CURCY']"
								},
								"sink": {
									"name": "E1EDK01_CURCY",
									"type": "String"
								}
							},
							{
								"source": {
									"path": "$['INVOIC02']['IDOC']['E1EDKA1'][0]['PARVW']"
								},
								"sink": {
									"name": "E1EDKA1_PARVW",
									"type": "String"
								}
							},
							{
								"source": {
									"path": "$['INVOIC02']['IDOC']['E1EDKA1'][0]['NAME1']"
								},
								"sink": {
									"name": "E1EDKA1_NAME1",
									"type": "String"
								}
							},
							{
								"source": {
									"path": "$['INVOIC02']['IDOC']['E1EDKA1'][0]['STRAS']"
								},
								"sink": {
									"name": "E1EDKA1_STRAS",
									"type": "String"
								}
							},
							{
								"source": {
									"path": "$['INVOIC02']['IDOC']['E1EDKA1'][0]['ORT01']"
								},
								"sink": {
									"name": "E1EDKA1_ORT01",
									"type": "String"
								}
							},
							{
								"source": {
									"path": "$['INVOIC02']['IDOC']['E1EDKA1'][0]['PSTLZ']"
								},
								"sink": {
									"name": "E1EDKA1_PSTLZ",
									"type": "String"
								}
							},
							{
								"source": {
									"path": "$['INVOIC02']['IDOC']['E1EDKA1'][0]['LAND1']"
								},
								"sink": {
									"name": "E1EDKA1_LAND1",
									"type": "String"
								}
							},
							{
								"source": {
									"path": "$['INVOIC02']['IDOC']['E1EDKA1'][0]['TELF1']"
								},
								"sink": {
									"name": "E1EDKA1_TELF1",
									"type": "String"
								}
							},
							{
								"source": {
									"path": "$['INVOIC02']['IDOC']['E1EDK02'][0]['QUALF']"
								},
								"sink": {
									"name": "E1EDK02_QUALF",
									"type": "String"
								}
							},
							{
								"source": {
									"path": "$['INVOIC02']['IDOC']['E1EDK02'][0]['BELNR']"
								},
								"sink": {
									"name": "E1EDK02_BELNR",
									"type": "String"
								}
							},
							{
								"source": {
									"path": "$['INVOIC02']['IDOC']['E1EDK03'][0]['IDDAT']"
								},
								"sink": {
									"name": "E1EDK03_IDDAT",
									"type": "String"
								}
							},
							{
								"source": {
									"path": "$['INVOIC02']['IDOC']['E1EDK03'][0]['DATUM']"
								},
								"sink": {
									"name": "E1EDK03_DATUM",
									"type": "String"
								}
							},
							{
								"source": {
									"path": "$['INVOIC02']['IDOC']['E1EDP01'][0]['POSEX']"
								},
								"sink": {
									"name": "E1EDP01_POSEX",
									"type": "String"
								}
							},
							{
								"source": {
									"path": "$['INVOIC02']['IDOC']['E1EDP01'][0]['MENGE']"
								},
								"sink": {
									"name": "E1EDP01_MENGE",
									"type": "String"
								}
							},
							{
								"source": {
									"path": "$['INVOIC02']['IDOC']['E1EDP01'][0]['MENEE']"
								},
								"sink": {
									"name": "E1EDP01_MENEE",
									"type": "String"
								}
							},
							{
								"source": {
									"path": "$['INVOIC02']['IDOC']['E1EDP01'][0]['E1EDP19'][0]['QUALF']"
								},
								"sink": {
									"name": "E1EDP19_QUALF",
									"type": "String"
								}
							},
							{
								"source": {
									"path": "$['INVOIC02']['IDOC']['E1EDP01'][0]['E1EDP19'][0]['IDTNR']"
								},
								"sink": {
									"name": "E1EDP19_IDTNR",
									"type": "String"
								}
							},
							{
								"source": {
									"path": "$['INVOIC02']['IDOC']['E1EDP01'][0]['E1EDP26'][0]['QUALF']"
								},
								"sink": {
									"name": "E1EDP26_QUALF",
									"type": "String"
								}
							},
							{
								"source": {
									"path": "$['INVOIC02']['IDOC']['E1EDP01'][0]['E1EDP26'][0]['BETRG']"
								},
								"sink": {
									"name": "E1EDP26_BETRG",
									"type": "String"
								}
							},
							{
								"source": {
									"path": "$['INVOIC02']['IDOC']['E1EDP01'][0]['E1EDP05'][0]['KSCHL']"
								},
								"sink": {
									"name": "E1EDP05_KSCHL",
									"type": "String"
								}
							},
							{
								"source": {
									"path": "$['INVOIC02']['IDOC']['E1EDP01'][0]['E1EDP05'][0]['BETRG']"
								},
								"sink": {
									"name": "E1EDP05_BETRG",
									"type": "String"
								}
							},
							{
								"source": {
									"path": "$['INVOIC02']['IDOC']['E1EDP01'][0]['E1EDP04']['MWSKZ']"
								},
								"sink": {
									"name": "E1EDP04_MWSKZ",
									"type": "String"
								}
							},
							{
								"source": {
									"path": "$['INVOIC02']['IDOC']['E1EDP01'][0]['E1EDP04']['MSATZ']"
								},
								"sink": {
									"name": "E1EDP04_MSATZ",
									"type": "String"
								}
							}
						],
						"collectionReference": "",
						"mapComplexValuesToString": false
					}
				},
				"inputs": [
					{
						"referenceName": "ds_FVX_Invoice",
						"type": "DatasetReference"
					}
				],
				"outputs": [
					{
						"referenceName": "Ds_STG_FVX_INVOICE_FILE",
						"type": "DatasetReference"
					}
				]
			}
		],
		"folder": {
			"name": "Farmavenix"
		},
		"annotations": []
	}
}