{
	"$schema": "http://schema.management.azure.com/schemas/2015-01-01/deploymentTemplate.json#",
	"contentVersion": "1.0.0.0",
	"parameters": {
		"factoryName": {
			"type": "string",
			"metadata": "Data Factory name",
			"defaultValue": "Dfact-DataIntegrationServices"
		}
	},
	"variables": {
		"factoryId": "[concat('Microsoft.DataFactory/factories/', parameters('factoryName'))]"
	},
	"resources": [
		{
			"name": "[concat(parameters('factoryName'), '/DS_TGT_Z_FSFERTIGUNGSAUFTRAG')]",
			"type": "Microsoft.DataFactory/factories/datasets",
			"apiVersion": "2018-06-01",
			"properties": {
				"linkedServiceName": {
					"referenceName": "MES",
					"type": "LinkedServiceReference"
				},
				"folder": {
					"name": "MES_SKYLAND"
				},
				"annotations": [],
				"type": "OracleTable",
				"schema": [],
				"typeProperties": {
					"schema": "MESEDI",
					"table": "Z_FSFERTIGUNGSAUFTRAG"
				}
			},
			"dependsOn": []
		},
		{
			"name": "[concat(parameters('factoryName'), '/DS_TGT_Z_FSPRODUKTIONSAUFTRAG')]",
			"type": "Microsoft.DataFactory/factories/datasets",
			"apiVersion": "2018-06-01",
			"properties": {
				"linkedServiceName": {
					"referenceName": "MES",
					"type": "LinkedServiceReference"
				},
				"folder": {
					"name": "MES_SKYLAND"
				},
				"annotations": [],
				"type": "OracleTable",
				"schema": [],
				"typeProperties": {
					"schema": "MESEDI",
					"table": "Z_FSPRODUKTIONSAUFTRAG"
				}
			},
			"dependsOn": []
		},
		{
			"name": "[concat(parameters('factoryName'), '/DS_VW_VEEVA_HCO_HCP')]",
			"type": "Microsoft.DataFactory/factories/datasets",
			"apiVersion": "2018-06-01",
			"properties": {
				"linkedServiceName": {
					"referenceName": "SQL_AZUMCP",
					"type": "LinkedServiceReference",
					"parameters": {
						"SQLServerName": {
							"value": "@dataset().paramMCPSQLServer",
							"type": "Expression"
						},
						"SQLDatabaseName": {
							"value": "@dataset().paramMCPSQLDB",
							"type": "Expression"
						},
						"KeyVaultSecretName": {
							"value": "@dataset().paramMCPKVSecret",
							"type": "Expression"
						},
						"SQLAccount": {
							"value": "@dataset().paramMCPSQLAccount",
							"type": "Expression"
						}
					}
				},
				"parameters": {
					"paramMCPSQLServer": {
						"type": "string"
					},
					"paramMCPSQLDB": {
						"type": "string"
					},
					"paramMCPSQLAccount": {
						"type": "string"
					},
					"paramMCPKVSecret": {
						"type": "string"
					}
				},
				"folder": {
					"name": "MediSpend"
				},
				"annotations": [],
				"type": "SqlServerTable",
				"schema": [],
				"typeProperties": {}
			},
			"dependsOn": []
		},
		{
			"name": "[concat(parameters('factoryName'), '/DS_YVE_BADGE_DATA_SRC')]",
			"type": "Microsoft.DataFactory/factories/datasets",
			"apiVersion": "2018-06-01",
			"properties": {
				"linkedServiceName": {
					"referenceName": "SIPASS",
					"type": "LinkedServiceReference"
				},
				"annotations": [],
				"type": "SqlServerTable",
				"schema": [],
				"typeProperties": {}
			},
			"dependsOn": []
		},
		{
			"name": "[concat(parameters('factoryName'), '/DS_YVE_BADGE_DATA_TGT')]",
			"type": "Microsoft.DataFactory/factories/datasets",
			"apiVersion": "2018-06-01",
			"properties": {
				"linkedServiceName": {
					"referenceName": "AZSQLVM",
					"type": "LinkedServiceReference"
				},
				"annotations": [],
				"type": "SqlServerTable",
				"schema": [
					{
						"name": "Employee_No",
						"type": "varchar"
					},
					{
						"name": "Last_Name",
						"type": "varchar"
					},
					{
						"name": "First_Name",
						"type": "varchar"
					},
					{
						"name": "Card_Number",
						"type": "varchar"
					},
					{
						"name": "Work_Group",
						"type": "varchar"
					},
					{
						"name": "Swipe_Date",
						"type": "date"
					},
					{
						"name": "First_Swipe",
						"type": "varchar"
					},
					{
						"name": "Location",
						"type": "varchar"
					},
					{
						"name": "Last_Swipe",
						"type": "varchar"
					}
				],
				"typeProperties": {
					"schema": "PBI",
					"table": "STG_YVE_ACESS_JOURNAL"
				}
			},
			"dependsOn": []
		},
		{
			"name": "[concat(parameters('factoryName'), '/DS_lookup_bioplant_file_for_Empty_check')]",
			"type": "Microsoft.DataFactory/factories/datasets",
			"apiVersion": "2018-06-01",
			"properties": {
				"linkedServiceName": {
					"referenceName": "LK_BRONZE_BIOPLANT",
					"type": "LinkedServiceReference"
				},
				"annotations": [],
				"type": "DelimitedText",
				"typeProperties": {
					"location": {
						"type": "LakehouseLocation",
						"fileName": "TimetrackerEmptyFile.csv",
						"folderPath": "HR/POC/File_Landing_Path"
					},
					"columnDelimiter": ",",
					"escapeChar": "\\",
					"firstRowAsHeader": true,
					"quoteChar": "\""
				},
				"schema": [
					{
						"name": "ID",
						"type": "String"
					},
					{
						"name": "YEAR",
						"type": "String"
					},
					{
						"name": "MONTH",
						"type": "String"
					},
					{
						"name": "WORKING_HOURS",
						"type": "String"
					},
					{
						"name": "OVERTIME",
						"type": "String"
					},
					{
						"name": "CREATED_DT",
						"type": "String"
					},
					{
						"name": "CREATED_BY",
						"type": "String"
					},
					{
						"name": "MODIFIED_DT",
						"type": "String"
					},
					{
						"name": "MODIFIED_BY",
						"type": "String"
					},
					{
						"name": "Backfill_Head_Count",
						"type": "String"
					},
					{
						"name": "ABSENCES_SA_PERCENT",
						"type": "String"
					},
					{
						"name": "ABSENCE_EXCL_LONGTERM_PERCENT",
						"type": "String"
					},
					{
						"name": "CURRENT_HEAD_COUNT",
						"type": "String"
					}
				]
			},
			"dependsOn": []
		},
		{
			"name": "[concat(parameters('factoryName'), '/DS_lookup_bioplant_file_for_Normal_File_check')]",
			"type": "Microsoft.DataFactory/factories/datasets",
			"apiVersion": "2018-06-01",
			"properties": {
				"linkedServiceName": {
					"referenceName": "LK_BRONZE_BIOPLANT",
					"type": "LinkedServiceReference"
				},
				"annotations": [],
				"type": "DelimitedText",
				"typeProperties": {
					"location": {
						"type": "LakehouseLocation",
						"fileName": "poctimetracker.csv",
						"folderPath": "HR/POC/File_Landing_Path"
					},
					"columnDelimiter": ",",
					"escapeChar": "\\",
					"firstRowAsHeader": true,
					"quoteChar": "\""
				},
				"schema": [
					{
						"name": "ID",
						"type": "String"
					},
					{
						"name": "YEAR",
						"type": "String"
					},
					{
						"name": "MONTH",
						"type": "String"
					},
					{
						"name": "WORKING_HOURS",
						"type": "String"
					},
					{
						"name": "OVERTIME",
						"type": "String"
					},
					{
						"name": "CREATED_DT",
						"type": "String"
					},
					{
						"name": "CREATED_BY",
						"type": "String"
					},
					{
						"name": "MODIFIED_DT",
						"type": "String"
					},
					{
						"name": "MODIFIED_BY",
						"type": "String"
					},
					{
						"name": "Backfill_Head_Count",
						"type": "String"
					},
					{
						"name": "ABSENCES_SA_PERCENT",
						"type": "String"
					},
					{
						"name": "ABSENCE_EXCL_LONGTERM_PERCENT",
						"type": "String"
					},
					{
						"name": "CURRENT_HEAD_COUNT",
						"type": "String"
					}
				]
			},
			"dependsOn": []
		},
		{
			"name": "[concat(parameters('factoryName'), '/DS_m_zfvc_objstatus_LKH')]",
			"type": "Microsoft.DataFactory/factories/datasets",
			"apiVersion": "2018-06-01",
			"properties": {
				"linkedServiceName": {
					"referenceName": "LK_BRONZE_BIOPLANT",
					"type": "LinkedServiceReference"
				},
				"folder": {
					"name": "SAP"
				},
				"annotations": [],
				"type": "DelimitedText",
				"typeProperties": {
					"location": {
						"type": "LakehouseLocation",
						"fileName": "zfvc_objstatus_mfg.csv",
						"folderPath": "SAP"
					},
					"columnDelimiter": ",",
					"escapeChar": "\\",
					"firstRowAsHeader": true,
					"quoteChar": "\""
				},
				"schema": []
			},
			"dependsOn": []
		},
		{
			"name": "[concat(parameters('factoryName'), '/DS_m_zfvc_objstatus_ODATA')]",
			"type": "Microsoft.DataFactory/factories/datasets",
			"apiVersion": "2018-06-01",
			"properties": {
				"linkedServiceName": {
					"referenceName": "LS_ODATA_SAP_MFG_ORD_CDS",
					"type": "LinkedServiceReference"
				},
				"folder": {
					"name": "SAP"
				},
				"annotations": [],
				"type": "ODataResource",
				"schema": [],
				"typeProperties": {
					"path": "zfvc_objstatus"
				}
			},
			"dependsOn": []
		},
		{
			"name": "[concat(parameters('factoryName'), '/DS_timetrackertestforpoc')]",
			"type": "Microsoft.DataFactory/factories/datasets",
			"apiVersion": "2018-06-01",
			"properties": {
				"linkedServiceName": {
					"referenceName": "LK_BRONZE_BIOPLANT",
					"type": "LinkedServiceReference"
				},
				"annotations": [],
				"type": "DelimitedText",
				"typeProperties": {
					"location": {
						"type": "LakehouseLocation",
						"fileName": "TimetrackerEmptyFile.csv",
						"folderPath": "HR/POC/File_Landing_Path"
					},
					"columnDelimiter": ",",
					"escapeChar": "\\",
					"firstRowAsHeader": true,
					"quoteChar": "\""
				},
				"schema": []
			},
			"dependsOn": []
		},
		{
			"name": "[concat(parameters('factoryName'), '/DS_zfvc_maintorder_LKH')]",
			"type": "Microsoft.DataFactory/factories/datasets",
			"apiVersion": "2018-06-01",
			"properties": {
				"linkedServiceName": {
					"referenceName": "LK_BRONZE_BIOPLANT",
					"type": "LinkedServiceReference"
				},
				"folder": {
					"name": "SAP"
				},
				"annotations": [],
				"type": "DelimitedText",
				"typeProperties": {
					"location": {
						"type": "LakehouseLocation",
						"fileName": "zfvc_maintorder.csv",
						"folderPath": "SAP"
					},
					"columnDelimiter": ",",
					"escapeChar": "\\",
					"firstRowAsHeader": true,
					"quoteChar": "\""
				},
				"schema": []
			},
			"dependsOn": []
		},
		{
			"name": "[concat(parameters('factoryName'), '/DS_zfvc_maintorder_ODATA')]",
			"type": "Microsoft.DataFactory/factories/datasets",
			"apiVersion": "2018-06-01",
			"properties": {
				"linkedServiceName": {
					"referenceName": "LS_ODATA_SAP_MAINT_ORD_CDS",
					"type": "LinkedServiceReference"
				},
				"folder": {
					"name": "SAP"
				},
				"annotations": [],
				"type": "ODataResource",
				"schema": [],
				"typeProperties": {
					"path": "zfvc_maintorder"
				}
			},
			"dependsOn": []
		},
		{
			"name": "[concat(parameters('factoryName'), '/DS_zfvc_mfgorder_LKH')]",
			"type": "Microsoft.DataFactory/factories/datasets",
			"apiVersion": "2018-06-01",
			"properties": {
				"linkedServiceName": {
					"referenceName": "LK_BRONZE_BIOPLANT",
					"type": "LinkedServiceReference"
				},
				"folder": {
					"name": "SAP"
				},
				"annotations": [],
				"type": "DelimitedText",
				"typeProperties": {
					"location": {
						"type": "LakehouseLocation",
						"fileName": "zfvc_mfgorder.csv",
						"folderPath": "SAP"
					},
					"columnDelimiter": ",",
					"escapeChar": "\\",
					"firstRowAsHeader": true,
					"quoteChar": "\""
				},
				"schema": []
			},
			"dependsOn": []
		},
		{
			"name": "[concat(parameters('factoryName'), '/DS_zfvc_mfgorder_ODATA')]",
			"type": "Microsoft.DataFactory/factories/datasets",
			"apiVersion": "2018-06-01",
			"properties": {
				"linkedServiceName": {
					"referenceName": "LS_ODATA_SAP_MFG_ORD_CDS",
					"type": "LinkedServiceReference"
				},
				"folder": {
					"name": "SAP"
				},
				"annotations": [],
				"type": "ODataResource",
				"schema": [],
				"typeProperties": {
					"path": "zfvc_mfgorder"
				}
			},
			"dependsOn": []
		},
		{
			"name": "[concat(parameters('factoryName'), '/DS_zfvc_mfgordercomp_LKH')]",
			"type": "Microsoft.DataFactory/factories/datasets",
			"apiVersion": "2018-06-01",
			"properties": {
				"linkedServiceName": {
					"referenceName": "LK_BRONZE_BIOPLANT",
					"type": "LinkedServiceReference"
				},
				"folder": {
					"name": "SAP"
				},
				"annotations": [],
				"type": "DelimitedText",
				"typeProperties": {
					"location": {
						"type": "LakehouseLocation",
						"fileName": "zfvc_mfgordercomp.csv",
						"folderPath": "SAP"
					},
					"columnDelimiter": ",",
					"escapeChar": "\\",
					"firstRowAsHeader": true,
					"quoteChar": "\""
				},
				"schema": []
			},
			"dependsOn": []
		},
		{
			"name": "[concat(parameters('factoryName'), '/DS_zfvc_mfgordercomp_ODATA')]",
			"type": "Microsoft.DataFactory/factories/datasets",
			"apiVersion": "2018-06-01",
			"properties": {
				"linkedServiceName": {
					"referenceName": "LS_ODATA_SAP_MFG_ORD_COMP_CDS",
					"type": "LinkedServiceReference"
				},
				"folder": {
					"name": "SAP"
				},
				"annotations": [],
				"type": "ODataResource",
				"schema": [],
				"typeProperties": {
					"path": "zfvc_mfgordercomp"
				}
			},
			"dependsOn": []
		},
		{
			"name": "[concat(parameters('factoryName'), '/DS_zfvc_mfgorderconf_LKH')]",
			"type": "Microsoft.DataFactory/factories/datasets",
			"apiVersion": "2018-06-01",
			"properties": {
				"linkedServiceName": {
					"referenceName": "LK_BRONZE_BIOPLANT",
					"type": "LinkedServiceReference"
				},
				"folder": {
					"name": "SAP"
				},
				"annotations": [],
				"type": "DelimitedText",
				"typeProperties": {
					"location": {
						"type": "LakehouseLocation",
						"fileName": "zfvc_mfgorderconf.csv",
						"folderPath": "SAP"
					},
					"columnDelimiter": ",",
					"escapeChar": "\\",
					"firstRowAsHeader": true,
					"quoteChar": "\""
				},
				"schema": []
			},
			"dependsOn": []
		},
		{
			"name": "[concat(parameters('factoryName'), '/DS_zfvc_mfgorderconf_ODATA')]",
			"type": "Microsoft.DataFactory/factories/datasets",
			"apiVersion": "2018-06-01",
			"properties": {
				"linkedServiceName": {
					"referenceName": "LS_ODTA_SAP_MFG_ORD_CONF_CDS",
					"type": "LinkedServiceReference"
				},
				"folder": {
					"name": "SAP"
				},
				"annotations": [],
				"type": "ODataResource",
				"schema": [],
				"typeProperties": {
					"path": "zfvc_mfgorderconf"
				}
			},
			"dependsOn": []
		},
		{
			"name": "[concat(parameters('factoryName'), '/DS_zfvc_objstatus_LKH')]",
			"type": "Microsoft.DataFactory/factories/datasets",
			"apiVersion": "2018-06-01",
			"properties": {
				"linkedServiceName": {
					"referenceName": "LK_BRONZE_BIOPLANT",
					"type": "LinkedServiceReference"
				},
				"folder": {
					"name": "SAP"
				},
				"annotations": [],
				"type": "DelimitedText",
				"typeProperties": {
					"location": {
						"type": "LakehouseLocation",
						"fileName": "zfvc_objstatus.csv",
						"folderPath": "SAP"
					},
					"columnDelimiter": ",",
					"escapeChar": "\\",
					"firstRowAsHeader": true,
					"quoteChar": "\""
				},
				"schema": []
			},
			"dependsOn": []
		},
		{
			"name": "[concat(parameters('factoryName'), '/DS_zfvc_objstatus_ODATA')]",
			"type": "Microsoft.DataFactory/factories/datasets",
			"apiVersion": "2018-06-01",
			"properties": {
				"linkedServiceName": {
					"referenceName": "LS_ODATA_SAP_MAINT_ORD_CDS",
					"type": "LinkedServiceReference"
				},
				"folder": {
					"name": "SAP"
				},
				"annotations": [],
				"type": "ODataResource",
				"schema": [],
				"typeProperties": {
					"path": "zfvc_objstatus"
				}
			},
			"dependsOn": []
		}
	]
}