{
	"$schema": "http://schema.management.azure.com/schemas/2015-01-01/deploymentTemplate.json#",
	"contentVersion": "1.0.0.0",
	"parameters": {
		"factoryName": {
			"type": "string",
			"metadata": "Data Factory name",
			"defaultValue": "Dfact-DataIntegrationServices"
		}
	},
	"variables": {
		"factoryId": "[concat('Microsoft.DataFactory/factories/', parameters('factoryName'))]"
	},
	"resources": [
		{
			"name": "[concat(parameters('factoryName'), '/D_Distributor')]",
			"type": "Microsoft.DataFactory/factories/datasets",
			"apiVersion": "2018-06-01",
			"properties": {
				"linkedServiceName": {
					"referenceName": "Global_DB_Connection",
					"type": "LinkedServiceReference"
				},
				"annotations": [],
				"type": "AzureSqlTable",
				"schema": [
					{
						"name": "DISTRIBUTOR_KEY",
						"type": "int",
						"precision": 10
					},
					{
						"name": "DISTRIBUTOR_ID",
						"type": "nvarchar"
					},
					{
						"name": "DISTRIBUTOR_NAME",
						"type": "nvarchar"
					},
					{
						"name": "DISTRIBUTOR_GROUP",
						"type": "nvarchar"
					},
					{
						"name": "DISTRIBUTOR_GROUP_SNM",
						"type": "nvarchar"
					},
					{
						"name": "SRC_TYPE",
						"type": "nvarchar"
					},
					{
						"name": "CREATED_DT",
						"type": "datetime",
						"precision": 23,
						"scale": 3
					},
					{
						"name": "CREATED_BY",
						"type": "nvarchar"
					},
					{
						"name": "MODIFIED_DT",
						"type": "datetime",
						"precision": 23,
						"scale": 3
					},
					{
						"name": "MODIFIED_BY",
						"type": "nvarchar"
					},
					{
						"name": "ETL_ID",
						"type": "nvarchar"
					},
					{
						"name": "Address_Line1",
						"type": "nvarchar"
					},
					{
						"name": "Address_Line2",
						"type": "nvarchar"
					},
					{
						"name": "Address_Line3",
						"type": "nvarchar"
					},
					{
						"name": "City",
						"type": "nvarchar"
					},
					{
						"name": "State",
						"type": "nvarchar"
					},
					{
						"name": "Country",
						"type": "nvarchar"
					}
				],
				"typeProperties": {
					"schema": "dbo",
					"table": "D_Distributor_adf"
				}
			},
			"dependsOn": []
		},
		{
			"name": "[concat(parameters('factoryName'), '/EU_D_Product')]",
			"type": "Microsoft.DataFactory/factories/datasets",
			"apiVersion": "2018-06-01",
			"properties": {
				"linkedServiceName": {
					"referenceName": "Europe_DB_Connection",
					"type": "LinkedServiceReference"
				},
				"annotations": [],
				"type": "AzureSqlTable",
				"schema": [
					{
						"name": "PRODUCT_KEY",
						"type": "int",
						"precision": 10
					},
					{
						"name": "SKU",
						"type": "nvarchar"
					},
					{
						"name": "SKU_ID",
						"type": "nvarchar"
					},
					{
						"name": "PRODUCT_NAME",
						"type": "nvarchar"
					},
					{
						"name": "PRODUCT_STATUS",
						"type": "nvarchar"
					},
					{
						"name": "CREATED_DT",
						"type": "datetime",
						"precision": 23,
						"scale": 3
					},
					{
						"name": "CREATED_BY",
						"type": "nvarchar"
					},
					{
						"name": "MODIFIED_DT",
						"type": "datetime",
						"precision": 23,
						"scale": 3
					},
					{
						"name": "MODIFIED_BY",
						"type": "nvarchar"
					},
					{
						"name": "ETL_ID",
						"type": "nvarchar"
					},
					{
						"name": "BRAND",
						"type": "nvarchar"
					}
				],
				"typeProperties": {
					"schema": "dbo",
					"table": "D_Product"
				}
			},
			"dependsOn": []
		},
		{
			"name": "[concat(parameters('factoryName'), '/Europe_DW_Connection')]",
			"type": "Microsoft.DataFactory/factories/datasets",
			"apiVersion": "2018-06-01",
			"properties": {
				"linkedServiceName": {
					"referenceName": "Europe_DB_Connection",
					"type": "LinkedServiceReference"
				},
				"folder": {
					"name": "1.Informatica_Datasets/GlobalDWInvoice"
				},
				"annotations": [],
				"type": "AzureSqlTable",
				"schema": [],
				"typeProperties": {}
			},
			"dependsOn": []
		},
		{
			"name": "[concat(parameters('factoryName'), '/F_DAILY_BUDGET')]",
			"type": "Microsoft.DataFactory/factories/datasets",
			"apiVersion": "2018-06-01",
			"properties": {
				"linkedServiceName": {
					"referenceName": "Global_DB_Connection",
					"type": "LinkedServiceReference"
				},
				"folder": {
					"name": "1.Informatica_Datasets/GlobalDWInvoice/DAILY_BUDGET"
				},
				"annotations": [],
				"type": "AzureSqlTable",
				"schema": [
					{
						"name": "Day",
						"type": "date"
					},
					{
						"name": "Bottle_Budget",
						"type": "int",
						"precision": 10
					},
					{
						"name": "Revenue_Budget",
						"type": "decimal",
						"precision": 38,
						"scale": 6
					},
					{
						"name": "Revenue_Budget_Gross",
						"type": "decimal",
						"precision": 38,
						"scale": 6
					},
					{
						"name": "Brand",
						"type": "nvarchar"
					},
					{
						"name": "Ship_to_country",
						"type": "nvarchar"
					},
					{
						"name": "Incyte_country",
						"type": "nvarchar"
					},
					{
						"name": "CREATED_DT",
						"type": "datetime",
						"precision": 23,
						"scale": 3
					},
					{
						"name": "CREATED_BY",
						"type": "nvarchar"
					},
					{
						"name": "MODIFIED_DT",
						"type": "datetime",
						"precision": 23,
						"scale": 3
					},
					{
						"name": "MODIFIED_BY",
						"type": "nvarchar"
					},
					{
						"name": "ETL_ID",
						"type": "nvarchar"
					}
				],
				"typeProperties": {
					"schema": "dbo",
					"table": "F_DAILY_BUDGETS_ADF"
				}
			},
			"dependsOn": []
		},
		{
			"name": "[concat(parameters('factoryName'), '/F_DAILY_FORECAST')]",
			"type": "Microsoft.DataFactory/factories/datasets",
			"apiVersion": "2018-06-01",
			"properties": {
				"linkedServiceName": {
					"referenceName": "Global_DB_Connection",
					"type": "LinkedServiceReference"
				},
				"folder": {
					"name": "1.Informatica_Datasets/GlobalDWInvoice/FORECAST"
				},
				"annotations": [],
				"type": "AzureSqlTable",
				"schema": [
					{
						"name": "Day",
						"type": "date"
					},
					{
						"name": "Bottle_Forecast",
						"type": "int",
						"precision": 10
					},
					{
						"name": "Revenue_Forecast",
						"type": "decimal",
						"precision": 38,
						"scale": 6
					},
					{
						"name": "Revenue_Forecast_Gross",
						"type": "decimal",
						"precision": 38,
						"scale": 6
					},
					{
						"name": "Brand",
						"type": "nvarchar"
					},
					{
						"name": "Ship_to_country",
						"type": "nvarchar"
					},
					{
						"name": "Incyte_country",
						"type": "nvarchar"
					},
					{
						"name": "CREATED_DT",
						"type": "datetime",
						"precision": 23,
						"scale": 3
					},
					{
						"name": "CREATED_BY",
						"type": "nvarchar"
					},
					{
						"name": "MODIFIED_DT",
						"type": "datetime",
						"precision": 23,
						"scale": 3
					},
					{
						"name": "MODIFIED_BY",
						"type": "nvarchar"
					},
					{
						"name": "ETL_ID",
						"type": "nvarchar"
					}
				],
				"typeProperties": {
					"schema": "dbo",
					"table": "F_DAILY_FORECAST_ADF"
				}
			},
			"dependsOn": []
		},
		{
			"name": "[concat(parameters('factoryName'), '/F_INVOICE')]",
			"type": "Microsoft.DataFactory/factories/datasets",
			"apiVersion": "2018-06-01",
			"properties": {
				"linkedServiceName": {
					"referenceName": "Global_DB_Connection",
					"type": "LinkedServiceReference"
				},
				"folder": {
					"name": "1.Informatica_Datasets/GlobalDWInvoice"
				},
				"annotations": [],
				"type": "AzureSqlTable",
				"schema": [
					{
						"name": "Invoice_Key",
						"type": "int",
						"precision": 10
					},
					{
						"name": "Distributor_Key",
						"type": "int",
						"precision": 10
					},
					{
						"name": "Product_Key",
						"type": "int",
						"precision": 10
					},
					{
						"name": "Invoice_Dt_Key",
						"type": "int",
						"precision": 10
					},
					{
						"name": "Currency_Key",
						"type": "int",
						"precision": 10
					},
					{
						"name": "Price_Key",
						"type": "int",
						"precision": 10
					},
					{
						"name": "Country_Key",
						"type": "int",
						"precision": 10
					},
					{
						"name": "INVOICE_NUMBER",
						"type": "nvarchar"
					},
					{
						"name": "INVOICE_LINE_NUMBER",
						"type": "nvarchar"
					},
					{
						"name": "INVOICE_DATE",
						"type": "date"
					},
					{
						"name": "ORDER_NUMBER",
						"type": "decimal",
						"precision": 38,
						"scale": 2
					},
					{
						"name": "ORDER_LINE_NUMBER",
						"type": "decimal",
						"precision": 38,
						"scale": 2
					},
					{
						"name": "ORDER_DATE",
						"type": "date"
					},
					{
						"name": "ORDER_LINES_TOTAL",
						"type": "decimal",
						"precision": 38,
						"scale": 2
					},
					{
						"name": "ORDER_TOTAL",
						"type": "decimal",
						"precision": 38,
						"scale": 2
					},
					{
						"name": "TOTAL_AMOUNT_EXCLUDING_VAT",
						"type": "decimal",
						"precision": 38,
						"scale": 2
					},
					{
						"name": "TOTAL_TAX_AMOUNT",
						"type": "decimal",
						"precision": 38,
						"scale": 2
					},
					{
						"name": "TOTAL_AMOUNT_INCLUDING_VAT",
						"type": "decimal",
						"precision": 38,
						"scale": 2
					},
					{
						"name": "INVOICE_ADJUSTMENT_AMOUNT",
						"type": "decimal",
						"precision": 38,
						"scale": 2
					},
					{
						"name": "DUE_DATE",
						"type": "date"
					},
					{
						"name": "ORDER_TYPE",
						"type": "nvarchar"
					},
					{
						"name": "ORDER_TYPE_DESCRIPTION",
						"type": "nvarchar"
					},
					{
						"name": "SALES_PRICE",
						"type": "decimal",
						"precision": 38,
						"scale": 2
					},
					{
						"name": "QUANTITY",
						"type": "decimal",
						"precision": 38,
						"scale": 2
					},
					{
						"name": "AMOUNT",
						"type": "decimal",
						"precision": 38,
						"scale": 2
					},
					{
						"name": "AMOUNT_FILTERED",
						"type": "decimal",
						"precision": 38,
						"scale": 2
					},
					{
						"name": "RETAIL_PRICE",
						"type": "decimal",
						"precision": 38,
						"scale": 2
					},
					{
						"name": "NET_PRICE",
						"type": "decimal",
						"precision": 38,
						"scale": 2
					},
					{
						"name": "ORDER_CATEGORY",
						"type": "nvarchar"
					},
					{
						"name": "ORDER_CATEGORY_DESCRIPTION",
						"type": "nvarchar"
					},
					{
						"name": "SRC_SYSTEM",
						"type": "nvarchar"
					},
					{
						"name": "CREATED_DT",
						"type": "datetime",
						"precision": 23,
						"scale": 3
					},
					{
						"name": "CREATED_BY",
						"type": "nvarchar"
					},
					{
						"name": "MODIFIED_DT",
						"type": "datetime",
						"precision": 23,
						"scale": 3
					},
					{
						"name": "MODIFIED_BY",
						"type": "nvarchar"
					},
					{
						"name": "ETL_ID",
						"type": "nvarchar"
					},
					{
						"name": "INCYTE_COUNTRY",
						"type": "nvarchar"
					},
					{
						"name": "ACT_PRICE",
						"type": "decimal",
						"precision": 38,
						"scale": 2
					}
				],
				"typeProperties": {
					"schema": "dbo",
					"table": "F_INVOICE"
				}
			},
			"dependsOn": []
		},
		{
			"name": "[concat(parameters('factoryName'), '/F_PRICES_OT')]",
			"type": "Microsoft.DataFactory/factories/datasets",
			"apiVersion": "2018-06-01",
			"properties": {
				"linkedServiceName": {
					"referenceName": "Global_DB_Connection",
					"type": "LinkedServiceReference"
				},
				"folder": {
					"name": "1.Informatica_Datasets/GlobalDWInvoice"
				},
				"annotations": [],
				"type": "AzureSqlTable",
				"schema": [
					{
						"name": "PRICE_KEY",
						"type": "int",
						"precision": 10
					},
					{
						"name": "MONTH_YR",
						"type": "nvarchar"
					},
					{
						"name": "SKU",
						"type": "nvarchar"
					},
					{
						"name": "COUNTRY_CD",
						"type": "nvarchar"
					},
					{
						"name": "INCY_COUNTRY_CD",
						"type": "nvarchar"
					},
					{
						"name": "PRICE",
						"type": "decimal",
						"precision": 38,
						"scale": 12
					},
					{
						"name": "BRAND",
						"type": "nvarchar"
					},
					{
						"name": "CREATED_DT",
						"type": "datetime",
						"precision": 23,
						"scale": 3
					},
					{
						"name": "CREATED_BY",
						"type": "nvarchar"
					},
					{
						"name": "MODIFIED_DT",
						"type": "datetime",
						"precision": 23,
						"scale": 3
					},
					{
						"name": "MODIFIED_BY",
						"type": "nvarchar"
					},
					{
						"name": "ETL_ID",
						"type": "nvarchar"
					},
					{
						"name": "PRICE_ACT",
						"type": "decimal",
						"precision": 38,
						"scale": 12
					}
				],
				"typeProperties": {
					"schema": "dbo",
					"table": "F_PRICES_OT"
				}
			},
			"dependsOn": []
		},
		{
			"name": "[concat(parameters('factoryName'), '/F_PRICES_PI')]",
			"type": "Microsoft.DataFactory/factories/datasets",
			"apiVersion": "2018-06-01",
			"properties": {
				"linkedServiceName": {
					"referenceName": "Global_DB_Connection",
					"type": "LinkedServiceReference"
				},
				"folder": {
					"name": "1.Informatica_Datasets/GlobalDWInvoice"
				},
				"annotations": [],
				"type": "AzureSqlTable",
				"schema": [
					{
						"name": "PRICE_KEY",
						"type": "int",
						"precision": 10
					},
					{
						"name": "MONTH_YR",
						"type": "nvarchar"
					},
					{
						"name": "SKU",
						"type": "nvarchar"
					},
					{
						"name": "COUNTRY_CD",
						"type": "nvarchar"
					},
					{
						"name": "INCY_COUNTRY_CD",
						"type": "nvarchar"
					},
					{
						"name": "PRICE",
						"type": "decimal",
						"precision": 38,
						"scale": 12
					},
					{
						"name": "CREATED_DT",
						"type": "datetime",
						"precision": 23,
						"scale": 3
					},
					{
						"name": "CREATED_BY",
						"type": "nvarchar"
					},
					{
						"name": "MODIFIED_DT",
						"type": "datetime",
						"precision": 23,
						"scale": 3
					},
					{
						"name": "MODIFIED_BY",
						"type": "nvarchar"
					},
					{
						"name": "ETL_ID",
						"type": "nvarchar"
					},
					{
						"name": "BRAND",
						"type": "nvarchar"
					},
					{
						"name": "PRICE_ACT",
						"type": "decimal",
						"precision": 38,
						"scale": 12
					}
				],
				"typeProperties": {
					"schema": "dbo",
					"table": "F_PRICES_PI"
				}
			},
			"dependsOn": []
		},
		{
			"name": "[concat(parameters('factoryName'), '/Global_DW_Connection')]",
			"type": "Microsoft.DataFactory/factories/datasets",
			"apiVersion": "2018-06-01",
			"properties": {
				"linkedServiceName": {
					"referenceName": "Global_DB_Connection",
					"type": "LinkedServiceReference"
				},
				"folder": {
					"name": "1.Informatica_Datasets/Informatica_Datasets"
				},
				"annotations": [],
				"type": "AzureSqlTable",
				"schema": [],
				"typeProperties": {}
			},
			"dependsOn": []
		},
		{
			"name": "[concat(parameters('factoryName'), '/ICS_Product_master')]",
			"type": "Microsoft.DataFactory/factories/datasets",
			"apiVersion": "2018-06-01",
			"properties": {
				"linkedServiceName": {
					"referenceName": "DIS_ADLS_G2",
					"type": "LinkedServiceReference"
				},
				"folder": {
					"name": "1.Informatica_Datasets/GlobalDWInvoice"
				},
				"annotations": [],
				"type": "DelimitedText",
				"typeProperties": {
					"location": {
						"type": "AzureBlobFSLocation",
						"fileName": "Product_Master.txt",
						"folderPath": "FDWH",
						"fileSystem": "srcfiles"
					},
					"columnDelimiter": "|",
					"escapeChar": "\\",
					"firstRowAsHeader": false,
					"quoteChar": "\""
				},
				"schema": [
					{
						"name": "CSTCNTR",
						"type": "String"
					},
					{
						"name": "MPRDCTSK",
						"type": "String"
					},
					{
						"name": "Status",
						"type": "String"
					},
					{
						"name": "PRDCTCD",
						"type": "String"
					},
					{
						"name": "ShortNBR",
						"type": "String"
					},
					{
						"name": "DESCR",
						"type": "String"
					},
					{
						"name": "Internalname",
						"type": "String"
					},
					{
						"name": "PRDCTtype",
						"type": "String"
					},
					{
						"name": "CommodityCD",
						"type": "String"
					},
					{
						"name": "PRDCTGRP",
						"type": "String"
					},
					{
						"name": "ACCTGRP",
						"type": "String"
					},
					{
						"name": "PRDCTCTGRY1",
						"type": "String"
					},
					{
						"name": "PRDCTCTGRY2",
						"type": "String"
					},
					{
						"name": "PRDCTCTGRY3",
						"type": "String"
					},
					{
						"name": "FictitiousPRDCT",
						"type": "String"
					},
					{
						"name": "Timeaxis",
						"type": "String"
					},
					{
						"name": "Lot",
						"type": "String"
					},
					{
						"name": "SerialNBRtracking",
						"type": "String"
					},
					{
						"name": "CreationDT",
						"type": "Datetime"
					},
					{
						"name": "Stockunit",
						"type": "String"
					},
					{
						"name": "MainSPLRNBR",
						"type": "String"
					},
					{
						"name": "DefaultSLSunit",
						"type": "String"
					},
					{
						"name": "LSTpurchasecost",
						"type": "String"
					},
					{
						"name": "Averagepurchasecost",
						"type": "String"
					},
					{
						"name": "Standardcost",
						"type": "String"
					},
					{
						"name": "Userdefinednumericfield1",
						"type": "String"
					},
					{
						"name": "Userdefinednumericfield2",
						"type": "String"
					},
					{
						"name": "Userdefinedalphafield1",
						"type": "String"
					},
					{
						"name": "Userdefinedalphafield2",
						"type": "String"
					},
					{
						"name": "Lotsecuritydays",
						"type": "String"
					},
					{
						"name": "SellByDTFLG",
						"type": "String"
					},
					{
						"name": "Goodstype",
						"type": "String"
					},
					{
						"name": "ShipmentGRP",
						"type": "String"
					},
					{
						"name": "ItemSegment04",
						"type": "String"
					},
					{
						"name": "FIELD35",
						"type": "String"
					},
					{
						"name": "FIELD36",
						"type": "String"
					},
					{
						"name": "FIELD37",
						"type": "String"
					},
					{
						"name": "FIELD38",
						"type": "String"
					},
					{
						"name": "FIELD39",
						"type": "String"
					},
					{
						"name": "FIELD40",
						"type": "String"
					},
					{
						"name": "FIELD41",
						"type": "String"
					},
					{
						"name": "FIELD42",
						"type": "String"
					}
				]
			},
			"dependsOn": []
		},
		{
			"name": "[concat(parameters('factoryName'), '/Invoice_Header_ICS')]",
			"type": "Microsoft.DataFactory/factories/datasets",
			"apiVersion": "2018-06-01",
			"properties": {
				"linkedServiceName": {
					"referenceName": "DIS_ADLS_G2",
					"type": "LinkedServiceReference"
				},
				"folder": {
					"name": "1.Informatica_Datasets/GlobalDWInvoice"
				},
				"annotations": [],
				"type": "DelimitedText",
				"typeProperties": {
					"location": {
						"type": "AzureBlobFSLocation",
						"fileName": "Invoice_Header.txt",
						"folderPath": "ICS_Source_Files",
						"fileSystem": "globaldatawarehouse"
					},
					"columnDelimiter": "|",
					"escapeChar": "\\",
					"firstRowAsHeader": false,
					"quoteChar": "\""
				},
				"schema": [
					{
						"name": "RCDNBR",
						"type": "String"
					},
					{
						"name": "CSTCNTR",
						"type": "String"
					},
					{
						"name": "INVNBR",
						"type": "String"
					},
					{
						"name": "Type",
						"type": "String"
					},
					{
						"name": "INVYR",
						"type": "String"
					},
					{
						"name": "ORDNBR",
						"type": "String"
					},
					{
						"name": "INVDT",
						"type": "Datetime"
					},
					{
						"name": "CUSTNBRSK",
						"type": "String"
					},
					{
						"name": "CUSTName",
						"type": "String"
					},
					{
						"name": "CUSTNBR",
						"type": "String"
					},
					{
						"name": "INVCUSTNBRSK",
						"type": "Number"
					},
					{
						"name": "INVCUSTNBR",
						"type": "String"
					},
					{
						"name": "TermsOfPYMTSK",
						"type": "Number"
					},
					{
						"name": "TermsOfPYMT",
						"type": "String"
					},
					{
						"name": "TermsOfPYMTDESCR",
						"type": "String"
					},
					{
						"name": "TermsOfDeliverySK",
						"type": "Number"
					},
					{
						"name": "TermsOfDelivery",
						"type": "String"
					},
					{
						"name": "MannerOfTRNSPRTSK",
						"type": "Number"
					},
					{
						"name": "MannerOfTRNSPRT",
						"type": "String"
					},
					{
						"name": "MannerOfTRNSPRTDESCR",
						"type": "String"
					},
					{
						"name": "ORDReference",
						"type": "String"
					},
					{
						"name": "ORDDT",
						"type": "Datetime"
					},
					{
						"name": "ORDLinesTotal",
						"type": "Number"
					},
					{
						"name": "ORDTotal",
						"type": "Number"
					},
					{
						"name": "INVAMTExcludingVAT",
						"type": "Number"
					},
					{
						"name": "INVTaxAMT",
						"type": "Number"
					},
					{
						"name": "INVAMTIncludingVAT",
						"type": "Number"
					},
					{
						"name": "INVAdjustmentAMT",
						"type": "Number"
					},
					{
						"name": "DueDT",
						"type": "Datetime"
					},
					{
						"name": "HandlerSK",
						"type": "String"
					},
					{
						"name": "Handler",
						"type": "String"
					},
					{
						"name": "Goodsmarking",
						"type": "String"
					},
					{
						"name": "CUSTsSPLRsORDNBRReference",
						"type": "String"
					},
					{
						"name": "CNTRY",
						"type": "String"
					},
					{
						"name": "RSNCDSK",
						"type": "String"
					},
					{
						"name": "RSNCD",
						"type": "String"
					},
					{
						"name": "RSNCDDESCR",
						"type": "String"
					},
					{
						"name": "DebtorNBRSK",
						"type": "String"
					},
					{
						"name": "DebtorNBR",
						"type": "String"
					},
					{
						"name": "ReferenceNBR",
						"type": "String"
					},
					{
						"name": "EDITradingPartnerID",
						"type": "String"
					},
					{
						"name": "CUSTORDPONBR",
						"type": "String"
					},
					{
						"name": "INVDT_TimeCdSK",
						"type": "Number"
					},
					{
						"name": "ORDDT_TimeCdSK",
						"type": "Number"
					},
					{
						"name": "DueDT_TimeCdSK",
						"type": "Number"
					},
					{
						"name": "FIELD46",
						"type": "String"
					},
					{
						"name": "FIELD47",
						"type": "String"
					},
					{
						"name": "FIELD48",
						"type": "String"
					},
					{
						"name": "FIELD49",
						"type": "String"
					},
					{
						"name": "FIELD50",
						"type": "String"
					},
					{
						"name": "FIELD51",
						"type": "String"
					},
					{
						"name": "FIELD52",
						"type": "String"
					},
					{
						"name": "FIELD53",
						"type": "String"
					}
				]
			},
			"dependsOn": []
		},
		{
			"name": "[concat(parameters('factoryName'), '/Invoice_Header_Innomar')]",
			"type": "Microsoft.DataFactory/factories/datasets",
			"apiVersion": "2018-06-01",
			"properties": {
				"linkedServiceName": {
					"referenceName": "DIS_ADLS_G2",
					"type": "LinkedServiceReference"
				},
				"folder": {
					"name": "1.Informatica_Datasets/GlobalDWInvoice/DS_INNOMOR_FEED"
				},
				"annotations": [],
				"type": "DelimitedText",
				"typeProperties": {
					"location": {
						"type": "AzureBlobFSLocation",
						"fileName": "Invoice_Header.txt",
						"folderPath": "Innomar",
						"fileSystem": "globaldatawarehouse"
					},
					"columnDelimiter": "|",
					"escapeChar": "\\",
					"firstRowAsHeader": false,
					"quoteChar": "\""
				},
				"schema": [
					{
						"name": "RCDNBR",
						"type": "String"
					},
					{
						"name": "CSTCNTR",
						"type": "String"
					},
					{
						"name": "INVNBR",
						"type": "String"
					},
					{
						"name": "Type",
						"type": "String"
					},
					{
						"name": "INVYR",
						"type": "String"
					},
					{
						"name": "ORDNBR",
						"type": "String"
					},
					{
						"name": "INVDT",
						"type": "Datetime"
					},
					{
						"name": "CUSTNBRSK",
						"type": "String"
					},
					{
						"name": "CUSTName",
						"type": "String"
					},
					{
						"name": "CUSTNBR",
						"type": "String"
					},
					{
						"name": "INVCUSTNBRSK",
						"type": "Number"
					},
					{
						"name": "INVCUSTNBR",
						"type": "String"
					},
					{
						"name": "TermsOfPYMTSK",
						"type": "Number"
					},
					{
						"name": "TermsOfPYMT",
						"type": "String"
					},
					{
						"name": "TermsOfPYMTDESCR",
						"type": "String"
					},
					{
						"name": "TermsOfDeliverySK",
						"type": "Number"
					},
					{
						"name": "TermsOfDelivery",
						"type": "String"
					},
					{
						"name": "MannerOfTRNSPRTSK",
						"type": "Number"
					},
					{
						"name": "MannerOfTRNSPRT",
						"type": "String"
					},
					{
						"name": "MannerOfTRNSPRTDESCR",
						"type": "String"
					},
					{
						"name": "ORDReference",
						"type": "String"
					},
					{
						"name": "ORDDT",
						"type": "Datetime"
					},
					{
						"name": "ORDLinesTotal",
						"type": "Number"
					},
					{
						"name": "ORDTotal",
						"type": "Number"
					},
					{
						"name": "INVAMTExcludingVAT",
						"type": "Number"
					},
					{
						"name": "INVTaxAMT",
						"type": "Number"
					},
					{
						"name": "INVAMTIncludingVAT",
						"type": "Number"
					},
					{
						"name": "INVAdjustmentAMT",
						"type": "Number"
					},
					{
						"name": "DueDT",
						"type": "Datetime"
					},
					{
						"name": "HandlerSK",
						"type": "String"
					},
					{
						"name": "Handler",
						"type": "String"
					},
					{
						"name": "Goodsmarking",
						"type": "String"
					},
					{
						"name": "CUSTsSPLRsORDNBRReference",
						"type": "String"
					},
					{
						"name": "CNTRY",
						"type": "String"
					},
					{
						"name": "RSNCDSK",
						"type": "String"
					},
					{
						"name": "RSNCD",
						"type": "String"
					},
					{
						"name": "RSNCDDESCR",
						"type": "String"
					},
					{
						"name": "DebtorNBRSK",
						"type": "String"
					},
					{
						"name": "DebtorNBR",
						"type": "String"
					},
					{
						"name": "ReferenceNBR",
						"type": "String"
					},
					{
						"name": "EDITradingPartnerID",
						"type": "String"
					},
					{
						"name": "CUSTORDPONBR",
						"type": "String"
					},
					{
						"name": "INVDT_TimeCdSK",
						"type": "Number"
					},
					{
						"name": "ORDDT_TimeCdSK",
						"type": "Number"
					},
					{
						"name": "DueDT_TimeCdSK",
						"type": "Number"
					},
					{
						"name": "FIELD46",
						"type": "String"
					},
					{
						"name": "FIELD47",
						"type": "String"
					},
					{
						"name": "FIELD48",
						"type": "String"
					},
					{
						"name": "FIELD49",
						"type": "String"
					},
					{
						"name": "FIELD50",
						"type": "String"
					},
					{
						"name": "FIELD51",
						"type": "String"
					},
					{
						"name": "FIELD52",
						"type": "String"
					},
					{
						"name": "FIELD53",
						"type": "String"
					}
				]
			},
			"dependsOn": []
		},
		{
			"name": "[concat(parameters('factoryName'), '/Invoice_Line_ICS')]",
			"type": "Microsoft.DataFactory/factories/datasets",
			"apiVersion": "2018-06-01",
			"properties": {
				"linkedServiceName": {
					"referenceName": "DIS_ADLS_G2",
					"type": "LinkedServiceReference"
				},
				"folder": {
					"name": "1.Informatica_Datasets/GlobalDWInvoice"
				},
				"annotations": [],
				"type": "DelimitedText",
				"typeProperties": {
					"location": {
						"type": "AzureBlobFSLocation",
						"fileName": "Invoice_Line.txt",
						"folderPath": "ICS_Source_Files",
						"fileSystem": "globaldatawarehouse"
					},
					"columnDelimiter": "|",
					"escapeChar": "\\",
					"firstRowAsHeader": false,
					"quoteChar": "\""
				},
				"schema": [
					{
						"name": "RCDNBR",
						"type": "Number"
					},
					{
						"name": "CSTCNTR",
						"type": "String"
					},
					{
						"name": "INVNBR",
						"type": "String"
					},
					{
						"name": "INVLINENBR",
						"type": "String"
					},
					{
						"name": "TYPE",
						"type": "String"
					},
					{
						"name": "INVYR",
						"type": "String"
					},
					{
						"name": "ORDNBR",
						"type": "String"
					},
					{
						"name": "ORDLINENBR",
						"type": "String"
					},
					{
						"name": "PRDCTCDSK",
						"type": "String"
					},
					{
						"name": "PRDCTCD",
						"type": "String"
					},
					{
						"name": "PRDCTCDDESCR",
						"type": "String"
					},
					{
						"name": "QTY",
						"type": "Number"
					},
					{
						"name": "INVDT",
						"type": "Datetime"
					},
					{
						"name": "CUSTSK",
						"type": "Number"
					},
					{
						"name": "CUSTNBR",
						"type": "String"
					},
					{
						"name": "INVDQTYSLSUNIT",
						"type": "String"
					},
					{
						"name": "UNIT",
						"type": "String"
					},
					{
						"name": "DELIVERYDT",
						"type": "Datetime"
					},
					{
						"name": "SLSPRICE",
						"type": "Number"
					},
					{
						"name": "DISCOUNTPERCENTAGE",
						"type": "String"
					},
					{
						"name": "DISCOUNTAMT",
						"type": "String"
					},
					{
						"name": "AMT",
						"type": "String"
					},
					{
						"name": "FREEOFCHARGE",
						"type": "String"
					},
					{
						"name": "RETAILPRICE",
						"type": "String"
					},
					{
						"name": "TRANTYPE",
						"type": "String"
					},
					{
						"name": "COSTPRICE",
						"type": "Number"
					},
					{
						"name": "PRDCTGRPSK",
						"type": "Number"
					},
					{
						"name": "PRDCTGRP",
						"type": "String"
					},
					{
						"name": "PRDCTACCTGRP",
						"type": "String"
					},
					{
						"name": "PRDCTCTGRY1SK",
						"type": "String"
					},
					{
						"name": "PRDCTCTGRY1",
						"type": "String"
					},
					{
						"name": "PRDCTCTGRY2SK",
						"type": "String"
					},
					{
						"name": "PRDCTCTGRY2",
						"type": "String"
					},
					{
						"name": "PRDCTCTGRY3SK",
						"type": "Number"
					},
					{
						"name": "PRDCTCTGRY3",
						"type": "String"
					},
					{
						"name": "PRDCTCTGRY4SK",
						"type": "Number"
					},
					{
						"name": "PRDCTCTGRY4",
						"type": "String"
					},
					{
						"name": "PRDCTCTGRY5SK",
						"type": "Number"
					},
					{
						"name": "PRDCTCTGRY5",
						"type": "String"
					},
					{
						"name": "PRDCTCTGRY6SK",
						"type": "Number"
					},
					{
						"name": "PRDCTCTGRY6",
						"type": "String"
					},
					{
						"name": "CUSTGRP",
						"type": "String"
					},
					{
						"name": "CUSTACCTGRP",
						"type": "String"
					},
					{
						"name": "CUSTCTGRY1SK",
						"type": "Number"
					},
					{
						"name": "CUSTCTGRY1",
						"type": "String"
					},
					{
						"name": "CUSTCTGRY2SK",
						"type": "Number"
					},
					{
						"name": "CUSTCTGRY2",
						"type": "String"
					},
					{
						"name": "CUSTCTGRY3SK",
						"type": "Number"
					},
					{
						"name": "CUSTCTGRY3",
						"type": "String"
					},
					{
						"name": "DISCOUNTGRPSK",
						"type": "Number"
					},
					{
						"name": "DISCOUNTGRP",
						"type": "String"
					},
					{
						"name": "DISCOUNTGRPDESCR",
						"type": "String"
					},
					{
						"name": "CNTRY",
						"type": "String"
					},
					{
						"name": "AREASK",
						"type": "Number"
					},
					{
						"name": "AREA",
						"type": "String"
					},
					{
						"name": "AREADESCR",
						"type": "String"
					},
					{
						"name": "WRHSSK",
						"type": "Number"
					},
					{
						"name": "WRHSNBR",
						"type": "String"
					},
					{
						"name": "ORDTYPESK",
						"type": "Number"
					},
					{
						"name": "ORDTYPE",
						"type": "String"
					},
					{
						"name": "ORDTYPEDESCR",
						"type": "String"
					},
					{
						"name": "SPLRNBR",
						"type": "String"
					},
					{
						"name": "ORDDISCOUNTPERCENTAGE",
						"type": "String"
					},
					{
						"name": "NETPRICE",
						"type": "Number"
					},
					{
						"name": "REQUESTEDDELIVERYDT",
						"type": "Datetime"
					},
					{
						"name": "ACCTINGPERIOD",
						"type": "String"
					},
					{
						"name": "INVCUSTNBRSK",
						"type": "String"
					},
					{
						"name": "INVCUSTNBR",
						"type": "String"
					},
					{
						"name": "PRDCTTYPE",
						"type": "String"
					},
					{
						"name": "ORDDT",
						"type": "Datetime"
					},
					{
						"name": "NETSLSVALUE",
						"type": "Number"
					},
					{
						"name": "DEBTORNBRSK",
						"type": "Number"
					},
					{
						"name": "DEBTORNBR",
						"type": "String"
					},
					{
						"name": "TOTALAMT",
						"type": "Number"
					},
					{
						"name": "DENIALOFCREDITRSNCD",
						"type": "String"
					},
					{
						"name": "DENIALOFCREDITRSNCDDESCR",
						"type": "String"
					},
					{
						"name": "CUSTORDPONBR",
						"type": "String"
					},
					{
						"name": "INVDT_TIMECDSK",
						"type": "String"
					},
					{
						"name": "DELIVERYDT_TIMECDSK",
						"type": "Number"
					},
					{
						"name": "REQUESTEDDELIVERYDT_TIMECDSK",
						"type": "Number"
					},
					{
						"name": "ORDDT_TIMECDSK",
						"type": "Number"
					},
					{
						"name": "FIELD82",
						"type": "String"
					},
					{
						"name": "FIELD83",
						"type": "String"
					},
					{
						"name": "FIELD84",
						"type": "String"
					},
					{
						"name": "FIELD85",
						"type": "String"
					},
					{
						"name": "FIELD86",
						"type": "String"
					},
					{
						"name": "FIELD87",
						"type": "String"
					},
					{
						"name": "FIELD88",
						"type": "String"
					},
					{
						"name": "FIELD89",
						"type": "String"
					}
				]
			},
			"dependsOn": []
		},
		{
			"name": "[concat(parameters('factoryName'), '/Invoice_Line_Innomar')]",
			"type": "Microsoft.DataFactory/factories/datasets",
			"apiVersion": "2018-06-01",
			"properties": {
				"linkedServiceName": {
					"referenceName": "DIS_ADLS_G2",
					"type": "LinkedServiceReference"
				},
				"folder": {
					"name": "1.Informatica_Datasets/GlobalDWInvoice/DS_INNOMOR_FEED"
				},
				"annotations": [],
				"type": "DelimitedText",
				"typeProperties": {
					"location": {
						"type": "AzureBlobFSLocation",
						"fileName": "Invoice_Line.txt",
						"folderPath": "Innomar",
						"fileSystem": "globaldatawarehouse"
					},
					"columnDelimiter": "|",
					"escapeChar": "\\",
					"firstRowAsHeader": false,
					"quoteChar": "\""
				},
				"schema": [
					{
						"name": "RCDNBR",
						"type": "Number"
					},
					{
						"name": "CSTCNTR",
						"type": "String"
					},
					{
						"name": "INVNBR",
						"type": "String"
					},
					{
						"name": "INVLINENBR",
						"type": "String"
					},
					{
						"name": "TYPE",
						"type": "String"
					},
					{
						"name": "INVYR",
						"type": "String"
					},
					{
						"name": "ORDNBR",
						"type": "String"
					},
					{
						"name": "ORDLINENBR",
						"type": "String"
					},
					{
						"name": "PRDCTCDSK",
						"type": "String"
					},
					{
						"name": "PRDCTCD",
						"type": "String"
					},
					{
						"name": "PRDCTCDDESCR",
						"type": "String"
					},
					{
						"name": "QTY",
						"type": "Number"
					},
					{
						"name": "INVDT",
						"type": "Datetime"
					},
					{
						"name": "CUSTSK",
						"type": "Number"
					},
					{
						"name": "CUSTNBR",
						"type": "String"
					},
					{
						"name": "INVDQTYSLSUNIT",
						"type": "String"
					},
					{
						"name": "UNIT",
						"type": "String"
					},
					{
						"name": "DELIVERYDT",
						"type": "Datetime"
					},
					{
						"name": "SLSPRICE",
						"type": "Number"
					},
					{
						"name": "DISCOUNTPERCENTAGE",
						"type": "String"
					},
					{
						"name": "DISCOUNTAMT",
						"type": "String"
					},
					{
						"name": "AMT",
						"type": "String"
					},
					{
						"name": "FREEOFCHARGE",
						"type": "String"
					},
					{
						"name": "RETAILPRICE",
						"type": "String"
					},
					{
						"name": "TRANTYPE",
						"type": "String"
					},
					{
						"name": "COSTPRICE",
						"type": "Number"
					},
					{
						"name": "PRDCTGRPSK",
						"type": "Number"
					},
					{
						"name": "PRDCTGRP",
						"type": "String"
					},
					{
						"name": "PRDCTACCTGRP",
						"type": "String"
					},
					{
						"name": "PRDCTCTGRY1SK",
						"type": "String"
					},
					{
						"name": "PRDCTCTGRY1",
						"type": "String"
					},
					{
						"name": "PRDCTCTGRY2SK",
						"type": "String"
					},
					{
						"name": "PRDCTCTGRY2",
						"type": "String"
					},
					{
						"name": "PRDCTCTGRY3SK",
						"type": "Number"
					},
					{
						"name": "PRDCTCTGRY3",
						"type": "String"
					},
					{
						"name": "PRDCTCTGRY4SK",
						"type": "Number"
					},
					{
						"name": "PRDCTCTGRY4",
						"type": "String"
					},
					{
						"name": "PRDCTCTGRY5SK",
						"type": "Number"
					},
					{
						"name": "PRDCTCTGRY5",
						"type": "String"
					},
					{
						"name": "PRDCTCTGRY6SK",
						"type": "Number"
					},
					{
						"name": "PRDCTCTGRY6",
						"type": "String"
					},
					{
						"name": "CUSTGRP",
						"type": "String"
					},
					{
						"name": "CUSTACCTGRP",
						"type": "String"
					},
					{
						"name": "CUSTCTGRY1SK",
						"type": "Number"
					},
					{
						"name": "CUSTCTGRY1",
						"type": "String"
					},
					{
						"name": "CUSTCTGRY2SK",
						"type": "Number"
					},
					{
						"name": "CUSTCTGRY2",
						"type": "String"
					},
					{
						"name": "CUSTCTGRY3SK",
						"type": "Number"
					},
					{
						"name": "CUSTCTGRY3",
						"type": "String"
					},
					{
						"name": "DISCOUNTGRPSK",
						"type": "Number"
					},
					{
						"name": "DISCOUNTGRP",
						"type": "String"
					},
					{
						"name": "DISCOUNTGRPDESCR",
						"type": "String"
					},
					{
						"name": "CNTRY",
						"type": "String"
					},
					{
						"name": "AREASK",
						"type": "Number"
					},
					{
						"name": "AREA",
						"type": "String"
					},
					{
						"name": "AREADESCR",
						"type": "String"
					},
					{
						"name": "WRHSSK",
						"type": "Number"
					},
					{
						"name": "WRHSNBR",
						"type": "String"
					},
					{
						"name": "ORDTYPESK",
						"type": "Number"
					},
					{
						"name": "ORDTYPE",
						"type": "String"
					},
					{
						"name": "ORDTYPEDESCR",
						"type": "String"
					},
					{
						"name": "SPLRNBR",
						"type": "String"
					},
					{
						"name": "ORDDISCOUNTPERCENTAGE",
						"type": "String"
					},
					{
						"name": "NETPRICE",
						"type": "Number"
					},
					{
						"name": "REQUESTEDDELIVERYDT",
						"type": "Datetime"
					},
					{
						"name": "ACCTINGPERIOD",
						"type": "String"
					},
					{
						"name": "INVCUSTNBRSK",
						"type": "String"
					},
					{
						"name": "INVCUSTNBR",
						"type": "String"
					},
					{
						"name": "PRDCTTYPE",
						"type": "String"
					},
					{
						"name": "ORDDT",
						"type": "Datetime"
					},
					{
						"name": "NETSLSVALUE",
						"type": "Number"
					},
					{
						"name": "DEBTORNBRSK",
						"type": "Number"
					},
					{
						"name": "DEBTORNBR",
						"type": "String"
					},
					{
						"name": "TOTALAMT",
						"type": "Number"
					},
					{
						"name": "DENIALOFCREDITRSNCD",
						"type": "String"
					},
					{
						"name": "DENIALOFCREDITRSNCDDESCR",
						"type": "String"
					},
					{
						"name": "CUSTORDPONBR",
						"type": "String"
					},
					{
						"name": "INVDT_TIMECDSK",
						"type": "String"
					},
					{
						"name": "DELIVERYDT_TIMECDSK",
						"type": "Number"
					},
					{
						"name": "REQUESTEDDELIVERYDT_TIMECDSK",
						"type": "Number"
					},
					{
						"name": "ORDDT_TIMECDSK",
						"type": "Number"
					},
					{
						"name": "FIELD82",
						"type": "String"
					},
					{
						"name": "FIELD83",
						"type": "String"
					},
					{
						"name": "FIELD84",
						"type": "String"
					},
					{
						"name": "FIELD85",
						"type": "String"
					},
					{
						"name": "FIELD86",
						"type": "String"
					},
					{
						"name": "FIELD87",
						"type": "String"
					},
					{
						"name": "FIELD88",
						"type": "String"
					},
					{
						"name": "FIELD89",
						"type": "String"
					}
				]
			},
			"dependsOn": []
		},
		{
			"name": "[concat(parameters('factoryName'), '/Jakafi_us_Daily_Budgets')]",
			"type": "Microsoft.DataFactory/factories/datasets",
			"apiVersion": "2018-06-01",
			"properties": {
				"linkedServiceName": {
					"referenceName": "DIS_ADLS_G2",
					"type": "LinkedServiceReference"
				},
				"folder": {
					"name": "1.Informatica_Datasets/GlobalDWInvoice/DAILY_BUDGET"
				},
				"annotations": [],
				"type": "DelimitedText",
				"typeProperties": {
					"location": {
						"type": "AzureBlobFSLocation",
						"fileName": "Jakafi_us_Daily_Budgets.csv",
						"folderPath": "FDWH",
						"fileSystem": "srcfiles"
					},
					"columnDelimiter": ",",
					"escapeChar": "\\",
					"firstRowAsHeader": true,
					"quoteChar": "\""
				},
				"schema": [
					{
						"name": "Day",
						"type": "String"
					},
					{
						"name": "Bottle_Budget",
						"type": "String"
					},
					{
						"name": "Revenue_Budget",
						"type": "String"
					},
					{
						"name": "Revenue_Budget_Gross",
						"type": "String"
					},
					{
						"name": "Brand",
						"type": "String"
					},
					{
						"name": "Ship_to_country",
						"type": "String"
					},
					{
						"name": "Incyte_country",
						"type": "String"
					}
				]
			},
			"dependsOn": []
		},
		{
			"name": "[concat(parameters('factoryName'), '/Jakafi_us_Daily_Forecast')]",
			"type": "Microsoft.DataFactory/factories/datasets",
			"apiVersion": "2018-06-01",
			"properties": {
				"linkedServiceName": {
					"referenceName": "DIS_ADLS_G2",
					"type": "LinkedServiceReference"
				},
				"folder": {
					"name": "1.Informatica_Datasets/GlobalDWInvoice/FORECAST"
				},
				"annotations": [],
				"type": "DelimitedText",
				"typeProperties": {
					"location": {
						"type": "AzureBlobFSLocation",
						"fileName": "Jakafi_us_Daily_Forecast.csv",
						"folderPath": "FDWH",
						"fileSystem": "srcfiles"
					},
					"columnDelimiter": ",",
					"escapeChar": "\\",
					"firstRowAsHeader": true,
					"quoteChar": "\""
				},
				"schema": [
					{
						"name": "Day",
						"type": "String"
					},
					{
						"name": "Bottle_FCT",
						"type": "String"
					},
					{
						"name": "Revenue_FCT",
						"type": "String"
					},
					{
						"name": "Revenue_FCT_Gross",
						"type": "String"
					},
					{
						"name": "Brand",
						"type": "String"
					},
					{
						"name": "Ship_to_country",
						"type": "String"
					},
					{
						"name": "Incyte_country",
						"type": "String"
					}
				]
			},
			"dependsOn": []
		},
		{
			"name": "[concat(parameters('factoryName'), '/Japan_Budget')]",
			"type": "Microsoft.DataFactory/factories/datasets",
			"apiVersion": "2018-06-01",
			"properties": {
				"linkedServiceName": {
					"referenceName": "DIS_ADLS_G2",
					"type": "LinkedServiceReference"
				},
				"folder": {
					"name": "1.Informatica_Datasets/GlobalDWInvoice/DAILY_BUDGET"
				},
				"annotations": [],
				"type": "DelimitedText",
				"typeProperties": {
					"location": {
						"type": "AzureBlobFSLocation",
						"fileName": "Japan_Budget.csv",
						"folderPath": "FDWH",
						"fileSystem": "srcfiles"
					},
					"columnDelimiter": ",",
					"escapeChar": "\\",
					"firstRowAsHeader": true,
					"quoteChar": "\""
				},
				"schema": [
					{
						"name": "Month_Year",
						"type": "String"
					},
					{
						"name": "Revenue_BUD",
						"type": "String"
					},
					{
						"name": "Revenue_BUD_Gross",
						"type": "String"
					},
					{
						"name": "Brand",
						"type": "String"
					},
					{
						"name": "Ship_to_country",
						"type": "String"
					},
					{
						"name": "Incyte_country",
						"type": "String"
					}
				]
			},
			"dependsOn": []
		},
		{
			"name": "[concat(parameters('factoryName'), '/Japan_Forecast')]",
			"type": "Microsoft.DataFactory/factories/datasets",
			"apiVersion": "2018-06-01",
			"properties": {
				"linkedServiceName": {
					"referenceName": "DIS_ADLS_G2",
					"type": "LinkedServiceReference"
				},
				"folder": {
					"name": "1.Informatica_Datasets/GlobalDWInvoice/FORECAST"
				},
				"annotations": [],
				"type": "DelimitedText",
				"typeProperties": {
					"location": {
						"type": "AzureBlobFSLocation",
						"fileName": "Japan_Forecast.csv",
						"folderPath": "FDWH",
						"fileSystem": "srcfiles"
					},
					"columnDelimiter": ",",
					"escapeChar": "\\",
					"firstRowAsHeader": true,
					"quoteChar": "\""
				},
				"schema": [
					{
						"name": "Month_Year",
						"type": "String"
					},
					{
						"name": "Revenue_FCT",
						"type": "String"
					},
					{
						"name": "Revenue_FCT_Gross",
						"type": "String"
					},
					{
						"name": "Brand",
						"type": "String"
					},
					{
						"name": "Ship_to_country",
						"type": "String"
					},
					{
						"name": "Incyte_country",
						"type": "String"
					}
				]
			},
			"dependsOn": []
		},
		{
			"name": "[concat(parameters('factoryName'), '/LOAD_STG_INVOICE')]",
			"type": "Microsoft.DataFactory/factories/datasets",
			"apiVersion": "2018-06-01",
			"properties": {
				"linkedServiceName": {
					"referenceName": "Global_DB_Connection",
					"type": "LinkedServiceReference"
				},
				"annotations": [],
				"type": "AzureSqlTable",
				"schema": [],
				"typeProperties": {
					"schema": "dbo",
					"table": "STG_INVOICE"
				}
			},
			"dependsOn": []
		},
		{
			"name": "[concat(parameters('factoryName'), '/Monjuvi_us_Daily_Budgets')]",
			"type": "Microsoft.DataFactory/factories/datasets",
			"apiVersion": "2018-06-01",
			"properties": {
				"linkedServiceName": {
					"referenceName": "DIS_ADLS_G2",
					"type": "LinkedServiceReference"
				},
				"folder": {
					"name": "1.Informatica_Datasets/GlobalDWInvoice/DAILY_BUDGET"
				},
				"annotations": [],
				"type": "DelimitedText",
				"typeProperties": {
					"location": {
						"type": "AzureBlobFSLocation",
						"fileName": "Monjuvi_us_Daily_Budgets.csv",
						"folderPath": "FDWH",
						"fileSystem": "srcfiles"
					},
					"columnDelimiter": ",",
					"escapeChar": "\\",
					"firstRowAsHeader": true,
					"quoteChar": "\""
				},
				"schema": [
					{
						"name": "Day",
						"type": "String"
					},
					{
						"name": "Bottle_Budget",
						"type": "String"
					},
					{
						"name": "Revenue_Budget",
						"type": "String"
					},
					{
						"name": "Revenue_Budget_Gross",
						"type": "String"
					},
					{
						"name": "Brand",
						"type": "String"
					},
					{
						"name": "Ship_to_country",
						"type": "String"
					},
					{
						"name": "Incyte_country",
						"type": "String"
					}
				]
			},
			"dependsOn": []
		}
	]
}