{
	"$schema": "http://schema.management.azure.com/schemas/2015-01-01/deploymentTemplate.json#",
	"contentVersion": "1.0.0.0",
	"parameters": {
		"factoryName": {
			"type": "string",
			"metadata": "Data Factory name",
			"defaultValue": "Dfact-DataIntegrationServices"
		}
	},
	"variables": {
		"factoryId": "[concat('Microsoft.DataFactory/factories/', parameters('factoryName'))]"
	},
	"resources": [
		{
			"name": "[concat(parameters('factoryName'), '/DS_TGT_FSFERTIGUNGSAUFTRAG')]",
			"type": "Microsoft.DataFactory/factories/datasets",
			"apiVersion": "2018-06-01",
			"properties": {
				"linkedServiceName": {
					"referenceName": "MES",
					"type": "LinkedServiceReference"
				},
				"folder": {
					"name": "MES_SKYLAND"
				},
				"annotations": [],
				"type": "OracleTable",
				"schema": [],
				"typeProperties": {
					"schema": "MESEDI",
					"table": "FSFERTIGUNGSAUFTRAG"
				}
			},
			"dependsOn": []
		},
		{
			"name": "[concat(parameters('factoryName'), '/DS_TGT_FSPRODUKTIONSAUFTRAG')]",
			"type": "Microsoft.DataFactory/factories/datasets",
			"apiVersion": "2018-06-01",
			"properties": {
				"linkedServiceName": {
					"referenceName": "MES",
					"type": "LinkedServiceReference"
				},
				"folder": {
					"name": "MES_SKYLAND"
				},
				"annotations": [],
				"type": "OracleTable",
				"schema": [],
				"typeProperties": {
					"schema": "MESEDI",
					"table": "FSPRODUKTIONSAUFTRAG"
				}
			},
			"dependsOn": []
		},
		{
			"name": "[concat(parameters('factoryName'), '/DS_TGT_HERSTELLANWEISUNG')]",
			"type": "Microsoft.DataFactory/factories/datasets",
			"apiVersion": "2018-06-01",
			"properties": {
				"linkedServiceName": {
					"referenceName": "MES",
					"type": "LinkedServiceReference"
				},
				"folder": {
					"name": "MES_SKYLAND"
				},
				"annotations": [],
				"type": "OracleTable",
				"schema": [],
				"typeProperties": {
					"schema": "MESEDI",
					"table": "HERSTELLANWEISUNG"
				}
			},
			"dependsOn": []
		},
		{
			"name": "[concat(parameters('factoryName'), '/DS_TGT_MANUFACTURINGORDER')]",
			"type": "Microsoft.DataFactory/factories/datasets",
			"apiVersion": "2018-06-01",
			"properties": {
				"linkedServiceName": {
					"referenceName": "MES",
					"type": "LinkedServiceReference"
				},
				"folder": {
					"name": "MES_SKYLAND"
				},
				"annotations": [],
				"type": "OracleTable",
				"schema": [],
				"typeProperties": {
					"schema": "MESEDI",
					"table": "MANUFACTURINGORDER"
				}
			},
			"dependsOn": []
		},
		{
			"name": "[concat(parameters('factoryName'), '/DS_TGT_MVSPVALUEACTUALVALUE')]",
			"type": "Microsoft.DataFactory/factories/datasets",
			"apiVersion": "2018-06-01",
			"properties": {
				"linkedServiceName": {
					"referenceName": "MES",
					"type": "LinkedServiceReference"
				},
				"folder": {
					"name": "MES_SKYLAND"
				},
				"annotations": [],
				"type": "OracleTable",
				"schema": [],
				"typeProperties": {
					"schema": "MESEDI",
					"table": "MVSPVALUEACTUALVALUE"
				}
			},
			"dependsOn": []
		},
		{
			"name": "[concat(parameters('factoryName'), '/DS_TGT_NLSCUSTOMIZETEXT')]",
			"type": "Microsoft.DataFactory/factories/datasets",
			"apiVersion": "2018-06-01",
			"properties": {
				"linkedServiceName": {
					"referenceName": "MES",
					"type": "LinkedServiceReference"
				},
				"folder": {
					"name": "MES_SKYLAND"
				},
				"annotations": [],
				"type": "OracleTable",
				"schema": [],
				"typeProperties": {
					"schema": "MESEDI",
					"table": "NLSCUSTOMIZETEXT"
				}
			},
			"dependsOn": []
		},
		{
			"name": "[concat(parameters('factoryName'), '/DS_TGT_OBJEKTKLASSEN')]",
			"type": "Microsoft.DataFactory/factories/datasets",
			"apiVersion": "2018-06-01",
			"properties": {
				"linkedServiceName": {
					"referenceName": "MES",
					"type": "LinkedServiceReference"
				},
				"folder": {
					"name": "MES_SKYLAND"
				},
				"annotations": [],
				"type": "OracleTable",
				"schema": [],
				"typeProperties": {
					"schema": "MESEDI",
					"table": "OBJEKTKLASSEN"
				}
			},
			"dependsOn": []
		},
		{
			"name": "[concat(parameters('factoryName'), '/DS_TGT_OBJEKTTYPEN')]",
			"type": "Microsoft.DataFactory/factories/datasets",
			"apiVersion": "2018-06-01",
			"properties": {
				"linkedServiceName": {
					"referenceName": "MES",
					"type": "LinkedServiceReference"
				},
				"folder": {
					"name": "MES_SKYLAND"
				},
				"annotations": [],
				"type": "OracleTable",
				"schema": [],
				"typeProperties": {
					"schema": "MESEDI",
					"table": "OBJEKTTYPEN"
				}
			},
			"dependsOn": []
		},
		{
			"name": "[concat(parameters('factoryName'), '/DS_TGT_ORDERNETWORK')]",
			"type": "Microsoft.DataFactory/factories/datasets",
			"apiVersion": "2018-06-01",
			"properties": {
				"linkedServiceName": {
					"referenceName": "MES",
					"type": "LinkedServiceReference"
				},
				"folder": {
					"name": "MES_SKYLAND"
				},
				"annotations": [],
				"type": "OracleTable",
				"schema": [],
				"typeProperties": {
					"schema": "MESEDI",
					"table": "ORDERNETWORK"
				}
			},
			"dependsOn": []
		},
		{
			"name": "[concat(parameters('factoryName'), '/DS_TGT_PASXHERSTELLUNGSART')]",
			"type": "Microsoft.DataFactory/factories/datasets",
			"apiVersion": "2018-06-01",
			"properties": {
				"linkedServiceName": {
					"referenceName": "MES",
					"type": "LinkedServiceReference"
				},
				"folder": {
					"name": "MES_SKYLAND"
				},
				"annotations": [],
				"type": "OracleTable",
				"schema": [],
				"typeProperties": {
					"schema": "MESEDI",
					"table": "PASXHERSTELLUNGSART"
				}
			},
			"dependsOn": []
		},
		{
			"name": "[concat(parameters('factoryName'), '/DS_TGT_PASXMATERIALVERWENDUNGSART')]",
			"type": "Microsoft.DataFactory/factories/datasets",
			"apiVersion": "2018-06-01",
			"properties": {
				"linkedServiceName": {
					"referenceName": "MES",
					"type": "LinkedServiceReference"
				},
				"folder": {
					"name": "MES_SKYLAND"
				},
				"annotations": [],
				"type": "OracleTable",
				"schema": [],
				"typeProperties": {
					"schema": "MESEDI",
					"table": "PASXMATERIALVERWENDUNGSART"
				}
			},
			"dependsOn": []
		},
		{
			"name": "[concat(parameters('factoryName'), '/DS_TGT_PLANSCHRITTINFO')]",
			"type": "Microsoft.DataFactory/factories/datasets",
			"apiVersion": "2018-06-01",
			"properties": {
				"linkedServiceName": {
					"referenceName": "MES",
					"type": "LinkedServiceReference"
				},
				"folder": {
					"name": "MES_SKYLAND"
				},
				"annotations": [],
				"type": "OracleTable",
				"schema": [],
				"typeProperties": {
					"schema": "MESEDI",
					"table": "PLANSCHRITTINFO"
				}
			},
			"dependsOn": []
		},
		{
			"name": "[concat(parameters('factoryName'), '/DS_TGT_PRODUKTIONSAUFTRAG')]",
			"type": "Microsoft.DataFactory/factories/datasets",
			"apiVersion": "2018-06-01",
			"properties": {
				"linkedServiceName": {
					"referenceName": "MES",
					"type": "LinkedServiceReference"
				},
				"folder": {
					"name": "MES_SKYLAND"
				},
				"annotations": [],
				"type": "OracleTable",
				"schema": [],
				"typeProperties": {
					"schema": "MESEDI",
					"table": "PRODUKTIONSAUFTRAG"
				}
			},
			"dependsOn": []
		},
		{
			"name": "[concat(parameters('factoryName'), '/DS_TGT_SHOPFLOORORDER')]",
			"type": "Microsoft.DataFactory/factories/datasets",
			"apiVersion": "2018-06-01",
			"properties": {
				"linkedServiceName": {
					"referenceName": "MES",
					"type": "LinkedServiceReference"
				},
				"folder": {
					"name": "MES_SKYLAND"
				},
				"annotations": [],
				"type": "OracleTable",
				"schema": [],
				"typeProperties": {
					"schema": "MESEDI",
					"table": "SHOPFLOORORDER"
				}
			},
			"dependsOn": []
		},
		{
			"name": "[concat(parameters('factoryName'), '/DS_TGT_USERS')]",
			"type": "Microsoft.DataFactory/factories/datasets",
			"apiVersion": "2018-06-01",
			"properties": {
				"linkedServiceName": {
					"referenceName": "MES",
					"type": "LinkedServiceReference"
				},
				"folder": {
					"name": "MES_SKYLAND"
				},
				"annotations": [],
				"type": "OracleTable",
				"schema": [],
				"typeProperties": {
					"schema": "MESEDI",
					"table": "USERS"
				}
			},
			"dependsOn": []
		},
		{
			"name": "[concat(parameters('factoryName'), '/DS_TGT_VFERTIGUNGSAUFTRAG')]",
			"type": "Microsoft.DataFactory/factories/datasets",
			"apiVersion": "2018-06-01",
			"properties": {
				"linkedServiceName": {
					"referenceName": "MES",
					"type": "LinkedServiceReference"
				},
				"folder": {
					"name": "MES_SKYLAND"
				},
				"annotations": [],
				"type": "OracleTable",
				"schema": [],
				"typeProperties": {
					"schema": "MESEDI",
					"table": "VFERTIGUNGSAUFTRAG"
				}
			},
			"dependsOn": []
		},
		{
			"name": "[concat(parameters('factoryName'), '/DS_TGT_VOBJEKTTYPEN')]",
			"type": "Microsoft.DataFactory/factories/datasets",
			"apiVersion": "2018-06-01",
			"properties": {
				"linkedServiceName": {
					"referenceName": "MES",
					"type": "LinkedServiceReference"
				},
				"folder": {
					"name": "MES_SKYLAND"
				},
				"annotations": [],
				"type": "OracleTable",
				"schema": [],
				"typeProperties": {
					"schema": "MESEDI",
					"table": "VOBJEKTTYPEN"
				}
			},
			"dependsOn": []
		},
		{
			"name": "[concat(parameters('factoryName'), '/DS_TGT_VPASXHERSTELLUNGSART')]",
			"type": "Microsoft.DataFactory/factories/datasets",
			"apiVersion": "2018-06-01",
			"properties": {
				"linkedServiceName": {
					"referenceName": "MES",
					"type": "LinkedServiceReference"
				},
				"folder": {
					"name": "MES_SKYLAND"
				},
				"annotations": [],
				"type": "OracleTable",
				"schema": [],
				"typeProperties": {
					"schema": "MESEDI",
					"table": "VPASXHERSTELLUNGSART"
				}
			},
			"dependsOn": []
		},
		{
			"name": "[concat(parameters('factoryName'), '/DS_TGT_VPASXMATERIALVERWENDUNGSART')]",
			"type": "Microsoft.DataFactory/factories/datasets",
			"apiVersion": "2018-06-01",
			"properties": {
				"linkedServiceName": {
					"referenceName": "MES",
					"type": "LinkedServiceReference"
				},
				"folder": {
					"name": "MES_SKYLAND"
				},
				"annotations": [],
				"type": "OracleTable",
				"schema": [],
				"typeProperties": {
					"schema": "MESEDI",
					"table": "VPASXMATERIALVERWENDUNGSART"
				}
			},
			"dependsOn": []
		},
		{
			"name": "[concat(parameters('factoryName'), '/DS_TGT_Z_FSCHARGEN')]",
			"type": "Microsoft.DataFactory/factories/datasets",
			"apiVersion": "2018-06-01",
			"properties": {
				"linkedServiceName": {
					"referenceName": "MES",
					"type": "LinkedServiceReference"
				},
				"folder": {
					"name": "MES_SKYLAND"
				},
				"annotations": [],
				"type": "OracleTable",
				"schema": [],
				"typeProperties": {
					"schema": "MESEDI",
					"table": "Z_FSCHARGEN"
				}
			},
			"dependsOn": []
		}
	]
}