{
	"$schema": "http://schema.management.azure.com/schemas/2015-01-01/deploymentTemplate.json#",
	"contentVersion": "1.0.0.0",
	"parameters": {
		"factoryName": {
			"type": "string",
			"metadata": "Data Factory name",
			"defaultValue": "Dfact-DataIntegrationServices"
		}
	},
	"variables": {
		"factoryId": "[concat('Microsoft.DataFactory/factories/', parameters('factoryName'))]"
	},
	"resources": [
		{
			"name": "[concat(parameters('factoryName'), '/DS_VW_VEEVA_HCO_HCP')]",
			"type": "Microsoft.DataFactory/factories/datasets",
			"apiVersion": "2018-06-01",
			"properties": {
				"linkedServiceName": {
					"referenceName": "AZSQLVM",
					"type": "LinkedServiceReference"
				},
				"parameters": {
					"paramMCPSQLServer": {
						"type": "string"
					},
					"paramMCPSQLDB": {
						"type": "string"
					},
					"paramMCPSQLAccount": {
						"type": "string"
					},
					"paramMCPKVSecret": {
						"type": "string"
					}
				},
				"folder": {
					"name": "MediSpend"
				},
				"annotations": [],
				"type": "SqlServerTable",
				"schema": [],
				"typeProperties": {
					"schema": "MDS",
					"table": "VW_VEEVA_HCO_HCP"
				}
			},
			"dependsOn": []
		},
		{
			"name": "[concat(parameters('factoryName'), '/DS_ZRVC_C_RPSCO_LKH')]",
			"type": "Microsoft.DataFactory/factories/datasets",
			"apiVersion": "2018-06-01",
			"properties": {
				"linkedServiceName": {
					"referenceName": "LK_BRONZE_BIOPLANT",
					"type": "LinkedServiceReference"
				},
				"annotations": [],
				"type": "DelimitedText",
				"typeProperties": {
					"location": {
						"type": "LakehouseLocation",
						"fileName": "ZRVC_C_RPSCO.csv",
						"folderPath": "SAP"
					},
					"columnDelimiter": ",",
					"escapeChar": "\\",
					"firstRowAsHeader": true,
					"quoteChar": "\""
				},
				"schema": []
			},
			"dependsOn": []
		},
		{
			"name": "[concat(parameters('factoryName'), '/DS_onetrust_process_activity_Http')]",
			"type": "Microsoft.DataFactory/factories/datasets",
			"apiVersion": "2018-06-01",
			"properties": {
				"linkedServiceName": {
					"referenceName": "LK_SLV_FACILITIES",
					"type": "LinkedServiceReference"
				},
				"annotations": [],
				"type": "Json",
				"typeProperties": {
					"location": {
						"type": "LakehouseLocation",
						"fileName": "/processing-activities"
					}
				},
				"schema": {}
			},
			"dependsOn": []
		},
		{
			"name": "[concat(parameters('factoryName'), '/DS_zrvc_je_LKH')]",
			"type": "Microsoft.DataFactory/factories/datasets",
			"apiVersion": "2018-06-01",
			"properties": {
				"linkedServiceName": {
					"referenceName": "LK_BRONZE_BIOPLANT",
					"type": "LinkedServiceReference"
				},
				"annotations": [],
				"type": "DelimitedText",
				"typeProperties": {
					"location": {
						"type": "LakehouseLocation",
						"fileName": "zrvc_je.csv",
						"folderPath": "SAP"
					},
					"columnDelimiter": ",",
					"escapeChar": "\\",
					"firstRowAsHeader": true,
					"quoteChar": "\""
				},
				"schema": []
			},
			"dependsOn": []
		},
		{
			"name": "[concat(parameters('factoryName'), '/DS_zrvc_je_ODATA')]",
			"type": "Microsoft.DataFactory/factories/datasets",
			"apiVersion": "2018-06-01",
			"properties": {
				"linkedServiceName": {
					"referenceName": "LS_ODATA_SAP_RCV_JE",
					"type": "LinkedServiceReference"
				},
				"annotations": [],
				"type": "ODataResource",
				"schema": [],
				"typeProperties": {
					"path": "zrvc_je"
				}
			},
			"dependsOn": []
		},
		{
			"name": "[concat(parameters('factoryName'), '/Destination_Files')]",
			"type": "Microsoft.DataFactory/factories/datasets",
			"apiVersion": "2018-06-01",
			"properties": {
				"linkedServiceName": {
					"referenceName": "ADLSG2",
					"type": "LinkedServiceReference"
				},
				"folder": {
					"name": "1.Informatica_Datasets/Informatica_Datasets"
				},
				"annotations": [],
				"type": "DelimitedText",
				"typeProperties": {
					"location": {
						"type": "AzureBlobStorageLocation",
						"folderPath": "BudgetandForecast",
						"container": "globaldatawarehouse"
					},
					"columnDelimiter": ",",
					"escapeChar": "\\",
					"firstRowAsHeader": false,
					"quoteChar": "\""
				},
				"schema": []
			},
			"dependsOn": []
		},
		{
			"name": "[concat(parameters('factoryName'), '/Ds_Eur_Emp_SFTP_Src')]",
			"type": "Microsoft.DataFactory/factories/datasets",
			"apiVersion": "2018-06-01",
			"properties": {
				"linkedServiceName": {
					"referenceName": "ADLSG2",
					"type": "LinkedServiceReference"
				},
				"folder": {
					"name": "Facilities"
				},
				"annotations": [],
				"type": "DelimitedText",
				"typeProperties": {
					"location": {
						"type": "AzureBlobStorageLocation",
						"fileName": "part-00000-53b9eed8-3f95-4e12-9f8a-b7bb71a67929-c000.csv",
						"container": "globaldatawarehouse"
					},
					"columnDelimiter": ",",
					"escapeChar": "\\",
					"firstRowAsHeader": true,
					"quoteChar": "\""
				},
				"schema": [
					{
						"name": "site_id;firstname;lastname;country_id;postal_code;city;street_and_number;email;contract_code;contract_start_at;external_reference;company_code;company_id;login",
						"type": "String"
					}
				]
			},
			"dependsOn": []
		},
		{
			"name": "[concat(parameters('factoryName'), '/Ds_Eur_Emp_SFTP_Tgt')]",
			"type": "Microsoft.DataFactory/factories/datasets",
			"apiVersion": "2018-06-01",
			"properties": {
				"linkedServiceName": {
					"referenceName": "LK_BRZ_FACILITIES",
					"type": "LinkedServiceReference"
				},
				"folder": {
					"name": "Facilities"
				},
				"annotations": [],
				"type": "DelimitedText",
				"typeProperties": {
					"location": {
						"type": "LakehouseLocation",
						"fileName": "PEOPLESOFT_EMPLOYEE.csv",
						"folderPath": "Fairmove"
					},
					"columnDelimiter": ",",
					"escapeChar": "\\",
					"firstRowAsHeader": true,
					"quoteChar": "\""
				},
				"schema": []
			},
			"dependsOn": []
		},
		{
			"name": "[concat(parameters('factoryName'), '/Ds_Eur_Employee_JSON')]",
			"type": "Microsoft.DataFactory/factories/datasets",
			"apiVersion": "2018-06-01",
			"properties": {
				"linkedServiceName": {
					"referenceName": "LK_BRZ_FACILITIES",
					"type": "LinkedServiceReference"
				},
				"folder": {
					"name": "Facilities"
				},
				"annotations": [],
				"type": "Json",
				"typeProperties": {
					"location": {
						"type": "LakehouseLocation",
						"fileName": "Fairmove_Employee.json",
						"folderPath": "Fairmove"
					}
				},
				"schema": {}
			},
			"dependsOn": []
		},
		{
			"name": "[concat(parameters('factoryName'), '/Ds_Eur_Employee_csv')]",
			"type": "Microsoft.DataFactory/factories/datasets",
			"apiVersion": "2018-06-01",
			"properties": {
				"linkedServiceName": {
					"referenceName": "LK_BRZ_FACILITIES",
					"type": "LinkedServiceReference"
				},
				"folder": {
					"name": "Facilities"
				},
				"annotations": [],
				"type": "DelimitedText",
				"typeProperties": {
					"location": {
						"type": "LakehouseLocation",
						"fileName": "SN_EMPLOYEE.csv",
						"folderPath": "Fairmove"
					},
					"columnDelimiter": ",",
					"escapeChar": "\\",
					"firstRowAsHeader": true,
					"quoteChar": "\""
				},
				"schema": []
			},
			"dependsOn": []
		},
		{
			"name": "[concat(parameters('factoryName'), '/Ds_Eur_Fairmove_SFTP_Src')]",
			"type": "Microsoft.DataFactory/factories/datasets",
			"apiVersion": "2018-06-01",
			"properties": {
				"linkedServiceName": {
					"referenceName": "LK_FAIRMOVE_EXT",
					"type": "LinkedServiceReference"
				},
				"folder": {
					"name": "Facilities"
				},
				"annotations": [],
				"type": "DelimitedText",
				"typeProperties": {
					"location": {
						"type": "SftpLocation",
						"fileName": "fairmove-morges-full_0427010039.csv",
						"folderPath": "/PROD/ARCHIVE/"
					},
					"columnDelimiter": ",",
					"escapeChar": "\\",
					"firstRowAsHeader": true,
					"quoteChar": "\""
				},
				"schema": [
					{
						"name": "site_id;firstname;lastname;country_id;postal_code;city;street_and_number;email;contract_code;contract_start_at;external_reference;company_code;company_id;login",
						"type": "String"
					}
				]
			},
			"dependsOn": []
		},
		{
			"name": "[concat(parameters('factoryName'), '/Ds_Eur_Fairmove_SFTP_Tgt')]",
			"type": "Microsoft.DataFactory/factories/datasets",
			"apiVersion": "2018-06-01",
			"properties": {
				"linkedServiceName": {
					"referenceName": "LK_BRZ_FACILITIES",
					"type": "LinkedServiceReference"
				},
				"folder": {
					"name": "Facilities"
				},
				"annotations": [],
				"type": "DelimitedText",
				"typeProperties": {
					"location": {
						"type": "LakehouseLocation",
						"fileName": "FAIRMOVE_DATA.csv",
						"folderPath": "Fairmove"
					},
					"columnDelimiter": ",",
					"escapeChar": "\\",
					"firstRowAsHeader": true,
					"quoteChar": "\""
				},
				"schema": []
			},
			"dependsOn": []
		},
		{
			"name": "[concat(parameters('factoryName'), '/Ds_Eur_Securigate_SFTP_Tgt')]",
			"type": "Microsoft.DataFactory/factories/datasets",
			"apiVersion": "2018-06-01",
			"properties": {
				"linkedServiceName": {
					"referenceName": "LK_BRZ_FACILITIES",
					"type": "LinkedServiceReference"
				},
				"folder": {
					"name": "Facilities"
				},
				"annotations": [],
				"type": "DelimitedText",
				"typeProperties": {
					"location": {
						"type": "LakehouseLocation",
						"fileName": "SECURIGATE_DATA.csv",
						"folderPath": "Fairmove"
					},
					"columnDelimiter": ",",
					"escapeChar": "\\",
					"firstRowAsHeader": true,
					"quoteChar": "\""
				},
				"schema": []
			},
			"dependsOn": []
		},
		{
			"name": "[concat(parameters('factoryName'), '/Ds_FVX_Invoice_Tgt')]",
			"type": "Microsoft.DataFactory/factories/datasets",
			"apiVersion": "2018-06-01",
			"properties": {
				"linkedServiceName": {
					"referenceName": "LK_BRZ_FACILITIES",
					"type": "LinkedServiceReference"
				},
				"folder": {
					"name": "Farmavenix"
				},
				"annotations": [],
				"type": "DelimitedText",
				"typeProperties": {
					"location": {
						"type": "LakehouseLocation",
						"fileName": "FVX_INVOICE.csv",
						"folderPath": "Farmavenix"
					},
					"columnDelimiter": ",",
					"escapeChar": "\\",
					"firstRowAsHeader": true,
					"quoteChar": "\""
				},
				"schema": []
			},
			"dependsOn": []
		},
		{
			"name": "[concat(parameters('factoryName'), '/Ds_Fairmove_data')]",
			"type": "Microsoft.DataFactory/factories/datasets",
			"apiVersion": "2018-06-01",
			"properties": {
				"linkedServiceName": {
					"referenceName": "LK_BRZ_FACILITIES",
					"type": "LinkedServiceReference"
				},
				"folder": {
					"name": "Facilities"
				},
				"annotations": [],
				"type": "DelimitedText",
				"typeProperties": {
					"location": {
						"type": "LakehouseLocation",
						"fileName": "Fairmove_Parking.csv",
						"folderPath": "Fairmove"
					},
					"columnDelimiter": ",",
					"escapeChar": "\\",
					"firstRowAsHeader": true,
					"quoteChar": "\""
				},
				"schema": []
			},
			"dependsOn": []
		},
		{
			"name": "[concat(parameters('factoryName'), '/Ds_SLV_Fairmove_data')]",
			"type": "Microsoft.DataFactory/factories/datasets",
			"apiVersion": "2018-06-01",
			"properties": {
				"linkedServiceName": {
					"referenceName": "LK_SLV_FACILITIES",
					"type": "LinkedServiceReference"
				},
				"folder": {
					"name": "Facilities"
				},
				"annotations": [],
				"type": "DelimitedText",
				"typeProperties": {
					"location": {
						"type": "LakehouseLocation",
						"fileName": "Fairmove_Parking.csv",
						"folderPath": "Fairmove"
					},
					"columnDelimiter": ",",
					"escapeChar": "\\",
					"firstRowAsHeader": true,
					"quoteChar": "\""
				},
				"schema": []
			},
			"dependsOn": []
		},
		{
			"name": "[concat(parameters('factoryName'), '/Ds_SN_EMP_Source')]",
			"type": "Microsoft.DataFactory/factories/datasets",
			"apiVersion": "2018-06-01",
			"properties": {
				"linkedServiceName": {
					"referenceName": "Ls_Rest_SN",
					"type": "LinkedServiceReference"
				},
				"folder": {
					"name": "Facilities"
				},
				"annotations": [],
				"type": "RestResource",
				"typeProperties": {},
				"schema": []
			},
			"dependsOn": []
		},
		{
			"name": "[concat(parameters('factoryName'), '/Ds_STG_FVX_INVOICE_FILE')]",
			"type": "Microsoft.DataFactory/factories/datasets",
			"apiVersion": "2018-06-01",
			"properties": {
				"linkedServiceName": {
					"referenceName": "AZSQLVM",
					"type": "LinkedServiceReference"
				},
				"folder": {
					"name": "Farmavenix"
				},
				"annotations": [],
				"type": "SqlServerTable",
				"schema": [],
				"typeProperties": {
					"schema": "IODS",
					"table": "STG_FVX_INVOICE_FILE"
				}
			},
			"dependsOn": []
		},
		{
			"name": "[concat(parameters('factoryName'), '/ICS_Blob_Storage')]",
			"type": "Microsoft.DataFactory/factories/datasets",
			"apiVersion": "2018-06-01",
			"properties": {
				"description": "we are trying to store ics files from fileshar to Blob",
				"linkedServiceName": {
					"referenceName": "ADLSG2",
					"type": "LinkedServiceReference"
				},
				"folder": {
					"name": "1.Informatica_Datasets/GlobalDWInvoice"
				},
				"annotations": [],
				"type": "DelimitedText",
				"typeProperties": {
					"location": {
						"type": "AzureBlobStorageLocation",
						"folderPath": "ICS_Source_Files",
						"container": "globaldatawarehouse"
					},
					"columnDelimiter": "|",
					"escapeChar": "\\",
					"firstRowAsHeader": true,
					"quoteChar": "\""
				},
				"schema": []
			},
			"dependsOn": []
		},
		{
			"name": "[concat(parameters('factoryName'), '/ICS_Customer_Master')]",
			"type": "Microsoft.DataFactory/factories/datasets",
			"apiVersion": "2018-06-01",
			"properties": {
				"linkedServiceName": {
					"referenceName": "ADLSG2",
					"type": "LinkedServiceReference"
				},
				"folder": {
					"name": "1.Informatica_Datasets/GlobalDWInvoice"
				},
				"annotations": [],
				"type": "DelimitedText",
				"typeProperties": {
					"location": {
						"type": "AzureBlobStorageLocation",
						"fileName": "Customer_Master.txt",
						"folderPath": "ICS_Source_Files",
						"container": "globaldatawarehouse"
					},
					"columnDelimiter": "|",
					"escapeChar": "\\",
					"firstRowAsHeader": false,
					"quoteChar": "\""
				},
				"schema": [
					{
						"name": "MCUSTSK",
						"type": "Number"
					},
					{
						"name": "Status",
						"type": "String"
					},
					{
						"name": "CUSTSPLRNBR",
						"type": "String"
					},
					{
						"name": "Type",
						"type": "Number"
					},
					{
						"name": "AliasforCUSTSPLRNBR",
						"type": "String"
					},
					{
						"name": "Name",
						"type": "String"
					},
					{
						"name": "ADDRline1",
						"type": "String"
					},
					{
						"name": "ADDRline2",
						"type": "String"
					},
					{
						"name": "ADDRline3",
						"type": "String"
					},
					{
						"name": "City",
						"type": "String"
					},
					{
						"name": "ST",
						"type": "String"
					},
					{
						"name": "ZipCD",
						"type": "String"
					},
					{
						"name": "Internalname",
						"type": "String"
					},
					{
						"name": "CNTRY",
						"type": "String"
					},
					{
						"name": "Area",
						"type": "String"
					},
					{
						"name": "NameCTGRY1",
						"type": "String"
					},
					{
						"name": "NameCTGRY2",
						"type": "String"
					},
					{
						"name": "NameCTGRY3",
						"type": "String"
					},
					{
						"name": "CreationDT",
						"type": "String"
					},
					{
						"name": "STPRVNCD",
						"type": "String"
					},
					{
						"name": "PhoneNBR1",
						"type": "String"
					},
					{
						"name": "PhoneNBR2",
						"type": "String"
					},
					{
						"name": "FaxNBR1",
						"type": "String"
					},
					{
						"name": "CreditLimit",
						"type": "String"
					},
					{
						"name": "ARGRP_SK",
						"type": "String"
					},
					{
						"name": "ARGRP",
						"type": "String"
					},
					{
						"name": "PYMTStatistCDW_STG_ICSGRP",
						"type": "String"
					},
					{
						"name": "STMTOfACCT",
						"type": "String"
					},
					{
						"name": "TermsOfPYMT_SK",
						"type": "String"
					},
					{
						"name": "TermsOfPYMT",
						"type": "String"
					},
					{
						"name": "CreditStatus",
						"type": "String"
					},
					{
						"name": "CSTCNTR",
						"type": "String"
					},
					{
						"name": "CNTCTPerson",
						"type": "String"
					},
					{
						"name": "DebtorADDRNBR",
						"type": "String"
					},
					{
						"name": "DebtorNBR",
						"type": "String"
					},
					{
						"name": "DeliveryADDRNBR",
						"type": "String"
					},
					{
						"name": "DeliveryCUSTNBR",
						"type": "String"
					},
					{
						"name": "ConfirmationADDRNBR",
						"type": "String"
					},
					{
						"name": "ConfirmationCUSTNBR",
						"type": "String"
					},
					{
						"name": "INVADDRNBR",
						"type": "String"
					},
					{
						"name": "INVCUSTNBR",
						"type": "String"
					},
					{
						"name": "CustomChain1",
						"type": "String"
					},
					{
						"name": "CustomChain2",
						"type": "String"
					},
					{
						"name": "CustomChain3",
						"type": "String"
					},
					{
						"name": "CustomChain4",
						"type": "String"
					},
					{
						"name": "CustomChain5",
						"type": "String"
					},
					{
						"name": "CustomChain6",
						"type": "String"
					},
					{
						"name": "CustomChain7",
						"type": "String"
					},
					{
						"name": "CustomChain8",
						"type": "String"
					},
					{
						"name": "CustomChain9",
						"type": "String"
					},
					{
						"name": "CustomClassification1",
						"type": "String"
					},
					{
						"name": "CustomClassification2",
						"type": "String"
					},
					{
						"name": "CustomClassification3",
						"type": "String"
					},
					{
						"name": "CustomClassification4",
						"type": "String"
					},
					{
						"name": "CustomClassification5",
						"type": "String"
					},
					{
						"name": "Termsofdelivery",
						"type": "String"
					},
					{
						"name": "MannerofTRNSPRT",
						"type": "String"
					},
					{
						"name": "Administrationfee",
						"type": "String"
					},
					{
						"name": "Invoicingfee",
						"type": "String"
					},
					{
						"name": "CUSTGRP",
						"type": "String"
					},
					{
						"name": "DiscountGRP",
						"type": "String"
					},
					{
						"name": "PriceGRP",
						"type": "String"
					},
					{
						"name": "Discountpercentage",
						"type": "String"
					},
					{
						"name": "SLSman",
						"type": "String"
					},
					{
						"name": "LSTINVDT",
						"type": "String"
					},
					{
						"name": "CurrentACCTBalance",
						"type": "String"
					},
					{
						"name": "FIELD67",
						"type": "String"
					},
					{
						"name": "FIELD68",
						"type": "String"
					},
					{
						"name": "FIELD69",
						"type": "String"
					},
					{
						"name": "FIELD70",
						"type": "String"
					},
					{
						"name": "FIELD71",
						"type": "String"
					},
					{
						"name": "FIELD72",
						"type": "String"
					},
					{
						"name": "FIELD73",
						"type": "String"
					},
					{
						"name": "FIELD74",
						"type": "String"
					},
					{
						"name": "FIELD75",
						"type": "String"
					},
					{
						"name": "FIELD76",
						"type": "String"
					}
				]
			},
			"dependsOn": []
		}
	]
}