{
	"$schema": "http://schema.management.azure.com/schemas/2015-01-01/deploymentTemplate.json#",
	"contentVersion": "1.0.0.0",
	"parameters": {
		"factoryName": {
			"type": "string",
			"metadata": "Data Factory name",
			"defaultValue": "Dfact-DataIntegrationServices"
		}
	},
	"variables": {
		"factoryId": "[concat('Microsoft.DataFactory/factories/', parameters('factoryName'))]"
	},
	"resources": [
		{
			"name": "[concat(parameters('factoryName'), '/MDS_SCHEMA')]",
			"type": "Microsoft.DataFactory/factories/datasets",
			"apiVersion": "2018-06-01",
			"properties": {
				"description": "Use for tables in the MDS schema of AZU-MCPSQLxxx",
				"linkedServiceName": {
					"referenceName": "SQL_AZUMCP",
					"type": "LinkedServiceReference",
					"parameters": {
						"SQLServerName": {
							"value": "@dataset().MCP_SQL_SERVER",
							"type": "Expression"
						},
						"SQLDatabaseName": {
							"value": "@dataset().MCP_SQL_DB",
							"type": "Expression"
						},
						"KeyVaultSecretName": {
							"value": "@dataset().MCP_SQL_KVSECRET",
							"type": "Expression"
						},
						"SQLAccount": {
							"value": "@dataset().MCP_SQL_ACCT",
							"type": "Expression"
						}
					}
				},
				"parameters": {
					"MDS_TABLE_NAME": {
						"type": "String"
					},
					"MCP_SQL_SERVER": {
						"type": "String"
					},
					"MCP_SQL_DB": {
						"type": "String"
					},
					"MCP_SQL_ACCT": {
						"type": "String"
					},
					"MCP_SQL_KVSECRET": {
						"type": "String"
					}
				},
				"annotations": [],
				"type": "SqlServerTable",
				"schema": [
					{
						"name": "FST_NM",
						"type": "nvarchar"
					},
					{
						"name": "MID_NM",
						"type": "nvarchar"
					},
					{
						"name": "LST_NM",
						"type": "nvarchar"
					},
					{
						"name": "EMPL_ID",
						"type": "varchar"
					},
					{
						"name": "LOGIN_ID",
						"type": "varchar"
					},
					{
						"name": "EMAIL_ADDRESS",
						"type": "varchar"
					},
					{
						"name": "ACTIVE",
						"type": "varchar"
					},
					{
						"name": "COMPANY_CD",
						"type": "varchar"
					},
					{
						"name": "DEPT_ID",
						"type": "varchar"
					},
					{
						"name": "DEPT_DESC",
						"type": "varchar"
					},
					{
						"name": "LOC_CODE",
						"type": "varchar"
					},
					{
						"name": "SUPERVISOR_ID",
						"type": "varchar"
					},
					{
						"name": "SOURCE",
						"type": "varchar"
					},
					{
						"name": "POPULATE_BY",
						"type": "varchar"
					},
					{
						"name": "REFRESH_DATE",
						"type": "datetime",
						"precision": 23,
						"scale": 3
					}
				],
				"typeProperties": {
					"schema": "MDS",
					"table": {
						"value": "@dataset().MDS_TABLE_NAME",
						"type": "Expression"
					}
				}
			},
			"dependsOn": []
		},
		{
			"name": "[concat(parameters('factoryName'), '/MDS_VEEVA_HCO')]",
			"type": "Microsoft.DataFactory/factories/datasets",
			"apiVersion": "2018-06-01",
			"properties": {
				"linkedServiceName": {
					"referenceName": "SQL_AZUMCP",
					"type": "LinkedServiceReference",
					"parameters": {
						"SQLServerName": {
							"value": "@dataset().paramMCPSQLServer",
							"type": "Expression"
						},
						"SQLDatabaseName": {
							"value": "@dataset().paramMCPSQLDB",
							"type": "Expression"
						},
						"KeyVaultSecretName": {
							"value": "@dataset().paramMCPKVSecret",
							"type": "Expression"
						},
						"SQLAccount": {
							"value": "@dataset().paramMCPSQLAccount",
							"type": "Expression"
						}
					}
				},
				"parameters": {
					"paramMCPSQLServer": {
						"type": "string"
					},
					"paramMCPSQLDB": {
						"type": "string"
					},
					"paramMCPSQLAccount": {
						"type": "string"
					},
					"paramMCPKVSecret": {
						"type": "string"
					}
				},
				"annotations": [],
				"type": "SqlServerTable",
				"schema": [
					{
						"name": "Veeva_ID",
						"type": "nvarchar"
					},
					{
						"name": "ORG_ID",
						"type": "nvarchar"
					},
					{
						"name": "ACCTNM",
						"type": "nvarchar"
					},
					{
						"name": "PREFERRED_NM",
						"type": "nvarchar"
					},
					{
						"name": "ACCTTYPE",
						"type": "nvarchar"
					},
					{
						"name": "TIN",
						"type": "nvarchar"
					},
					{
						"name": "ADDR1",
						"type": "nvarchar"
					},
					{
						"name": "ADDR2",
						"type": "nvarchar"
					},
					{
						"name": "CITY",
						"type": "nvarchar"
					},
					{
						"name": "ST",
						"type": "nvarchar"
					},
					{
						"name": "ZIP",
						"type": "nvarchar"
					},
					{
						"name": "CNTRY_CD",
						"type": "nvarchar"
					},
					{
						"name": "CREATED_DT",
						"type": "datetime",
						"precision": 23,
						"scale": 3
					},
					{
						"name": "CREATED_BY",
						"type": "nvarchar"
					},
					{
						"name": "MODIFIED_DT",
						"type": "datetime",
						"precision": 23,
						"scale": 3
					},
					{
						"name": "MODIFIED_BY",
						"type": "nvarchar"
					},
					{
						"name": "ETL_ID",
						"type": "nvarchar"
					},
					{
						"name": "National_Identifier",
						"type": "nvarchar"
					},
					{
						"name": "OFFICIAL_NATIONAL_ID_CODE_BE_ORD__c",
						"type": "nvarchar"
					},
					{
						"name": "Official_National_ID_Code_ES_NIF__c",
						"type": "nvarchar"
					},
					{
						"name": "Official_National_ID_Code_IT_CIF__c",
						"type": "nvarchar"
					},
					{
						"name": "Official_National_ID_Code__c",
						"type": "nvarchar"
					},
					{
						"name": "Off_National_ID_Wkp_IT_PT_CODICE_NIF__c",
						"type": "nvarchar"
					},
					{
						"name": "Official_National_ID_Wkp_BE_LU_INAMI__c",
						"type": "nvarchar"
					},
					{
						"name": "OFFICIAL_NATIONAL_ID_WKP_NL_KVK_NR__C",
						"type": "nvarchar"
					}
				],
				"typeProperties": {
					"schema": "MDS",
					"table": "CDW_MEDI_CR_VEEVA_HCO"
				}
			},
			"dependsOn": []
		},
		{
			"name": "[concat(parameters('factoryName'), '/MDS_VEEVA_HCP')]",
			"type": "Microsoft.DataFactory/factories/datasets",
			"apiVersion": "2018-06-01",
			"properties": {
				"linkedServiceName": {
					"referenceName": "SQL_AZUMCP",
					"type": "LinkedServiceReference",
					"parameters": {
						"SQLServerName": {
							"value": "@dataset().paramMCPSQLServer",
							"type": "Expression"
						},
						"SQLDatabaseName": {
							"value": "@dataset().paramMCPSQLDB",
							"type": "Expression"
						},
						"KeyVaultSecretName": {
							"value": "@dataset().paramMCPKVSecret",
							"type": "Expression"
						},
						"SQLAccount": {
							"value": "@dataset().paramMCPSQLAccount",
							"type": "Expression"
						}
					}
				},
				"parameters": {
					"paramMCPSQLServer": {
						"type": "String"
					},
					"paramMCPSQLDB": {
						"type": "String"
					},
					"paramMCPSQLAccount": {
						"type": "String"
					},
					"paramMCPKVSecret": {
						"type": "String"
					}
				},
				"annotations": [],
				"type": "SqlServerTable",
				"schema": [
					{
						"name": "Veeva_ID",
						"type": "nvarchar"
					},
					{
						"name": "Proffessional_Id",
						"type": "nvarchar"
					},
					{
						"name": "Last_Name",
						"type": "nvarchar"
					},
					{
						"name": "First_Name",
						"type": "nvarchar"
					},
					{
						"name": "Mid_Name",
						"type": "nvarchar"
					},
					{
						"name": "Suffix",
						"type": "nvarchar"
					},
					{
						"name": "Designation",
						"type": "nvarchar"
					},
					{
						"name": "Email",
						"type": "nvarchar"
					},
					{
						"name": "National_Provider_Identifier",
						"type": "nvarchar"
					},
					{
						"name": "Incyte_Primary_Speciality_Code",
						"type": "nvarchar"
					},
					{
						"name": "Incyte_Secondary_Specilality_Code",
						"type": "nvarchar"
					},
					{
						"name": "CMS_Taxonomy_code",
						"type": "nvarchar"
					},
					{
						"name": "Address_Line_1",
						"type": "nvarchar"
					},
					{
						"name": "Address_Line_2",
						"type": "nvarchar"
					},
					{
						"name": "City",
						"type": "nvarchar"
					},
					{
						"name": "State",
						"type": "nvarchar"
					},
					{
						"name": "Postal_code",
						"type": "nvarchar"
					},
					{
						"name": "Country_Code",
						"type": "nvarchar"
					},
					{
						"name": "CREATED_DT",
						"type": "datetime",
						"precision": 23,
						"scale": 3
					},
					{
						"name": "CREATED_BY",
						"type": "nvarchar"
					},
					{
						"name": "MODIFIED_DT",
						"type": "datetime",
						"precision": 23,
						"scale": 3
					},
					{
						"name": "MODIFIED_BY",
						"type": "nvarchar"
					},
					{
						"name": "ETL_ID",
						"type": "nvarchar"
					},
					{
						"name": "National_Identifier",
						"type": "nvarchar"
					},
					{
						"name": "OFFICIAL_NATIONAL_ID_CODE_BE_ORD__c",
						"type": "nvarchar"
					},
					{
						"name": "Official_National_ID_Code_ES_NIF__c",
						"type": "nvarchar"
					},
					{
						"name": "Official_National_ID_Code_IT_CIF__c",
						"type": "nvarchar"
					},
					{
						"name": "Official_National_ID_Code__c",
						"type": "nvarchar"
					},
					{
						"name": "Off_National_ID_Wkp_IT_PT_CODICE_NIF__c",
						"type": "nvarchar"
					},
					{
						"name": "Official_National_ID_Wkp_BE_LU_INAMI__c",
						"type": "nvarchar"
					},
					{
						"name": "OFFICIAL_NATIONAL_ID_WKP_NL_KVK_NR__C",
						"type": "nvarchar"
					},
					{
						"name": "Account_Type",
						"type": "nvarchar"
					},
					{
						"name": "HCP_Preferred_Org",
						"type": "nvarchar"
					},
					{
						"name": "Salutation",
						"type": "nvarchar"
					},
					{
						"name": "Stakeholder_Organization",
						"type": "nvarchar"
					}
				],
				"typeProperties": {
					"schema": "MDS",
					"table": "CDW_MEDI_CR_VEEVA_HCP"
				}
			},
			"dependsOn": []
		},
		{
			"name": "[concat(parameters('factoryName'), '/MEDI_ARCHIVE')]",
			"type": "Microsoft.DataFactory/factories/datasets",
			"apiVersion": "2018-06-01",
			"properties": {
				"linkedServiceName": {
					"referenceName": "ADLSG2",
					"type": "LinkedServiceReference"
				},
				"parameters": {
					"ARCHIVE_PATH": {
						"type": "string"
					}
				},
				"annotations": [],
				"type": "Binary",
				"typeProperties": {
					"location": {
						"type": "AzureBlobStorageLocation",
						"folderPath": {
							"value": "@dataset().ARCHIVE_PATH",
							"type": "Expression"
						},
						"container": "tgtfiles"
					}
				}
			},
			"dependsOn": []
		},
		{
			"name": "[concat(parameters('factoryName'), '/MEDI_DAILY_ARCV_PATH')]",
			"type": "Microsoft.DataFactory/factories/datasets",
			"apiVersion": "2018-06-01",
			"properties": {
				"linkedServiceName": {
					"referenceName": "ADLSG2",
					"type": "LinkedServiceReference"
				},
				"annotations": [],
				"type": "Binary",
				"typeProperties": {
					"location": {
						"type": "AzureBlobStorageLocation",
						"folderPath": "MEDISPEND",
						"container": "archive"
					}
				}
			},
			"dependsOn": []
		},
		{
			"name": "[concat(parameters('factoryName'), '/MEDI_DECRYPTED')]",
			"type": "Microsoft.DataFactory/factories/datasets",
			"apiVersion": "2018-06-01",
			"properties": {
				"linkedServiceName": {
					"referenceName": "ADLSG2",
					"type": "LinkedServiceReference"
				},
				"annotations": [],
				"type": "Binary",
				"typeProperties": {
					"location": {
						"type": "AzureBlobStorageLocation",
						"container": "tgtfiles"
					}
				}
			},
			"dependsOn": []
		},
		{
			"name": "[concat(parameters('factoryName'), '/MEDI_SRCFILES')]",
			"type": "Microsoft.DataFactory/factories/datasets",
			"apiVersion": "2018-06-01",
			"properties": {
				"linkedServiceName": {
					"referenceName": "ADLSG2",
					"type": "LinkedServiceReference"
				},
				"annotations": [],
				"type": "Binary",
				"typeProperties": {
					"location": {
						"type": "AzureBlobStorageLocation",
						"folderPath": "Medispend_Concur/DAILY_INBOUND",
						"container": "srcfiles"
					}
				}
			},
			"dependsOn": []
		},
		{
			"name": "[concat(parameters('factoryName'), '/MEDI_SRCFILES_ARCV')]",
			"type": "Microsoft.DataFactory/factories/datasets",
			"apiVersion": "2018-06-01",
			"properties": {
				"linkedServiceName": {
					"referenceName": "ADLSG2",
					"type": "LinkedServiceReference"
				},
				"parameters": {
					"ARCV_PATH": {
						"type": "string"
					}
				},
				"annotations": [],
				"type": "Binary",
				"typeProperties": {
					"location": {
						"type": "AzureBlobStorageLocation",
						"folderPath": {
							"value": "@dataset().ARCV_PATH",
							"type": "Expression"
						},
						"container": "srcfiles"
					}
				}
			},
			"dependsOn": []
		},
		{
			"name": "[concat(parameters('factoryName'), '/MEDI_TGTFILES')]",
			"type": "Microsoft.DataFactory/factories/datasets",
			"apiVersion": "2018-06-01",
			"properties": {
				"linkedServiceName": {
					"referenceName": "ADLSG2",
					"type": "LinkedServiceReference"
				},
				"parameters": {
					"OUTPUT_FILEPATH": {
						"type": "string"
					},
					"OUTPUT_FILENAME": {
						"type": "string"
					}
				},
				"annotations": [],
				"type": "DelimitedText",
				"typeProperties": {
					"location": {
						"type": "AzureBlobStorageLocation",
						"fileName": {
							"value": "@dataset().OUTPUT_FILENAME",
							"type": "Expression"
						},
						"folderPath": {
							"value": "@dataset().OUTPUT_FILEPATH",
							"type": "Expression"
						},
						"container": "tgtfiles"
					},
					"columnDelimiter": ",",
					"escapeChar": "\\",
					"firstRowAsHeader": false,
					"quoteChar": "\""
				},
				"schema": []
			},
			"dependsOn": []
		},
		{
			"name": "[concat(parameters('factoryName'), '/OracleRDEZipFiles')]",
			"type": "Microsoft.DataFactory/factories/datasets",
			"apiVersion": "2018-06-01",
			"properties": {
				"description": "Oracle SFTP server",
				"linkedServiceName": {
					"referenceName": "Sftp_Oracle_RDE",
					"type": "LinkedServiceReference"
				},
				"annotations": [],
				"type": "Binary",
				"typeProperties": {
					"location": {
						"type": "SftpLocation"
					}
				}
			},
			"dependsOn": []
		},
		{
			"name": "[concat(parameters('factoryName'), '/SAS_SFTP')]",
			"type": "Microsoft.DataFactory/factories/datasets",
			"apiVersion": "2018-06-01",
			"properties": {
				"linkedServiceName": {
					"referenceName": "Sftp_SAS_TEST",
					"type": "LinkedServiceReference"
				},
				"annotations": [],
				"type": "Binary",
				"typeProperties": {
					"location": {
						"type": "SftpLocation",
						"folderPath": "/incoming"
					}
				}
			},
			"dependsOn": []
		},
		{
			"name": "[concat(parameters('factoryName'), '/SFTP_CONCUR')]",
			"type": "Microsoft.DataFactory/factories/datasets",
			"apiVersion": "2018-06-01",
			"properties": {
				"linkedServiceName": {
					"referenceName": "LZONE",
					"type": "LinkedServiceReference"
				},
				"annotations": [],
				"type": "Binary",
				"typeProperties": {
					"location": {
						"type": "SftpLocation",
						"folderPath": "/SAPCPI/DEV/CONCUR"
					}
				}
			},
			"dependsOn": []
		},
		{
			"name": "[concat(parameters('factoryName'), '/SOURCE_ARIBA_INVOICE_DELTA')]",
			"type": "Microsoft.DataFactory/factories/datasets",
			"apiVersion": "2018-06-01",
			"properties": {
				"linkedServiceName": {
					"referenceName": "AZSQLVM",
					"type": "LinkedServiceReference"
				},
				"folder": {
					"name": "Gappify"
				},
				"annotations": [],
				"type": "SqlServerTable",
				"schema": [],
				"typeProperties": {}
			},
			"dependsOn": []
		},
		{
			"name": "[concat(parameters('factoryName'), '/SOURCE_BIOVIA_API_SAMPLE_CONTAINER_TYPE')]",
			"type": "Microsoft.DataFactory/factories/datasets",
			"apiVersion": "2018-06-01",
			"properties": {
				"linkedServiceName": {
					"referenceName": "Http_BIOVIA_API",
					"type": "LinkedServiceReference"
				},
				"folder": {
					"name": "BIOVIA"
				},
				"annotations": [],
				"type": "Json",
				"typeProperties": {
					"location": {
						"type": "HttpServerLocation",
						"relativeUrl": "foundation/hub/api/v1/vocabularyentries?$filter= vocabulary/name eq 'Sample Container Type'"
					}
				},
				"schema": {}
			},
			"dependsOn": []
		},
		{
			"name": "[concat(parameters('factoryName'), '/SOURCE_BIOVIA_API_SAMPLE_TYPE')]",
			"type": "Microsoft.DataFactory/factories/datasets",
			"apiVersion": "2018-06-01",
			"properties": {
				"linkedServiceName": {
					"referenceName": "Http_BIOVIA_API",
					"type": "LinkedServiceReference"
				},
				"folder": {
					"name": "BIOVIA"
				},
				"annotations": [],
				"type": "Json",
				"typeProperties": {
					"location": {
						"type": "HttpServerLocation",
						"relativeUrl": "foundation/hub/api/v1/vocabularyentries?$filter= vocabulary/name eq 'Sample Type'"
					}
				},
				"schema": {}
			},
			"dependsOn": []
		},
		{
			"name": "[concat(parameters('factoryName'), '/SOURCE_BIOVIA_API_STORAGE_REQUIREDMENT')]",
			"type": "Microsoft.DataFactory/factories/datasets",
			"apiVersion": "2018-06-01",
			"properties": {
				"linkedServiceName": {
					"referenceName": "Http_BIOVIA_API",
					"type": "LinkedServiceReference"
				},
				"folder": {
					"name": "BIOVIA"
				},
				"annotations": [],
				"type": "Json",
				"typeProperties": {
					"location": {
						"type": "HttpServerLocation",
						"relativeUrl": "foundation/hub/api/v1/vocabularyentries?$filter= vocabulary/name eq 'Storage Conditions'"
					}
				},
				"schema": {}
			},
			"dependsOn": []
		},
		{
			"name": "[concat(parameters('factoryName'), '/SOURCE_BIOVIA_SAMPLE_API')]",
			"type": "Microsoft.DataFactory/factories/datasets",
			"apiVersion": "2018-06-01",
			"properties": {
				"linkedServiceName": {
					"referenceName": "Http_BIOVIA_API",
					"type": "LinkedServiceReference"
				},
				"folder": {
					"name": "BIOVIA"
				},
				"annotations": [],
				"type": "Json",
				"typeProperties": {
					"location": {
						"type": "HttpServerLocation",
						"relativeUrl": "foundation/hub/api/v1/samples?$top=0"
					}
				},
				"schema": {}
			},
			"dependsOn": []
		},
		{
			"name": "[concat(parameters('factoryName'), '/SOURCE_COA_DELTA')]",
			"type": "Microsoft.DataFactory/factories/datasets",
			"apiVersion": "2018-06-01",
			"properties": {
				"linkedServiceName": {
					"referenceName": "AZSQLVM",
					"type": "LinkedServiceReference"
				},
				"folder": {
					"name": "Gappify"
				},
				"annotations": [],
				"type": "SqlServerTable",
				"schema": [],
				"typeProperties": {}
			},
			"dependsOn": []
		},
		{
			"name": "[concat(parameters('factoryName'), '/SOURCE_PO_DELTA')]",
			"type": "Microsoft.DataFactory/factories/datasets",
			"apiVersion": "2018-06-01",
			"properties": {
				"linkedServiceName": {
					"referenceName": "AZSQLVM",
					"type": "LinkedServiceReference"
				},
				"folder": {
					"name": "Gappify"
				},
				"annotations": [],
				"type": "SqlServerTable",
				"schema": [],
				"typeProperties": {}
			},
			"dependsOn": []
		},
		{
			"name": "[concat(parameters('factoryName'), '/SOURCE_PO_DELTA_HISTORY')]",
			"type": "Microsoft.DataFactory/factories/datasets",
			"apiVersion": "2018-06-01",
			"properties": {
				"linkedServiceName": {
					"referenceName": "AZSQLVM",
					"type": "LinkedServiceReference"
				},
				"folder": {
					"name": "Gappify"
				},
				"annotations": [],
				"type": "SqlServerTable",
				"schema": [],
				"typeProperties": {}
			},
			"dependsOn": []
		}
	]
}