{
	"$schema": "http://schema.management.azure.com/schemas/2015-01-01/deploymentTemplate.json#",
	"contentVersion": "1.0.0.0",
	"parameters": {
		"factoryName": {
			"type": "string",
			"metadata": "Data Factory name",
			"defaultValue": "Dfact-DataIntegrationServices"
		},
		"DIS_ADLS_properties_privateLinkResourceId": {
			"type": "string",
			"defaultValue": "/subscriptions/7c0da57b-82ca-437f-9055-42628e8ec0a3/resourceGroups/RG-Informatica/providers/Microsoft.Storage/storageAccounts/disdatalakefabric"
		},
		"DIS_ADLS_properties_groupId": {
			"type": "string",
			"defaultValue": "dfs"
		},
		"DIS_ADLS_properties_fqdns": {
			"type": "array",
			"defaultValue": [
				"disdatalakefabric.dfs.core.windows.net"
			]
		}
	},
	"variables": {
		"factoryId": "[concat('Microsoft.DataFactory/factories/', parameters('factoryName'))]"
	},
	"resources": [
		{
			"name": "[concat(parameters('factoryName'), '/default/DIS_ADLS')]",
			"type": "Microsoft.DataFactory/factories/managedVirtualNetworks/managedPrivateEndpoints",
			"apiVersion": "2018-06-01",
			"properties": {
				"privateLinkResourceId": "[parameters('DIS_ADLS_properties_privateLinkResourceId')]",
				"groupId": "[parameters('DIS_ADLS_properties_groupId')]",
				"fqdns": "[parameters('DIS_ADLS_properties_fqdns')]"
			},
			"dependsOn": []
		},
		{
			"name": "[concat(parameters('factoryName'), '/BRZ_FAIRMOVE_PARKING_TBL')]",
			"type": "Microsoft.DataFactory/factories/datasets",
			"apiVersion": "2018-06-01",
			"properties": {
				"linkedServiceName": {
					"referenceName": "LK_BRZ_FACILITIES",
					"type": "LinkedServiceReference"
				},
				"folder": {
					"name": "Facilities"
				},
				"annotations": [],
				"type": "LakehouseTable",
				"schema": [
					{
						"name": "API_FAC_SK",
						"type": "integer"
					},
					{
						"name": "PersonnelNumber",
						"type": "string"
					},
					{
						"name": "ProfileName",
						"type": "string"
					},
					{
						"name": "AssignmentType",
						"type": "string"
					},
					{
						"name": "DtValidFrom",
						"type": "timestamp"
					},
					{
						"name": "DtValidTo",
						"type": "timestamp"
					},
					{
						"name": "CorrelationId",
						"type": "string"
					},
					{
						"name": "Status",
						"type": "string"
					},
					{
						"name": "TransactionId",
						"type": "string"
					},
					{
						"name": "TranTimestamp",
						"type": "timestamp"
					}
				],
				"typeProperties": {
					"table": "fairmove_parking"
				}
			},
			"dependsOn": []
		},
		{
			"name": "[concat(parameters('factoryName'), '/DS_CDW_MEDI_PRODUCT_COMPOUND')]",
			"type": "Microsoft.DataFactory/factories/datasets",
			"apiVersion": "2018-06-01",
			"properties": {
				"linkedServiceName": {
					"referenceName": "AZSQLVM",
					"type": "LinkedServiceReference"
				},
				"parameters": {
					"paramMCPSQLServer": {
						"type": "string"
					},
					"paramMCPSQLDB": {
						"type": "string"
					},
					"paramMCPSQLAccount": {
						"type": "string"
					},
					"paramMCPKVSecret": {
						"type": "string"
					}
				},
				"folder": {
					"name": "MediSpend"
				},
				"annotations": [],
				"type": "SqlServerTable",
				"schema": [],
				"typeProperties": {
					"schema": "MDS",
					"table": "CDW_MEDI_PRODUCT_COMPOUND"
				}
			},
			"dependsOn": []
		},
		{
			"name": "[concat(parameters('factoryName'), '/DS_CDW_MEDI_PRODUCT_COMPOUND_STG')]",
			"type": "Microsoft.DataFactory/factories/datasets",
			"apiVersion": "2018-06-01",
			"properties": {
				"linkedServiceName": {
					"referenceName": "AZSQLVM",
					"type": "LinkedServiceReference"
				},
				"parameters": {
					"paramMCPSQLServer": {
						"type": "string"
					},
					"paramMCPSQLDB": {
						"type": "string"
					},
					"paramMCPSQLAccount": {
						"type": "string"
					},
					"paramMCPKVSecret": {
						"type": "string"
					}
				},
				"folder": {
					"name": "MediSpend"
				},
				"annotations": [],
				"type": "SqlServerTable",
				"schema": [],
				"typeProperties": {
					"schema": "MDS",
					"table": "CDW_MEDI_PRODUCT_COMPOUND"
				}
			},
			"dependsOn": []
		},
		{
			"name": "[concat(parameters('factoryName'), '/DS_DEST_LH_PLW')]",
			"type": "Microsoft.DataFactory/factories/datasets",
			"apiVersion": "2018-06-01",
			"properties": {
				"linkedServiceName": {
					"referenceName": "ADLSG2",
					"type": "LinkedServiceReference"
				},
				"annotations": [],
				"type": "Binary",
				"typeProperties": {
					"location": {
						"type": "AzureBlobStorageLocation",
						"folderPath": "encrypted",
						"container": "planisware"
					}
				}
			},
			"dependsOn": []
		},
		{
			"name": "[concat(parameters('factoryName'), '/DS_I_WBSElementValueHelp_ODATA')]",
			"type": "Microsoft.DataFactory/factories/datasets",
			"apiVersion": "2018-06-01",
			"properties": {
				"linkedServiceName": {
					"referenceName": "LS_ODATA_SAP_RCV_JE",
					"type": "LinkedServiceReference"
				},
				"folder": {
					"name": "SAP"
				},
				"annotations": [],
				"type": "ODataResource",
				"schema": [],
				"typeProperties": {
					"path": "I_WBSElement"
				}
			},
			"dependsOn": []
		},
		{
			"name": "[concat(parameters('factoryName'), '/DS_LOAD_INVOICE_ICS_API_BODY')]",
			"type": "Microsoft.DataFactory/factories/datasets",
			"apiVersion": "2018-06-01",
			"properties": {
				"linkedServiceName": {
					"referenceName": "AZSQLVM",
					"type": "LinkedServiceReference"
				},
				"annotations": [],
				"type": "SqlServerTable",
				"schema": [],
				"typeProperties": {}
			},
			"dependsOn": []
		},
		{
			"name": "[concat(parameters('factoryName'), '/DS_LakeHouse_VW_EBRELEMENTCONTEXTINFORMATION_MES_SKYLAND')]",
			"type": "Microsoft.DataFactory/factories/datasets",
			"apiVersion": "2018-06-01",
			"properties": {
				"linkedServiceName": {
					"referenceName": "LK_GOLD_BIOPLANT",
					"type": "LinkedServiceReference"
				},
				"folder": {
					"name": "MES_SKYLAND"
				},
				"annotations": [],
				"type": "LakehouseTable",
				"schema": [
					{
						"name": "TYPE",
						"type": "string"
					},
					{
						"name": "KEY",
						"type": "string"
					},
					{
						"name": "DESC_",
						"type": "string"
					},
					{
						"name": "SDESC",
						"type": "string"
					},
					{
						"name": "TRANSDESC",
						"type": "string"
					},
					{
						"name": "TRANSSDESC",
						"type": "string"
					},
					{
						"name": "RECORDCREATEDATETIME",
						"type": "timestamp"
					},
					{
						"name": "RCORDCREATEDBY",
						"type": "string"
					},
					{
						"name": "SOURCESYSTEMNAME",
						"type": "string"
					}
				],
				"typeProperties": {
					"table": "VW_EBRELEMENTCONTEXTINFORMATION_MES_SKYLAND"
				}
			},
			"dependsOn": []
		},
		{
			"name": "[concat(parameters('factoryName'), '/DS_LakehouseTable_MES_MAX_ID')]",
			"type": "Microsoft.DataFactory/factories/datasets",
			"apiVersion": "2018-06-01",
			"properties": {
				"linkedServiceName": {
					"referenceName": "LK_GOLD_BIOPLANT",
					"type": "LinkedServiceReference"
				},
				"annotations": [],
				"type": "LakehouseTable",
				"schema": [
					{
						"name": "MAXID",
						"type": "long"
					},
					{
						"name": "TABLE_NAME",
						"type": "string"
					},
					{
						"name": "CREATED_DT",
						"type": "timestamp"
					}
				],
				"typeProperties": {
					"table": "mes_skyland_delta_load_maxid"
				}
			},
			"dependsOn": []
		},
		{
			"name": "[concat(parameters('factoryName'), '/DS_Onstrust_Process_Activity_API')]",
			"type": "Microsoft.DataFactory/factories/datasets",
			"apiVersion": "2018-06-01",
			"properties": {
				"linkedServiceName": {
					"referenceName": "Ls_Rest_SN",
					"type": "LinkedServiceReference"
				},
				"annotations": [],
				"type": "RestResource",
				"typeProperties": {
					"relativeUrl": "/processing-activities"
				},
				"schema": []
			},
			"dependsOn": []
		},
		{
			"name": "[concat(parameters('factoryName'), '/DS_SRC_STG_INMR_INVOICE')]",
			"type": "Microsoft.DataFactory/factories/datasets",
			"apiVersion": "2018-06-01",
			"properties": {
				"linkedServiceName": {
					"referenceName": "AZSQLVM",
					"type": "LinkedServiceReference"
				},
				"folder": {
					"name": "SAP_Integration"
				},
				"annotations": [],
				"type": "SqlServerTable",
				"schema": [],
				"typeProperties": {}
			},
			"dependsOn": []
		},
		{
			"name": "[concat(parameters('factoryName'), '/DS_STG_INMR_CUSTOMER_MASTER')]",
			"type": "Microsoft.DataFactory/factories/datasets",
			"apiVersion": "2018-06-01",
			"properties": {
				"linkedServiceName": {
					"referenceName": "AZSQLVM",
					"type": "LinkedServiceReference"
				},
				"folder": {
					"name": "SAP_Integration"
				},
				"annotations": [],
				"type": "SqlServerTable",
				"schema": [],
				"typeProperties": {
					"schema": "IODS",
					"table": "STG_INMR_CUSTOMER_MASTER"
				}
			},
			"dependsOn": []
		},
		{
			"name": "[concat(parameters('factoryName'), '/DS_STG_INMR_FIN_AR_TRANS')]",
			"type": "Microsoft.DataFactory/factories/datasets",
			"apiVersion": "2018-06-01",
			"properties": {
				"linkedServiceName": {
					"referenceName": "AZSQLVM",
					"type": "LinkedServiceReference"
				},
				"folder": {
					"name": "SAP_Integration"
				},
				"annotations": [],
				"type": "SqlServerTable",
				"schema": [],
				"typeProperties": {
					"schema": "IODS",
					"table": "STG_INMR_FIN_AR_TRANS"
				}
			},
			"dependsOn": []
		},
		{
			"name": "[concat(parameters('factoryName'), '/DS_STG_INMR_INVOICE')]",
			"type": "Microsoft.DataFactory/factories/datasets",
			"apiVersion": "2018-06-01",
			"properties": {
				"linkedServiceName": {
					"referenceName": "AZSQLVM",
					"type": "LinkedServiceReference"
				},
				"folder": {
					"name": "SAP_Integration"
				},
				"annotations": [],
				"type": "SqlServerTable",
				"schema": [],
				"typeProperties": {
					"schema": "IODS",
					"table": "STG_Inmr_invoice"
				}
			},
			"dependsOn": []
		},
		{
			"name": "[concat(parameters('factoryName'), '/DS_STG_INMR_INV_HDR')]",
			"type": "Microsoft.DataFactory/factories/datasets",
			"apiVersion": "2018-06-01",
			"properties": {
				"linkedServiceName": {
					"referenceName": "AZSQLVM",
					"type": "LinkedServiceReference"
				},
				"folder": {
					"name": "SAP_Integration"
				},
				"annotations": [],
				"type": "SqlServerTable",
				"schema": [],
				"typeProperties": {
					"schema": "IODS",
					"table": "STG_INMR_INV_HDR"
				}
			},
			"dependsOn": []
		},
		{
			"name": "[concat(parameters('factoryName'), '/DS_STG_INMR_INV_LINE')]",
			"type": "Microsoft.DataFactory/factories/datasets",
			"apiVersion": "2018-06-01",
			"properties": {
				"linkedServiceName": {
					"referenceName": "AZSQLVM",
					"type": "LinkedServiceReference"
				},
				"folder": {
					"name": "SAP_Integration"
				},
				"annotations": [],
				"type": "SqlServerTable",
				"schema": [],
				"typeProperties": {
					"schema": "IODS",
					"table": "STG_INMR_INV_LINE"
				}
			},
			"dependsOn": []
		},
		{
			"name": "[concat(parameters('factoryName'), '/DS_STG_INMR_SLS_ORD_HDR')]",
			"type": "Microsoft.DataFactory/factories/datasets",
			"apiVersion": "2018-06-01",
			"properties": {
				"linkedServiceName": {
					"referenceName": "AZSQLVM",
					"type": "LinkedServiceReference"
				},
				"folder": {
					"name": "SAP_Integration"
				},
				"annotations": [],
				"type": "SqlServerTable",
				"schema": [],
				"typeProperties": {
					"schema": "IODS",
					"table": "STG_INMR_SLS_ORD_HDR"
				}
			},
			"dependsOn": []
		},
		{
			"name": "[concat(parameters('factoryName'), '/DS_STG_INMR_SLS_ORD_LINE')]",
			"type": "Microsoft.DataFactory/factories/datasets",
			"apiVersion": "2018-06-01",
			"properties": {
				"linkedServiceName": {
					"referenceName": "AZSQLVM",
					"type": "LinkedServiceReference"
				},
				"folder": {
					"name": "SAP_Integration"
				},
				"annotations": [],
				"type": "SqlServerTable",
				"schema": [],
				"typeProperties": {
					"schema": "IODS",
					"table": "STG_INMR_SLS_ORD_LINE"
				}
			},
			"dependsOn": []
		},
		{
			"name": "[concat(parameters('factoryName'), '/DS_STG_INMR_WRHS_Inventory_TRANs')]",
			"type": "Microsoft.DataFactory/factories/datasets",
			"apiVersion": "2018-06-01",
			"properties": {
				"linkedServiceName": {
					"referenceName": "AZSQLVM",
					"type": "LinkedServiceReference"
				},
				"folder": {
					"name": "SAP_Integration"
				},
				"annotations": [],
				"type": "SqlServerTable",
				"schema": [],
				"typeProperties": {
					"schema": "IODS",
					"table": "STG_INMR_WRHS_Inventory_TRANs"
				}
			},
			"dependsOn": []
		},
		{
			"name": "[concat(parameters('factoryName'), '/DS_STG_INMR_WRHS_Purchase_ORD_HDR')]",
			"type": "Microsoft.DataFactory/factories/datasets",
			"apiVersion": "2018-06-01",
			"properties": {
				"linkedServiceName": {
					"referenceName": "AZSQLVM",
					"type": "LinkedServiceReference"
				},
				"folder": {
					"name": "SAP_Integration"
				},
				"annotations": [],
				"type": "SqlServerTable",
				"schema": [],
				"typeProperties": {
					"schema": "IODS",
					"table": "STG_INMR_WRHS_Purchase_ORD_HDR"
				}
			},
			"dependsOn": []
		}
	]
}