{
	"$schema": "http://schema.management.azure.com/schemas/2015-01-01/deploymentTemplate.json#",
	"contentVersion": "1.0.0.0",
	"parameters": {
		"factoryName": {
			"type": "string",
			"metadata": "Data Factory name",
			"defaultValue": "Dfact-DataIntegrationServices"
		},
		"ADLSG2_connectionString": {
			"type": "secureString",
			"metadata": "Secure string for 'connectionString' of 'ADLSG2'"
		},
		"AZSQLVM_connectionString": {
			"type": "secureString",
			"metadata": "Secure string for 'connectionString' of 'AZSQLVM'",
			"defaultValue": "Integrated Security=False;Data Source=AZU-MCPSQLUAT;Initial Catalog=AZURE_MIGRATION_DEV;User ID=ETLDBADMIN"
		},
		"BIOVIA_connectionString": {
			"type": "secureString",
			"metadata": "Secure string for 'connectionString' of 'BIOVIA'"
		},
		"LK_FAIRMOVE_EXT_password": {
			"type": "secureString",
			"metadata": "Secure string for 'password' of 'LK_FAIRMOVE_EXT'"
		},
		"SQL_AZURE_MIGRATION_VM_connectionString": {
			"type": "secureString",
			"metadata": "Secure string for 'connectionString' of 'SQL_AZURE_MIGRATION_VM'"
		},
		"LS_KV_DIS_FABRIC_properties_typeProperties_baseUrl": {
			"type": "string",
			"defaultValue": "https://KV-DIS-FABRIC.vault.azure.net/"
		},
		"trigger1_properties_typeProperties_scope": {
			"type": "string",
			"defaultValue": "/subscriptions/7c0da57b-82ca-437f-9055-42628e8ec0a3/resourceGroups/RG-Informatica/providers/Microsoft.Storage/storageAccounts/disdatalakefabric"
		},
		"LK_BRONZE_BIOPLANT_properties_typeProperties_tenant": {
			"type": "string",
			"defaultValue": "7e315b15-f710-4dd7-adcb-2738eee4c5e3"
		},
		"LK_BRONZE_BIOPLANT_properties_typeProperties_servicePrincipalId": {
			"type": "string",
			"defaultValue": "9e106d51-022b-4dc2-a764-272076b35359"
		},
		"LK_BRONZE_CLINICAL_properties_typeProperties_tenant": {
			"type": "string",
			"defaultValue": "7e315b15-f710-4dd7-adcb-2738eee4c5e3"
		},
		"LK_BRONZE_CLINICAL_properties_typeProperties_servicePrincipalId": {
			"type": "string",
			"defaultValue": "9e106d51-022b-4dc2-a764-272076b35359"
		},
		"LK_BRZ_FACILITIES_properties_typeProperties_tenant": {
			"type": "string",
			"defaultValue": "7e315b15-f710-4dd7-adcb-2738eee4c5e3"
		},
		"LK_BRZ_FACILITIES_properties_typeProperties_servicePrincipalId": {
			"type": "string",
			"defaultValue": "9e106d51-022b-4dc2-a764-272076b35359"
		},
		"LK_FAIRMOVE_EXT_properties_typeProperties_host": {
			"type": "string",
			"defaultValue": "sftp.fairmove.ch"
		},
		"LK_FAIRMOVE_EXT_properties_typeProperties_userName": {
			"type": "string",
			"defaultValue": "incytedatahub"
		},
		"LK_GOLD_BIOPLANT_properties_typeProperties_tenant": {
			"type": "string",
			"defaultValue": "7e315b15-f710-4dd7-adcb-2738eee4c5e3"
		},
		"LK_GOLD_BIOPLANT_properties_typeProperties_servicePrincipalId": {
			"type": "string",
			"defaultValue": "9e106d51-022b-4dc2-a764-272076b35359"
		},
		"LK_SLV_FACILITIES_properties_typeProperties_tenant": {
			"type": "string",
			"defaultValue": "7e315b15-f710-4dd7-adcb-2738eee4c5e3"
		},
		"LK_SLV_FACILITIES_properties_typeProperties_servicePrincipalId": {
			"type": "string",
			"defaultValue": "9e106d51-022b-4dc2-a764-272076b35359"
		},
		"LS_ODATA_SAP_RCV_JE_properties_typeProperties_url": {
			"type": "string",
			"defaultValue": "https://vhincqs1ci.sap.incyte.com:44300/sap/opu/odata/sap/zrvc_je_cds/?sap-client=400"
		},
		"LS_ODATA_SAP_RCV_JE_properties_typeProperties_userName": {
			"type": "string",
			"defaultValue": "INFORMATICA"
		},
		"Ls_Rest_SN_properties_typeProperties_url": {
			"type": "string",
			"defaultValue": "https://incyte.service-now.com/api/now/table/sys_user?sysparm_fields=name,user_name,email,department.name,manager.name,manager.manager.name,manager.manager.manager.name"
		},
		"Ls_Rest_SN_properties_typeProperties_userName": {
			"type": "string",
			"defaultValue": "sn_powerbi_api"
		}
	},
	"variables": {
		"factoryId": "[concat('Microsoft.DataFactory/factories/', parameters('factoryName'))]"
	},
	"resources": [
		{
			"name": "[concat(parameters('factoryName'), '/pl_PGP_DECRYPTION')]",
			"type": "Microsoft.DataFactory/factories/pipelines",
			"apiVersion": "2018-06-01",
			"properties": {
				"activities": [
					{
						"name": "PLW_Decrypt",
						"type": "AzureFunctionActivity",
						"state": "Inactive",
						"onInactiveMarkAs": "Succeeded",
						"dependsOn": [],
						"policy": {
							"timeout": "0.12:00:00",
							"retry": 0,
							"retryIntervalInSeconds": 30,
							"secureOutput": false,
							"secureInput": false
						},
						"userProperties": [],
						"typeProperties": {
							"functionName": "Decryption",
							"body": {
								"EncryptionDecryptionKeyFile": {
									"BlobContainerName": "pgp",
									"BlobName": "Planisware_decryption_key.asc",
									"ConnectionString": "DefaultEndpointsProtocol=https;AccountName=disdatalakefabric;AccountKey=tT4gQjvUfKTlsryo4/eDQ+jFw0eR1otjkyO+ub0KJgRR1V87LHigvilNmGXgH4vSQg+u2ypfkO1l+AStjvSU3w==;EndpointSuffix=core.windows.net"
								},
								"InputFile": {
									"BlobContainerName": "planisware",
									"ConnectionString": "DefaultEndpointsProtocol=https;AccountName=disdatalakefabric;AccountKey=tT4gQjvUfKTlsryo4/eDQ+jFw0eR1otjkyO+ub0KJgRR1V87LHigvilNmGXgH4vSQg+u2ypfkO1l+AStjvSU3w==;EndpointSuffix=core.windows.net",
									"Folder": "Inbound/encrypted"
								},
								"OutputFile": {
									"BlobContainerName": "planisware",
									"ConnectionString": "DefaultEndpointsProtocol=https;AccountName=disdatalakefabric;AccountKey=tT4gQjvUfKTlsryo4/eDQ+jFw0eR1otjkyO+ub0KJgRR1V87LHigvilNmGXgH4vSQg+u2ypfkO1l+AStjvSU3w==;EndpointSuffix=core.windows.net",
									"Folder": "Inbound/decrypted"
								},
								"passPhrase": "e400(1815)AC"
							},
							"headers": {},
							"method": "POST"
						}
					},
					{
						"name": "JPMC_Decrypt",
						"type": "AzureFunctionActivity",
						"state": "Inactive",
						"onInactiveMarkAs": "Succeeded",
						"dependsOn": [],
						"policy": {
							"timeout": "0.12:00:00",
							"retry": 0,
							"retryIntervalInSeconds": 30,
							"secureOutput": false,
							"secureInput": false
						},
						"userProperties": [],
						"typeProperties": {
							"functionName": "Decryption",
							"body": {
								"EncryptionDecryptionKeyFile": {
									"BlobContainerName": "pgp",
									"BlobName": "INCYTE_JPMC_2024.asc",
									"ConnectionString": "DefaultEndpointsProtocol=https;AccountName=disdatalakefabric;AccountKey=tT4gQjvUfKTlsryo4/eDQ+jFw0eR1otjkyO+ub0KJgRR1V87LHigvilNmGXgH4vSQg+u2ypfkO1l+AStjvSU3w==;EndpointSuffix=core.windows.net"
								},
								"InputFile": {
									"BlobContainerName": "jpmc",
									"ConnectionString": "DefaultEndpointsProtocol=https;AccountName=disdatalakefabric;AccountKey=tT4gQjvUfKTlsryo4/eDQ+jFw0eR1otjkyO+ub0KJgRR1V87LHigvilNmGXgH4vSQg+u2ypfkO1l+AStjvSU3w==;EndpointSuffix=core.windows.net",
									"Folder": "encrypted"
								},
								"OutputFile": {
									"BlobContainerName": "jpmc",
									"ConnectionString": "DefaultEndpointsProtocol=https;AccountName=disdatalakefabric;AccountKey=tT4gQjvUfKTlsryo4/eDQ+jFw0eR1otjkyO+ub0KJgRR1V87LHigvilNmGXgH4vSQg+u2ypfkO1l+AStjvSU3w==;EndpointSuffix=core.windows.net",
									"Folder": "decrypted"
								},
								"passPhrase": "jpmcpgp24"
							},
							"headers": {},
							"method": "POST"
						}
					}
				],
				"policy": {
					"elapsedTimeMetric": {}
				},
				"folder": {
					"name": "Templates"
				},
				"annotations": [],
				"lastPublishTime": "2024-03-05T17:02:35Z"
			},
			"dependsOn": []
		},
		{
			"name": "[concat(parameters('factoryName'), '/LS_KV_DIS_FABRIC')]",
			"type": "Microsoft.DataFactory/factories/linkedServices",
			"apiVersion": "2018-06-01",
			"properties": {
				"annotations": [],
				"type": "AzureKeyVault",
				"typeProperties": {
					"baseUrl": "[parameters('LS_KV_DIS_FABRIC_properties_typeProperties_baseUrl')]"
				}
			},
			"dependsOn": []
		},
		{
			"name": "[concat(parameters('factoryName'), '/EU_Consent_15_mins')]",
			"type": "Microsoft.DataFactory/factories/triggers",
			"apiVersion": "2018-06-01",
			"properties": {
				"description": "Run EU Consent Stored Proc in UAT every 15 min",
				"annotations": [],
				"runtimeState": "Stopped",
				"pipelines": [],
				"type": "ScheduleTrigger",
				"typeProperties": {
					"recurrence": {
						"frequency": "Minute",
						"interval": 15,
						"startTime": "2024-04-12T16:01:00",
						"timeZone": "Eastern Standard Time"
					}
				}
			},
			"dependsOn": []
		},
		{
			"name": "[concat(parameters('factoryName'), '/trigger1')]",
			"type": "Microsoft.DataFactory/factories/triggers",
			"apiVersion": "2018-06-01",
			"properties": {
				"annotations": [],
				"runtimeState": "Stopped",
				"pipelines": [],
				"type": "BlobEventsTrigger",
				"typeProperties": {
					"blobPathBeginsWith": "/tgtfiles/blobs/SAP_Integration",
					"ignoreEmptyBlobs": true,
					"scope": "[parameters('trigger1_properties_typeProperties_scope')]",
					"events": [
						"Microsoft.Storage.BlobCreated"
					]
				}
			},
			"dependsOn": []
		},
		{
			"name": "[concat(parameters('factoryName'), '/IR-ONPREM-SELFHOSTED')]",
			"type": "Microsoft.DataFactory/factories/integrationRuntimes",
			"apiVersion": "2018-06-01",
			"properties": {
				"type": "SelfHosted",
				"description": "OnPREM_IR",
				"typeProperties": {}
			},
			"dependsOn": []
		},
		{
			"name": "[concat(parameters('factoryName'), '/default')]",
			"type": "Microsoft.DataFactory/factories/managedVirtualNetworks",
			"apiVersion": "2018-06-01",
			"properties": {},
			"dependsOn": []
		},
		{
			"name": "[concat(parameters('factoryName'), '/pl_send_email_with_attachment')]",
			"type": "Microsoft.DataFactory/factories/pipelines",
			"apiVersion": "2018-06-01",
			"properties": {
				"activities": [
					{
						"name": "Successful Email",
						"type": "WebActivity",
						"dependsOn": [
							{
								"activity": "Call PGP Decryption",
								"dependencyConditions": [
									"Succeeded"
								]
							}
						],
						"policy": {
							"timeout": "0.12:00:00",
							"retry": 0,
							"retryIntervalInSeconds": 30,
							"secureOutput": false,
							"secureInput": false
						},
						"userProperties": [],
						"typeProperties": {
							"method": "POST",
							"headers": {},
							"url": "https://logic-dis-workflows.azurewebsites.net:443/api/SendEmailAlert/triggers/When_a_HTTP_request_is_received/invoke?api-version=2022-05-01&sp=%2Ftriggers%2FWhen_a_HTTP_request_is_received%2Frun&sv=1.0&sig=asaprmw36yWg1sZiAG2ea2JhlgAiekUnxzcGBpwcc90",
							"body": {
								"value": "{\n    \"title\": \"@{pipeline().Pipeline} Failed\",\n    \"message\": \"Test Email alert \",\n    \"color\": \"Red\",\n    \"dataFactoryName\": \"@{pipeline().DataFactory}\",\n    \"pipelineName\": \"@{pipeline().Pipeline}\",\n    \"pipelineRunId\": \"@{pipeline().RunId}\",\n    \"time\": \"@{utcNow()}\" ,\n    \"toaddress\": \"s240535@incyte.com\"\n}",
								"type": "Expression"
							}
						}
					},
					{
						"name": "Failure Email",
						"type": "WebActivity",
						"state": "Inactive",
						"onInactiveMarkAs": "Succeeded",
						"dependsOn": [
							{
								"activity": "Call PGP Decryption",
								"dependencyConditions": [
									"Failed"
								]
							}
						],
						"policy": {
							"timeout": "0.12:00:00",
							"retry": 0,
							"retryIntervalInSeconds": 30,
							"secureOutput": false,
							"secureInput": false
						},
						"userProperties": [],
						"typeProperties": {
							"method": "POST",
							"headers": {},
							"url": "https://incyadfsendemail.azurewebsites.net:443/api/SendEmail/triggers/When_a_HTTP_request_is_received/invoke?api-version=2022-05-01&sp=%2Ftriggers%2FWhen_a_HTTP_request_is_received%2Frun&sv=1.0&sig=8BPGNi5EGt_5BDBLPB_LwTj-EqWuVXnDw_kSFmF-PBc",
							"body": {
								"value": "{\n    \"title\": \"@{pipeline().Pipeline} Failed\",\n    \"message\": \"A Setp in the @{pipeline().Pipeline} run Failed, please review below details for debugging.\",\n    \"color\": \"Green\",\n    \"dataFactoryName\": \"@{pipeline().DataFactory}\",\n    \"pipelineName\": \"@{pipeline().Pipeline}\",\n    \"pipelineRunId\": \"@{pipeline().RunId}\",\n    \"time\": \"@{utcnow()}\"\n}",
								"type": "Expression"
							}
						}
					},
					{
						"name": "Call PGP Decryption",
						"type": "ExecutePipeline",
						"state": "Inactive",
						"onInactiveMarkAs": "Succeeded",
						"dependsOn": [],
						"policy": {
							"secureInput": false
						},
						"userProperties": [],
						"typeProperties": {
							"pipeline": {
								"referenceName": "pl_PGP_DECRYPTION",
								"type": "PipelineReference"
							},
							"waitOnCompletion": true,
							"parameters": {}
						}
					}
				],
				"policy": {
					"elapsedTimeMetric": {}
				},
				"folder": {
					"name": "Templates"
				},
				"annotations": []
			},
			"dependsOn": [
				"[concat(variables('factoryId'), '/pipelines/pl_PGP_DECRYPTION')]"
			]
		},
		{
			"name": "[concat(parameters('factoryName'), '/ADLSG2')]",
			"type": "Microsoft.DataFactory/factories/linkedServices",
			"apiVersion": "2018-06-01",
			"properties": {
				"annotations": [],
				"type": "AzureBlobStorage",
				"typeProperties": {
					"connectionString": "[parameters('ADLSG2_connectionString')]"
				},
				"connectVia": {
					"referenceName": "IR-ONPREM-SELFHOSTED",
					"type": "IntegrationRuntimeReference"
				}
			},
			"dependsOn": [
				"[concat(variables('factoryId'), '/integrationRuntimes/IR-ONPREM-SELFHOSTED')]"
			]
		},
		{
			"name": "[concat(parameters('factoryName'), '/AZSQLVM')]",
			"type": "Microsoft.DataFactory/factories/linkedServices",
			"apiVersion": "2018-06-01",
			"properties": {
				"annotations": [],
				"type": "SqlServer",
				"typeProperties": {
					"connectionString": "[parameters('AZSQLVM_connectionString')]",
					"password": {
						"type": "AzureKeyVaultSecret",
						"store": {
							"referenceName": "LS_KV_DIS_FABRIC",
							"type": "LinkedServiceReference"
						},
						"secretName": "TrinityDev"
					}
				},
				"connectVia": {
					"referenceName": "IR-ONPREM-SELFHOSTED",
					"type": "IntegrationRuntimeReference"
				}
			},
			"dependsOn": [
				"[concat(variables('factoryId'), '/integrationRuntimes/IR-ONPREM-SELFHOSTED')]",
				"[concat(variables('factoryId'), '/linkedServices/LS_KV_DIS_FABRIC')]"
			]
		},
		{
			"name": "[concat(parameters('factoryName'), '/BIOVIA')]",
			"type": "Microsoft.DataFactory/factories/linkedServices",
			"apiVersion": "2018-06-01",
			"properties": {
				"annotations": [],
				"type": "Oracle",
				"typeProperties": {
					"connectionString": "[parameters('BIOVIA_connectionString')]"
				},
				"connectVia": {
					"referenceName": "IR-ONPREM-SELFHOSTED",
					"type": "IntegrationRuntimeReference"
				}
			},
			"dependsOn": [
				"[concat(variables('factoryId'), '/integrationRuntimes/IR-ONPREM-SELFHOSTED')]"
			]
		},
		{
			"name": "[concat(parameters('factoryName'), '/LK_BRONZE_BIOPLANT')]",
			"type": "Microsoft.DataFactory/factories/linkedServices",
			"apiVersion": "2018-06-01",
			"properties": {
				"annotations": [],
				"type": "Lakehouse",
				"typeProperties": {
					"workspaceId": "2e3c0c58-4639-4543-a84c-f6c58c266f32",
					"artifactId": "dc6331f1-f4a4-4132-94a0-4d5a6c1ada9a",
					"tenant": "[parameters('LK_BRONZE_BIOPLANT_properties_typeProperties_tenant')]",
					"servicePrincipalId": "[parameters('LK_BRONZE_BIOPLANT_properties_typeProperties_servicePrincipalId')]",
					"servicePrincipalCredentialType": "ServicePrincipalKey",
					"servicePrincipalCredential": {
						"type": "AzureKeyVaultSecret",
						"store": {
							"referenceName": "LS_KV_DIS_FABRIC",
							"type": "LinkedServiceReference"
						},
						"secretName": "Fabric-APP-Secrete"
					}
				}
			},
			"dependsOn": [
				"[concat(variables('factoryId'), '/linkedServices/LS_KV_DIS_FABRIC')]"
			]
		},
		{
			"name": "[concat(parameters('factoryName'), '/LK_BRONZE_CLINICAL')]",
			"type": "Microsoft.DataFactory/factories/linkedServices",
			"apiVersion": "2018-06-01",
			"properties": {
				"annotations": [],
				"type": "Lakehouse",
				"typeProperties": {
					"workspaceId": "6cb3c161-b7ae-4542-9d05-64cdc9dbd829",
					"artifactId": "7638e078-0f6a-4d75-82b7-357a01e58e88",
					"tenant": "[parameters('LK_BRONZE_CLINICAL_properties_typeProperties_tenant')]",
					"servicePrincipalId": "[parameters('LK_BRONZE_CLINICAL_properties_typeProperties_servicePrincipalId')]",
					"servicePrincipalCredentialType": "ServicePrincipalKey",
					"servicePrincipalCredential": {
						"type": "AzureKeyVaultSecret",
						"store": {
							"referenceName": "LS_KV_DIS_FABRIC",
							"type": "LinkedServiceReference"
						},
						"secretName": "Fabric-APP-Secrete"
					}
				}
			},
			"dependsOn": [
				"[concat(variables('factoryId'), '/linkedServices/LS_KV_DIS_FABRIC')]"
			]
		},
		{
			"name": "[concat(parameters('factoryName'), '/LK_BRZ_FACILITIES')]",
			"type": "Microsoft.DataFactory/factories/linkedServices",
			"apiVersion": "2018-06-01",
			"properties": {
				"annotations": [],
				"type": "Lakehouse",
				"typeProperties": {
					"workspaceId": "9f44ae69-b5ba-4f1f-9691-b8a53134fa5a",
					"artifactId": "88f14dc8-2dc7-4275-a769-19add81052cc",
					"tenant": "[parameters('LK_BRZ_FACILITIES_properties_typeProperties_tenant')]",
					"servicePrincipalId": "[parameters('LK_BRZ_FACILITIES_properties_typeProperties_servicePrincipalId')]",
					"servicePrincipalCredentialType": "ServicePrincipalKey",
					"servicePrincipalCredential": {
						"type": "AzureKeyVaultSecret",
						"store": {
							"referenceName": "LS_KV_DIS_FABRIC",
							"type": "LinkedServiceReference"
						},
						"secretName": "Fabric-APP-Secrete"
					}
				}
			},
			"dependsOn": [
				"[concat(variables('factoryId'), '/linkedServices/LS_KV_DIS_FABRIC')]"
			]
		},
		{
			"name": "[concat(parameters('factoryName'), '/LK_FAIRMOVE_EXT')]",
			"type": "Microsoft.DataFactory/factories/linkedServices",
			"apiVersion": "2018-06-01",
			"properties": {
				"annotations": [],
				"type": "Sftp",
				"typeProperties": {
					"host": "[parameters('LK_FAIRMOVE_EXT_properties_typeProperties_host')]",
					"port": 22,
					"skipHostKeyValidation": true,
					"authenticationType": "Basic",
					"userName": "[parameters('LK_FAIRMOVE_EXT_properties_typeProperties_userName')]",
					"password": {
						"type": "SecureString",
						"value": "[parameters('LK_FAIRMOVE_EXT_password')]"
					}
				},
				"connectVia": {
					"referenceName": "IR-ONPREM-SELFHOSTED",
					"type": "IntegrationRuntimeReference"
				}
			},
			"dependsOn": [
				"[concat(variables('factoryId'), '/integrationRuntimes/IR-ONPREM-SELFHOSTED')]"
			]
		},
		{
			"name": "[concat(parameters('factoryName'), '/LK_GOLD_BIOPLANT')]",
			"type": "Microsoft.DataFactory/factories/linkedServices",
			"apiVersion": "2018-06-01",
			"properties": {
				"annotations": [],
				"type": "Lakehouse",
				"typeProperties": {
					"workspaceId": "2e3c0c58-4639-4543-a84c-f6c58c266f32",
					"artifactId": "f36ffbda-b818-4a38-95c6-bcdb7865d912",
					"tenant": "[parameters('LK_GOLD_BIOPLANT_properties_typeProperties_tenant')]",
					"servicePrincipalId": "[parameters('LK_GOLD_BIOPLANT_properties_typeProperties_servicePrincipalId')]",
					"servicePrincipalCredentialType": "ServicePrincipalKey",
					"servicePrincipalCredential": {
						"type": "AzureKeyVaultSecret",
						"store": {
							"referenceName": "LS_KV_DIS_FABRIC",
							"type": "LinkedServiceReference"
						},
						"secretName": "Fabric-APP-Secrete"
					}
				}
			},
			"dependsOn": [
				"[concat(variables('factoryId'), '/linkedServices/LS_KV_DIS_FABRIC')]"
			]
		},
		{
			"name": "[concat(parameters('factoryName'), '/LK_SLV_FACILITIES')]",
			"type": "Microsoft.DataFactory/factories/linkedServices",
			"apiVersion": "2018-06-01",
			"properties": {
				"annotations": [],
				"type": "Lakehouse",
				"typeProperties": {
					"workspaceId": "9f44ae69-b5ba-4f1f-9691-b8a53134fa5a",
					"artifactId": "ce982d0e-8e0f-4c80-9e52-f7399bf1f84c",
					"tenant": "[parameters('LK_SLV_FACILITIES_properties_typeProperties_tenant')]",
					"servicePrincipalId": "[parameters('LK_SLV_FACILITIES_properties_typeProperties_servicePrincipalId')]",
					"servicePrincipalCredentialType": "ServicePrincipalKey",
					"servicePrincipalCredential": {
						"type": "AzureKeyVaultSecret",
						"store": {
							"referenceName": "LS_KV_DIS_FABRIC",
							"type": "LinkedServiceReference"
						},
						"secretName": "Fabric-APP-Secrete"
					}
				}
			},
			"dependsOn": [
				"[concat(variables('factoryId'), '/linkedServices/LS_KV_DIS_FABRIC')]"
			]
		},
		{
			"name": "[concat(parameters('factoryName'), '/LS_ODATA_SAP_RCV_JE')]",
			"type": "Microsoft.DataFactory/factories/linkedServices",
			"apiVersion": "2018-06-01",
			"properties": {
				"annotations": [],
				"type": "OData",
				"typeProperties": {
					"url": "[parameters('LS_ODATA_SAP_RCV_JE_properties_typeProperties_url')]",
					"authenticationType": "Basic",
					"userName": "[parameters('LS_ODATA_SAP_RCV_JE_properties_typeProperties_userName')]",
					"password": {
						"type": "AzureKeyVaultSecret",
						"store": {
							"referenceName": "LS_KV_DIS_FABRIC",
							"type": "LinkedServiceReference"
						},
						"secretName": "SAP-INFORMATICA-QA"
					}
				},
				"connectVia": {
					"referenceName": "IR-ONPREM-SELFHOSTED",
					"type": "IntegrationRuntimeReference"
				}
			},
			"dependsOn": [
				"[concat(variables('factoryId'), '/integrationRuntimes/IR-ONPREM-SELFHOSTED')]",
				"[concat(variables('factoryId'), '/linkedServices/LS_KV_DIS_FABRIC')]"
			]
		},
		{
			"name": "[concat(parameters('factoryName'), '/Ls_Rest_SN')]",
			"type": "Microsoft.DataFactory/factories/linkedServices",
			"apiVersion": "2018-06-01",
			"properties": {
				"annotations": [],
				"type": "RestService",
				"typeProperties": {
					"url": "[parameters('Ls_Rest_SN_properties_typeProperties_url')]",
					"enableServerCertificateValidation": true,
					"authenticationType": "Basic",
					"userName": "[parameters('Ls_Rest_SN_properties_typeProperties_userName')]",
					"password": {
						"type": "AzureKeyVaultSecret",
						"store": {
							"referenceName": "LS_KV_DIS_FABRIC",
							"type": "LinkedServiceReference"
						},
						"secretName": "SNPBIAPI"
					}
				},
				"connectVia": {
					"referenceName": "IR-ONPREM-SELFHOSTED",
					"type": "IntegrationRuntimeReference"
				}
			},
			"dependsOn": [
				"[concat(variables('factoryId'), '/integrationRuntimes/IR-ONPREM-SELFHOSTED')]",
				"[concat(variables('factoryId'), '/linkedServices/LS_KV_DIS_FABRIC')]"
			]
		},
		{
			"name": "[concat(parameters('factoryName'), '/SQL_AZURE_MIGRATION_VM')]",
			"type": "Microsoft.DataFactory/factories/linkedServices",
			"apiVersion": "2018-06-01",
			"properties": {
				"annotations": [],
				"type": "SqlServer",
				"typeProperties": {
					"connectionString": "[parameters('SQL_AZURE_MIGRATION_VM_connectionString')]"
				},
				"connectVia": {
					"referenceName": "IR-ONPREM-SELFHOSTED",
					"type": "IntegrationRuntimeReference"
				}
			},
			"dependsOn": [
				"[concat(variables('factoryId'), '/integrationRuntimes/IR-ONPREM-SELFHOSTED')]"
			]
		},
		{
			"name": "[concat(parameters('factoryName'), '/IR-AZURE-VNET')]",
			"type": "Microsoft.DataFactory/factories/integrationRuntimes",
			"apiVersion": "2018-06-01",
			"properties": {
				"type": "Managed",
				"description": "IR-AZURE-VNET",
				"typeProperties": {
					"computeProperties": {
						"location": "East US 2",
						"dataFlowProperties": {
							"computeType": "General",
							"coreCount": 8,
							"timeToLive": 10,
							"cleanup": false,
							"customProperties": []
						},
						"copyComputeScaleProperties": {
							"dataIntegrationUnit": 16,
							"timeToLive": 5
						},
						"pipelineExternalComputeScaleProperties": {
							"timeToLive": 60,
							"numberOfPipelineNodes": 2,
							"numberOfExternalNodes": 2
						}
					}
				},
				"managedVirtualNetwork": {
					"type": "ManagedVirtualNetworkReference",
					"referenceName": "default"
				}
			},
			"dependsOn": [
				"[concat(variables('factoryId'), '/managedVirtualNetworks/default')]"
			]
		}
	]
}