{
	"$schema": "http://schema.management.azure.com/schemas/2015-01-01/deploymentTemplate.json#",
	"contentVersion": "1.0.0.0",
	"parameters": {
		"factoryName": {
			"type": "string",
			"metadata": "Data Factory name",
			"defaultValue": "Dfact-DataIntegrationServices"
		},
		"Europe_DB_Connection_connectionString": {
			"type": "secureString",
			"metadata": "Secure string for 'connectionString' of 'Europe_DB_Connection'",
			"defaultValue": "Integrated Security=False;Encrypt=True;Connection Timeout=30;Data Source=sql-apps-eu-dev.database.windows.net;Initial Catalog=sqldb-apps-eu-dev;User ID=ETLDBAdmin"
		},
		"Global_DB_Connection_connectionString": {
			"type": "secureString",
			"metadata": "Secure string for 'connectionString' of 'Global_DB_Connection'",
			"defaultValue": "Integrated Security=False;Encrypt=True;Connection Timeout=30;Data Source=sql-apps-na-dev.database.windows.net;Initial Catalog=sqldb-apps-na-dev;User ID=ETLDBAdmin"
		},
		"DIS_ADLS_G2_properties_typeProperties_url": {
			"type": "string",
			"defaultValue": "https://disdatalakefabric.dfs.core.windows.net/"
		}
	},
	"variables": {
		"factoryId": "[concat('Microsoft.DataFactory/factories/', parameters('factoryName'))]"
	},
	"resources": [
		{
			"name": "[concat(parameters('factoryName'), '/Restveevaicore')]",
			"type": "Microsoft.DataFactory/factories/datasets",
			"apiVersion": "2018-06-01",
			"properties": {
				"linkedServiceName": {
					"referenceName": "Ls_Rest_SN",
					"type": "LinkedServiceReference"
				},
				"annotations": [],
				"type": "RestResource",
				"typeProperties": {
					"relativeUrl": "/api/v24.1/query"
				},
				"schema": []
			},
			"dependsOn": []
		},
		{
			"name": "[concat(parameters('factoryName'), '/ds_FVX_Invoice')]",
			"type": "Microsoft.DataFactory/factories/datasets",
			"apiVersion": "2018-06-01",
			"properties": {
				"linkedServiceName": {
					"referenceName": "LK_FAIRMOVE_EXT",
					"type": "LinkedServiceReference"
				},
				"folder": {
					"name": "Farmavenix"
				},
				"annotations": [],
				"type": "Xml",
				"typeProperties": {
					"location": {
						"type": "SftpLocation",
						"fileName": "INVOIC02_F0XXX.YYYYMMHHHHMMSS.xml",
						"folderPath": "/Inbound/"
					}
				}
			},
			"dependsOn": []
		},
		{
			"name": "[concat(parameters('factoryName'), '/iCore_brz_milestone_csv')]",
			"type": "Microsoft.DataFactory/factories/datasets",
			"apiVersion": "2018-06-01",
			"properties": {
				"linkedServiceName": {
					"referenceName": "LK_BRONZE_CLINICAL",
					"type": "LinkedServiceReference"
				},
				"annotations": [],
				"type": "DelimitedText",
				"typeProperties": {
					"location": {
						"type": "LakehouseLocation",
						"fileName": "Milestone.csv",
						"folderPath": "iCore_Zaiden/CSV"
					},
					"columnDelimiter": ",",
					"escapeChar": "\\",
					"firstRowAsHeader": true,
					"quoteChar": "\""
				},
				"schema": [
					{
						"name": "responseStatus",
						"type": "String"
					},
					{
						"name": "queryDescribe.object.name",
						"type": "String"
					},
					{
						"name": "queryDescribe.object.label",
						"type": "String"
					},
					{
						"name": "queryDescribe.object.label_plural",
						"type": "String"
					},
					{
						"name": "queryDescribe.fields.label",
						"type": "String"
					},
					{
						"name": "queryDescribe.fields.type",
						"type": "String"
					},
					{
						"name": "queryDescribe.fields.required",
						"type": "String"
					},
					{
						"name": "queryDescribe.fields.unique",
						"type": "String"
					},
					{
						"name": "queryDescribe.fields.name",
						"type": "String"
					},
					{
						"name": "queryDescribe.fields.status",
						"type": "String"
					},
					{
						"name": "queryDescribe.fields.encrypted",
						"type": "String"
					},
					{
						"name": "responseDetails.pagesize",
						"type": "String"
					},
					{
						"name": "responseDetails.pageoffset",
						"type": "String"
					},
					{
						"name": "responseDetails.size",
						"type": "String"
					},
					{
						"name": "responseDetails.total",
						"type": "String"
					},
					{
						"name": "data.site__v",
						"type": "String"
					},
					{
						"name": "data.site__vr.external_id__v",
						"type": "String"
					},
					{
						"name": "data.study_country__v",
						"type": "String"
					},
					{
						"name": "data.study_country__vr.external_id__v",
						"type": "String"
					},
					{
						"name": "data.study__v",
						"type": "String"
					},
					{
						"name": "data.study__vr.external_id__v",
						"type": "String"
					},
					{
						"name": "data.name__v",
						"type": "String"
					},
					{
						"name": "data.milestone_type__v",
						"type": "String"
					},
					{
						"name": "data.actual_start_date__v",
						"type": "String"
					},
					{
						"name": "data.actual_finish_date__v",
						"type": "String"
					},
					{
						"name": "queryDescribe.fields.max_length",
						"type": "String"
					},
					{
						"name": "queryDescribe.fields.picklist",
						"type": "String"
					}
				]
			},
			"dependsOn": []
		},
		{
			"name": "[concat(parameters('factoryName'), '/iCore_brz_milestone_json')]",
			"type": "Microsoft.DataFactory/factories/datasets",
			"apiVersion": "2018-06-01",
			"properties": {
				"linkedServiceName": {
					"referenceName": "LK_BRONZE_CLINICAL",
					"type": "LinkedServiceReference"
				},
				"annotations": [],
				"type": "Json",
				"typeProperties": {
					"location": {
						"type": "LakehouseLocation",
						"fileName": "Milestone.json",
						"folderPath": "iCore_Zaiden/JSON"
					}
				},
				"schema": {
					"type": "object",
					"properties": {
						"responseStatus": {
							"type": "string"
						},
						"warnings": {
							"type": "array",
							"items": {
								"type": "object",
								"properties": {
									"type": {
										"type": "string"
									},
									"message": {
										"type": "string"
									}
								}
							}
						},
						"queryDescribe": {
							"type": "object",
							"properties": {
								"object": {
									"type": "object",
									"properties": {
										"name": {
											"type": "string"
										},
										"label": {
											"type": "string"
										},
										"label_plural": {
											"type": "string"
										}
									}
								},
								"fields": {
									"type": "array",
									"items": {
										"type": "object",
										"properties": {
											"label": {
												"type": "string"
											},
											"type": {
												"type": "string"
											},
											"required": {
												"type": "boolean"
											},
											"unique": {
												"type": "boolean"
											},
											"name": {
												"type": "string"
											},
											"status": {
												"type": "array",
												"items": {
													"type": "string"
												}
											},
											"encrypted": {
												"type": "boolean"
											}
										}
									}
								}
							}
						},
						"responseDetails": {
							"type": "object",
							"properties": {
								"pagesize": {
									"type": "integer"
								},
								"pageoffset": {
									"type": "integer"
								},
								"size": {
									"type": "integer"
								},
								"total": {
									"type": "integer"
								}
							}
						},
						"data": {
							"type": "array",
							"items": {
								"type": "object",
								"properties": {
									"site__v": {
										"type": "string"
									},
									"site__vr.external_id__v": {
										"type": "string"
									},
									"study_country__v": {
										"type": "string"
									},
									"study_country__vr.external_id__v": {
										"type": "string"
									},
									"study__v": {
										"type": "string"
									},
									"study__vr.external_id__v": {
										"type": "string"
									},
									"name__v": {
										"type": "string"
									},
									"milestone_type__v": {
										"type": "array",
										"items": {
											"type": "string"
										}
									},
									"actual_start_date__v": {
										"type": "null"
									},
									"actual_finish_date__v": {
										"type": "string"
									}
								}
							}
						}
					}
				}
			},
			"dependsOn": []
		},
		{
			"name": "[concat(parameters('factoryName'), '/iCore_brz_site_csv')]",
			"type": "Microsoft.DataFactory/factories/datasets",
			"apiVersion": "2018-06-01",
			"properties": {
				"linkedServiceName": {
					"referenceName": "LK_BRONZE_CLINICAL",
					"type": "LinkedServiceReference"
				},
				"annotations": [],
				"type": "DelimitedText",
				"typeProperties": {
					"location": {
						"type": "LakehouseLocation",
						"fileName": "Site.csv",
						"folderPath": "iCore_Zaiden/CSV"
					},
					"columnDelimiter": ",",
					"escapeChar": "\\",
					"firstRowAsHeader": true,
					"quoteChar": "\""
				},
				"schema": [
					{
						"name": "responseStatus",
						"type": "String"
					},
					{
						"name": "warnings.type",
						"type": "String"
					},
					{
						"name": "warnings.message",
						"type": "String"
					},
					{
						"name": "queryDescribe.object.name",
						"type": "String"
					},
					{
						"name": "queryDescribe.object.label",
						"type": "String"
					},
					{
						"name": "queryDescribe.object.label_plural",
						"type": "String"
					},
					{
						"name": "queryDescribe.fields.label",
						"type": "String"
					},
					{
						"name": "queryDescribe.fields.type",
						"type": "String"
					},
					{
						"name": "queryDescribe.fields.required",
						"type": "String"
					},
					{
						"name": "queryDescribe.fields.unique",
						"type": "String"
					},
					{
						"name": "queryDescribe.fields.name",
						"type": "String"
					},
					{
						"name": "queryDescribe.fields.status",
						"type": "String"
					},
					{
						"name": "queryDescribe.fields.encrypted",
						"type": "String"
					},
					{
						"name": "responseDetails.pagesize",
						"type": "String"
					},
					{
						"name": "responseDetails.pageoffset",
						"type": "String"
					},
					{
						"name": "responseDetails.size",
						"type": "String"
					},
					{
						"name": "responseDetails.total",
						"type": "String"
					},
					{
						"name": "data.site__v",
						"type": "String"
					},
					{
						"name": "data.site__vr.external_id__v",
						"type": "String"
					},
					{
						"name": "data.study_country__v",
						"type": "String"
					},
					{
						"name": "data.study_country__vr.external_id__v",
						"type": "String"
					},
					{
						"name": "data.study__v",
						"type": "String"
					},
					{
						"name": "data.study__vr.external_id__v",
						"type": "String"
					},
					{
						"name": "data.name__v",
						"type": "String"
					},
					{
						"name": "data.milestone_type__v",
						"type": "String"
					},
					{
						"name": "data.actual_start_date__v",
						"type": "String"
					},
					{
						"name": "data.actual_finish_date__v",
						"type": "String"
					},
					{
						"name": "queryDescribe.fields.max_length",
						"type": "String"
					},
					{
						"name": "queryDescribe.fields.picklist",
						"type": "String"
					}
				]
			},
			"dependsOn": []
		},
		{
			"name": "[concat(parameters('factoryName'), '/iCore_brz_site_json')]",
			"type": "Microsoft.DataFactory/factories/datasets",
			"apiVersion": "2018-06-01",
			"properties": {
				"linkedServiceName": {
					"referenceName": "LK_BRONZE_CLINICAL",
					"type": "LinkedServiceReference"
				},
				"annotations": [],
				"type": "Json",
				"typeProperties": {
					"location": {
						"type": "LakehouseLocation",
						"fileName": "Site.json",
						"folderPath": "iCore_Zaiden/JSON"
					}
				},
				"schema": {
					"type": "object",
					"properties": {
						"responseStatus": {
							"type": "string"
						},
						"queryDescribe": {
							"type": "object",
							"properties": {
								"object": {
									"type": "object",
									"properties": {
										"name": {
											"type": "string"
										},
										"label": {
											"type": "string"
										},
										"label_plural": {
											"type": "string"
										}
									}
								},
								"fields": {
									"type": "array",
									"items": {
										"type": "object",
										"properties": {
											"label": {
												"type": "string"
											},
											"type": {
												"type": "string"
											},
											"required": {
												"type": "boolean"
											},
											"unique": {
												"type": "boolean"
											},
											"name": {
												"type": "string"
											},
											"status": {
												"type": "array",
												"items": {
													"type": "string"
												}
											},
											"encrypted": {
												"type": "boolean"
											}
										}
									}
								}
							}
						},
						"responseDetails": {
							"type": "object",
							"properties": {
								"pagesize": {
									"type": "integer"
								},
								"pageoffset": {
									"type": "integer"
								},
								"size": {
									"type": "integer"
								},
								"total": {
									"type": "integer"
								}
							}
						},
						"data": {
							"type": "array",
							"items": {
								"type": "object",
								"properties": {
									"site__v": {
										"type": "string"
									},
									"site__vr.external_id__v": {
										"type": "string"
									},
									"study_country__v": {
										"type": "string"
									},
									"study_country__vr.external_id__v": {
										"type": "string"
									},
									"study__v": {
										"type": "string"
									},
									"study__vr.external_id__v": {
										"type": "string"
									},
									"name__v": {
										"type": "string"
									},
									"milestone_type__v": {
										"type": "array",
										"items": {
											"type": "string"
										}
									},
									"actual_start_date__v": {
										"type": "null"
									},
									"actual_finish_date__v": {
										"type": "string"
									}
								}
							}
						}
					}
				}
			},
			"dependsOn": []
		},
		{
			"name": "[concat(parameters('factoryName'), '/DIS_ADLS_G2')]",
			"type": "Microsoft.DataFactory/factories/linkedServices",
			"apiVersion": "2018-06-01",
			"properties": {
				"annotations": [],
				"type": "AzureBlobFS",
				"typeProperties": {
					"url": "[parameters('DIS_ADLS_G2_properties_typeProperties_url')]"
				},
				"connectVia": {
					"referenceName": "IR-AZURE-VNET",
					"type": "IntegrationRuntimeReference"
				}
			},
			"dependsOn": []
		},
		{
			"name": "[concat(parameters('factoryName'), '/Europe_DB_Connection')]",
			"type": "Microsoft.DataFactory/factories/linkedServices",
			"apiVersion": "2018-06-01",
			"properties": {
				"description": "we are trying connect to to europe datawarehouse",
				"annotations": [],
				"type": "AzureSqlDatabase",
				"typeProperties": {
					"connectionString": "[parameters('Europe_DB_Connection_connectionString')]",
					"password": {
						"type": "AzureKeyVaultSecret",
						"store": {
							"referenceName": "LS_KV_DIS_FABRIC",
							"type": "LinkedServiceReference"
						},
						"secretName": "EUDWDEV"
					}
				},
				"connectVia": {
					"referenceName": "IR-AZURE-VNET",
					"type": "IntegrationRuntimeReference"
				}
			},
			"dependsOn": []
		},
		{
			"name": "[concat(parameters('factoryName'), '/Global_DB_Connection')]",
			"type": "Microsoft.DataFactory/factories/linkedServices",
			"apiVersion": "2018-06-01",
			"properties": {
				"description": "Connection to Global DW database (Development)",
				"annotations": [],
				"type": "AzureSqlDatabase",
				"typeProperties": {
					"connectionString": "[parameters('Global_DB_Connection_connectionString')]",
					"password": {
						"type": "AzureKeyVaultSecret",
						"store": {
							"referenceName": "LS_KV_DIS_FABRIC",
							"type": "LinkedServiceReference"
						},
						"secretName": "GlobaldevDB"
					}
				},
				"connectVia": {
					"referenceName": "IR-AZURE-VNET",
					"type": "IntegrationRuntimeReference"
				}
			},
			"dependsOn": []
		},
		{
			"name": "[concat(parameters('factoryName'), '/pl_BRZ_LK_To_SLV_LK')]",
			"type": "Microsoft.DataFactory/factories/pipelines",
			"apiVersion": "2018-06-01",
			"properties": {
				"activities": [
					{
						"name": "Copy data from BRZ to SLV",
						"type": "Copy",
						"dependsOn": [],
						"policy": {
							"timeout": "0.12:00:00",
							"retry": 0,
							"retryIntervalInSeconds": 30,
							"secureOutput": false,
							"secureInput": false
						},
						"userProperties": [],
						"typeProperties": {
							"source": {
								"type": "DelimitedTextSource",
								"storeSettings": {
									"type": "LakehouseReadSettings",
									"recursive": true,
									"enablePartitionDiscovery": false
								},
								"formatSettings": {
									"type": "DelimitedTextReadSettings"
								}
							},
							"sink": {
								"type": "DelimitedTextSink",
								"storeSettings": {
									"type": "LakehouseWriteSettings"
								},
								"formatSettings": {
									"type": "DelimitedTextWriteSettings",
									"quoteAllText": true,
									"fileExtension": ".txt"
								}
							},
							"enableStaging": false,
							"translator": {
								"type": "TabularTranslator",
								"typeConversion": true,
								"typeConversionSettings": {
									"allowDataTruncation": true,
									"treatBooleanAsNumber": false
								}
							}
						},
						"inputs": [
							{
								"referenceName": "Ds_Fairmove_data",
								"type": "DatasetReference",
								"parameters": {}
							}
						],
						"outputs": [
							{
								"referenceName": "Ds_SLV_Fairmove_data",
								"type": "DatasetReference",
								"parameters": {}
							}
						]
					}
				],
				"policy": {
					"elapsedTimeMetric": {}
				},
				"folder": {
					"name": "Facilities"
				},
				"annotations": []
			},
			"dependsOn": []
		},
		{
			"name": "[concat(parameters('factoryName'), '/pl_Eur_Employee_Data_to_csv')]",
			"type": "Microsoft.DataFactory/factories/pipelines",
			"apiVersion": "2018-06-01",
			"properties": {
				"activities": [
					{
						"name": "Copy data1",
						"type": "Copy",
						"dependsOn": [],
						"policy": {
							"timeout": "0.12:00:00",
							"retry": 0,
							"retryIntervalInSeconds": 30,
							"secureOutput": false,
							"secureInput": false
						},
						"userProperties": [],
						"typeProperties": {
							"source": {
								"type": "JsonSource",
								"storeSettings": {
									"type": "LakehouseReadSettings",
									"recursive": true,
									"enablePartitionDiscovery": false
								},
								"formatSettings": {
									"type": "JsonReadSettings"
								}
							},
							"sink": {
								"type": "DelimitedTextSink",
								"storeSettings": {
									"type": "LakehouseWriteSettings",
									"copyBehavior": "FlattenHierarchy"
								},
								"formatSettings": {
									"type": "DelimitedTextWriteSettings",
									"quoteAllText": true,
									"fileExtension": ".txt"
								}
							},
							"enableStaging": false,
							"translator": {
								"type": "TabularTranslator",
								"mappings": [
									{
										"source": {
											"path": "[['manager.manager.manager.name']"
										},
										"sink": {
											"name": "Manager_3",
											"type": "String"
										}
									},
									{
										"source": {
											"path": "[['manager.manager.name']"
										},
										"sink": {
											"name": "Manager_2",
											"type": "String"
										}
									},
									{
										"source": {
											"path": "[['user_name']"
										},
										"sink": {
											"name": "User_Name",
											"type": "String"
										}
									},
									{
										"source": {
											"path": "[['manager.name']"
										},
										"sink": {
											"name": "Manager_1",
											"type": "String"
										}
									},
									{
										"source": {
											"path": "[['name']"
										},
										"sink": {
											"name": "Name",
											"type": "String"
										}
									},
									{
										"source": {
											"path": "[['department.name']"
										},
										"sink": {
											"name": "Dept_Name",
											"type": "String"
										}
									},
									{
										"source": {
											"path": "[['email']"
										},
										"sink": {
											"name": "Email",
											"type": "String"
										}
									}
								],
								"collectionReference": "$['result']",
								"mapComplexValuesToString": true
							}
						},
						"inputs": [
							{
								"referenceName": "Ds_Eur_Employee_JSON",
								"type": "DatasetReference",
								"parameters": {}
							}
						],
						"outputs": [
							{
								"referenceName": "Ds_Eur_Employee_csv",
								"type": "DatasetReference",
								"parameters": {}
							}
						]
					}
				],
				"policy": {
					"elapsedTimeMetric": {}
				},
				"folder": {
					"name": "Facilities"
				},
				"annotations": []
			},
			"dependsOn": []
		},
		{
			"name": "[concat(parameters('factoryName'), '/pl_Eur_Employee_From_SFTP')]",
			"type": "Microsoft.DataFactory/factories/pipelines",
			"apiVersion": "2018-06-01",
			"properties": {
				"activities": [
					{
						"name": "Copy data1",
						"type": "Copy",
						"dependsOn": [],
						"policy": {
							"timeout": "0.12:00:00",
							"retry": 0,
							"retryIntervalInSeconds": 30,
							"secureOutput": false,
							"secureInput": false
						},
						"userProperties": [],
						"typeProperties": {
							"source": {
								"type": "DelimitedTextSource",
								"storeSettings": {
									"type": "AzureBlobStorageReadSettings",
									"recursive": true,
									"enablePartitionDiscovery": false
								},
								"formatSettings": {
									"type": "DelimitedTextReadSettings"
								}
							},
							"sink": {
								"type": "DelimitedTextSink",
								"storeSettings": {
									"type": "LakehouseWriteSettings"
								},
								"formatSettings": {
									"type": "DelimitedTextWriteSettings",
									"quoteAllText": true,
									"fileExtension": ".txt"
								}
							},
							"enableStaging": false,
							"translator": {
								"type": "TabularTranslator",
								"typeConversion": true,
								"typeConversionSettings": {
									"allowDataTruncation": true,
									"treatBooleanAsNumber": false
								}
							}
						},
						"inputs": [
							{
								"referenceName": "Ds_Eur_Emp_SFTP_Src",
								"type": "DatasetReference",
								"parameters": {}
							}
						],
						"outputs": [
							{
								"referenceName": "Ds_Eur_Emp_SFTP_Tgt",
								"type": "DatasetReference",
								"parameters": {}
							}
						]
					}
				],
				"policy": {
					"elapsedTimeMetric": {}
				},
				"folder": {
					"name": "Facilities"
				},
				"annotations": []
			},
			"dependsOn": []
		},
		{
			"name": "[concat(parameters('factoryName'), '/pl_Eur_Fairmove_Parking_From_SFTP')]",
			"type": "Microsoft.DataFactory/factories/pipelines",
			"apiVersion": "2018-06-01",
			"properties": {
				"activities": [
					{
						"name": "Copy data1",
						"type": "Copy",
						"dependsOn": [],
						"policy": {
							"timeout": "0.12:00:00",
							"retry": 0,
							"retryIntervalInSeconds": 30,
							"secureOutput": false,
							"secureInput": false
						},
						"userProperties": [],
						"typeProperties": {
							"source": {
								"type": "DelimitedTextSource",
								"storeSettings": {
									"type": "SftpReadSettings",
									"recursive": true,
									"wildcardFolderPath": "/PROD?",
									"wildcardFileName": "fairmove*.csv",
									"enablePartitionDiscovery": false,
									"disableChunking": false
								},
								"formatSettings": {
									"type": "DelimitedTextReadSettings"
								}
							},
							"sink": {
								"type": "DelimitedTextSink",
								"storeSettings": {
									"type": "LakehouseWriteSettings",
									"copyBehavior": "MergeFiles"
								},
								"formatSettings": {
									"type": "DelimitedTextWriteSettings",
									"quoteAllText": true,
									"fileExtension": ".txt"
								}
							},
							"enableStaging": false,
							"translator": {
								"type": "TabularTranslator",
								"typeConversion": true,
								"typeConversionSettings": {
									"allowDataTruncation": true,
									"treatBooleanAsNumber": false
								}
							}
						},
						"inputs": [
							{
								"referenceName": "Ds_Eur_Fairmove_SFTP_Src",
								"type": "DatasetReference",
								"parameters": {}
							}
						],
						"outputs": [
							{
								"referenceName": "Ds_Eur_Fairmove_SFTP_Tgt",
								"type": "DatasetReference",
								"parameters": {}
							}
						]
					}
				],
				"policy": {
					"elapsedTimeMetric": {}
				},
				"folder": {
					"name": "Facilities"
				},
				"annotations": []
			},
			"dependsOn": []
		},
		{
			"name": "[concat(parameters('factoryName'), '/pl_Onetrust_Vendor_Download')]",
			"type": "Microsoft.DataFactory/factories/pipelines",
			"apiVersion": "2018-06-01",
			"properties": {
				"activities": [
					{
						"name": "GET_AUTH_TOKEN",
						"type": "WebActivity",
						"dependsOn": [],
						"policy": {
							"timeout": "0.12:00:00",
							"retry": 0,
							"retryIntervalInSeconds": 30,
							"secureOutput": false,
							"secureInput": false
						},
						"userProperties": [],
						"typeProperties": {
							"method": "POST",
							"headers": {
								"Content-Type": "application/x-www-form-urlencoded",
								"client_id": "135f024ff0074902b09db90f074ea7fb",
								"client_secret": "5dlkBtq18fjMDu5GvdqHdNUyORhaUB1n"
							},
							"url": "https://uat.onetrust.com/api/access/v1/oauth/token",
							"body": {
								"value": "grant_type=client_credentials&client_id=135f024ff0074902b09db90f074ea7fb&client_secret=5dlkBtq18fjMDu5GvdqHdNUyORhaUB1n",
								"type": "Expression"
							}
						}
					},
					{
						"name": "copy_data_into_json",
						"type": "Copy",
						"dependsOn": [
							{
								"activity": "GET_AUTH_TOKEN",
								"dependencyConditions": [
									"Completed"
								]
							}
						],
						"policy": {
							"timeout": "0.12:00:00",
							"retry": 0,
							"retryIntervalInSeconds": 30,
							"secureOutput": false,
							"secureInput": false
						},
						"userProperties": [],
						"typeProperties": {
							"source": {
								"type": "DelimitedTextSource",
								"storeSettings": {
									"type": "AzureBlobStorageReadSettings",
									"recursive": true,
									"wildcardFileName": "test.csv",
									"enablePartitionDiscovery": false
								},
								"formatSettings": {
									"type": "DelimitedTextReadSettings"
								}
							},
							"sink": {
								"type": "DelimitedTextSink",
								"storeSettings": {
									"type": "AzureBlobStorageWriteSettings"
								},
								"formatSettings": {
									"type": "DelimitedTextWriteSettings",
									"quoteAllText": true,
									"fileExtension": ".txt"
								}
							},
							"enableStaging": false,
							"translator": {
								"type": "TabularTranslator",
								"typeConversion": true,
								"typeConversionSettings": {
									"allowDataTruncation": true,
									"treatBooleanAsNumber": false
								}
							}
						},
						"inputs": [
							{
								"referenceName": "Destination_Files",
								"type": "DatasetReference",
								"parameters": {}
							}
						],
						"outputs": [
							{
								"referenceName": "Destination_Files",
								"type": "DatasetReference",
								"parameters": {}
							}
						]
					}
				],
				"policy": {
					"elapsedTimeMetric": {}
				},
				"annotations": []
			},
			"dependsOn": []
		},
		{
			"name": "[concat(parameters('factoryName'), '/pl_SN_Eur_Employee_Data')]",
			"type": "Microsoft.DataFactory/factories/pipelines",
			"apiVersion": "2018-06-01",
			"properties": {
				"activities": [
					{
						"name": "Copy data1",
						"type": "Copy",
						"dependsOn": [],
						"policy": {
							"timeout": "0.12:00:00",
							"retry": 0,
							"retryIntervalInSeconds": 30,
							"secureOutput": false,
							"secureInput": false
						},
						"userProperties": [],
						"typeProperties": {
							"source": {
								"type": "RestSource",
								"httpRequestTimeout": "00:01:40",
								"requestInterval": "00.00:00:00.010",
								"requestMethod": "GET",
								"paginationRules": {
									"supportRFC5988": "true"
								}
							},
							"sink": {
								"type": "JsonSink",
								"storeSettings": {
									"type": "LakehouseWriteSettings"
								},
								"formatSettings": {
									"type": "JsonWriteSettings"
								}
							},
							"enableStaging": false
						},
						"inputs": [
							{
								"referenceName": "Ds_SN_EMP_Source",
								"type": "DatasetReference",
								"parameters": {}
							}
						],
						"outputs": [
							{
								"referenceName": "Ds_Eur_Employee_JSON",
								"type": "DatasetReference",
								"parameters": {}
							}
						]
					}
				],
				"policy": {
					"elapsedTimeMetric": {}
				},
				"folder": {
					"name": "Facilities"
				},
				"annotations": []
			},
			"dependsOn": []
		},
		{
			"name": "[concat(parameters('factoryName'), '/pl_icore_zaiden')]",
			"type": "Microsoft.DataFactory/factories/pipelines",
			"apiVersion": "2018-06-01",
			"properties": {
				"activities": [
					{
						"name": "Get_SessionId",
						"type": "WebActivity",
						"dependsOn": [],
						"policy": {
							"timeout": "0.12:00:00",
							"retry": 0,
							"retryIntervalInSeconds": 30,
							"secureOutput": false,
							"secureInput": false
						},
						"userProperties": [],
						"typeProperties": {
							"method": "POST",
							"headers": {
								"Content-Type": "application/x-www-form-urlencoded",
								"Accept": "application/json"
							},
							"url": "https://incyte-etmf.veevavault.com/api/v24.1/auth",
							"body": "username=integration.datalake@incyte.com&password=ycFU1ibC7LG2NeN"
						}
					},
					{
						"name": "Get_Site_Json",
						"type": "Copy",
						"dependsOn": [
							{
								"activity": "Get_SessionId",
								"dependencyConditions": [
									"Succeeded"
								]
							}
						],
						"policy": {
							"timeout": "0.12:00:00",
							"retry": 0,
							"retryIntervalInSeconds": 30,
							"secureOutput": false,
							"secureInput": false
						},
						"userProperties": [],
						"typeProperties": {
							"source": {
								"type": "RestSource",
								"httpRequestTimeout": "00:01:40",
								"requestInterval": "00.00:00:00.010",
								"requestMethod": "POST",
								"requestBody": {
									"value": "q=SELECT id,name__v,external_id__v,study__v,site_status__v,study_country__v,ec_type__v,irb_iec_type__c,irb_lec_approval_date__c,site_selected_date__v,actual_psv_date__clin FROM site__v where external_id__v != null",
									"type": "Expression"
								},
								"additionalHeaders": {
									"Authorization": {
										"value": "@activity('Get_SessionId').output.sessionId",
										"type": "Expression"
									},
									"Accept": {
										"value": "application/json",
										"type": "Expression"
									},
									"X-VaultAPI-DescribeQuery": {
										"value": "true",
										"type": "Expression"
									},
									"Content-Type": {
										"value": "application/x-www-form-urlencoded",
										"type": "Expression"
									}
								},
								"paginationRules": {
									"AbsoluteUrl": "$.responseDetails.next_page"
								}
							},
							"sink": {
								"type": "JsonSink",
								"storeSettings": {
									"type": "LakehouseWriteSettings"
								},
								"formatSettings": {
									"type": "JsonWriteSettings"
								}
							},
							"enableStaging": false
						},
						"inputs": [
							{
								"referenceName": "Restveevaicore",
								"type": "DatasetReference",
								"parameters": {}
							}
						],
						"outputs": [
							{
								"referenceName": "iCore_brz_site_json",
								"type": "DatasetReference",
								"parameters": {}
							}
						]
					},
					{
						"name": "Site_jsontocsv",
						"type": "Copy",
						"dependsOn": [
							{
								"activity": "Get_Site_Json",
								"dependencyConditions": [
									"Succeeded"
								]
							}
						],
						"policy": {
							"timeout": "0.12:00:00",
							"retry": 0,
							"retryIntervalInSeconds": 30,
							"secureOutput": false,
							"secureInput": false
						},
						"userProperties": [],
						"typeProperties": {
							"source": {
								"type": "JsonSource",
								"storeSettings": {
									"type": "LakehouseReadSettings",
									"recursive": true,
									"enablePartitionDiscovery": false
								},
								"formatSettings": {
									"type": "JsonReadSettings"
								}
							},
							"sink": {
								"type": "DelimitedTextSink",
								"storeSettings": {
									"type": "LakehouseWriteSettings"
								},
								"formatSettings": {
									"type": "DelimitedTextWriteSettings",
									"quoteAllText": true,
									"fileExtension": ".txt"
								}
							},
							"enableStaging": false,
							"translator": {
								"type": "TabularTranslator",
								"mappings": [
									{
										"source": {
											"path": "[['id']"
										},
										"sink": {
											"name": "id",
											"type": "String"
										}
									},
									{
										"source": {
											"path": "[['name__v']"
										},
										"sink": {
											"name": "name__v",
											"type": "String"
										}
									},
									{
										"source": {
											"path": "[['external_id__v']"
										},
										"sink": {
											"name": "external_id__v",
											"type": "String"
										}
									},
									{
										"source": {
											"path": "[['study__v']"
										},
										"sink": {
											"name": "study__v",
											"type": "String"
										}
									},
									{
										"source": {
											"path": "[['study_country__v']"
										},
										"sink": {
											"name": "study_country__v",
											"type": "String"
										}
									},
									{
										"source": {
											"path": "[['ec_type__v']"
										},
										"sink": {
											"name": "ec_type__v",
											"type": "String"
										}
									},
									{
										"source": {
											"path": "[['irb_iec_type__c']"
										},
										"sink": {
											"name": "irb_iec_type__c",
											"type": "String"
										}
									},
									{
										"source": {
											"path": "[['irb_lec_approval_date__c']"
										},
										"sink": {
											"name": "irb_lec_approval_date__c",
											"type": "String"
										}
									},
									{
										"source": {
											"path": "[['site_selected_date__v']"
										},
										"sink": {
											"name": "site_selected_date__v",
											"type": "String"
										}
									},
									{
										"source": {
											"path": "[['actual_psv_date__clin']"
										},
										"sink": {
											"name": "actual_psv_date__clin",
											"type": "String"
										}
									},
									{
										"source": {
											"path": "[['site_status__v'][0]"
										},
										"sink": {
											"name": "site_status__v",
											"type": "String"
										}
									}
								],
								"collectionReference": "$['data']",
								"mapComplexValuesToString": true
							}
						},
						"inputs": [
							{
								"referenceName": "iCore_brz_site_json",
								"type": "DatasetReference",
								"parameters": {}
							}
						],
						"outputs": [
							{
								"referenceName": "iCore_brz_site_csv",
								"type": "DatasetReference",
								"parameters": {}
							}
						]
					},
					{
						"name": "Get_Milestone_Json",
						"type": "Copy",
						"dependsOn": [
							{
								"activity": "Get_SessionId",
								"dependencyConditions": [
									"Succeeded"
								]
							}
						],
						"policy": {
							"timeout": "0.12:00:00",
							"retry": 0,
							"retryIntervalInSeconds": 30,
							"secureOutput": false,
							"secureInput": false
						},
						"userProperties": [],
						"typeProperties": {
							"source": {
								"type": "RestSource",
								"httpRequestTimeout": "00:01:40",
								"requestInterval": "00.00:00:00.010",
								"requestMethod": "POST",
								"requestBody": {
									"value": "q=SELECT site__v,site__vr.external_id__v,study_country__v, study_country__vr.external_id__v, study__v, study__vr.external_id__v, name__v, milestone_type__v, actual_start_date__v,actual_finish_date__v FROM milestone__v where site__v != null AND site__vr.external_id__v != null AND (milestone_type__v = 'cec_application_completed__c' OR milestone_type__v = 'lec_application_completed__c' OR milestone_type__v = 'irb_application_completed__c')",
									"type": "Expression"
								},
								"additionalHeaders": {
									"Authorization": {
										"value": "@activity('Get_SessionId').output.sessionId",
										"type": "Expression"
									},
									"Accept": {
										"value": "application/json",
										"type": "Expression"
									},
									"X-VaultAPI-DescribeQuery": {
										"value": "true",
										"type": "Expression"
									},
									"Content-Type": {
										"value": "application/x-www-form-urlencoded",
										"type": "Expression"
									}
								},
								"paginationRules": {
									"AbsoluteUrl": "$.responseDetails.next_page"
								}
							},
							"sink": {
								"type": "JsonSink",
								"storeSettings": {
									"type": "LakehouseWriteSettings"
								},
								"formatSettings": {
									"type": "JsonWriteSettings"
								}
							},
							"enableStaging": false
						},
						"inputs": [
							{
								"referenceName": "Restveevaicore",
								"type": "DatasetReference",
								"parameters": {}
							}
						],
						"outputs": [
							{
								"referenceName": "iCore_brz_milestone_json",
								"type": "DatasetReference",
								"parameters": {}
							}
						]
					},
					{
						"name": "Milestone_jsontocsv",
						"type": "Copy",
						"dependsOn": [
							{
								"activity": "Get_Milestone_Json",
								"dependencyConditions": [
									"Succeeded"
								]
							}
						],
						"policy": {
							"timeout": "0.12:00:00",
							"retry": 0,
							"retryIntervalInSeconds": 30,
							"secureOutput": false,
							"secureInput": false
						},
						"userProperties": [],
						"typeProperties": {
							"source": {
								"type": "JsonSource",
								"storeSettings": {
									"type": "LakehouseReadSettings",
									"recursive": true,
									"enablePartitionDiscovery": false
								},
								"formatSettings": {
									"type": "JsonReadSettings"
								}
							},
							"sink": {
								"type": "DelimitedTextSink",
								"storeSettings": {
									"type": "LakehouseWriteSettings"
								},
								"formatSettings": {
									"type": "DelimitedTextWriteSettings",
									"quoteAllText": true,
									"fileExtension": ".txt"
								}
							},
							"enableStaging": false,
							"translator": {
								"type": "TabularTranslator",
								"mappings": [
									{
										"source": {
											"path": "[['site__v']"
										},
										"sink": {
											"name": "site__v",
											"type": "String"
										}
									},
									{
										"source": {
											"path": "[['site__vr.external_id__v']"
										},
										"sink": {
											"name": "site__vr.external_id__v",
											"type": "String"
										}
									},
									{
										"source": {
											"path": "[['study_country__v']"
										},
										"sink": {
											"name": "study_country__v",
											"type": "String"
										}
									},
									{
										"source": {
											"path": "[['study_country__vr.external_id__v']"
										},
										"sink": {
											"name": "study_country__vr.external_id__v",
											"type": "String"
										}
									},
									{
										"source": {
											"path": "[['study__v']"
										},
										"sink": {
											"name": "study__v",
											"type": "String"
										}
									},
									{
										"source": {
											"path": "[['study__vr.external_id__v']"
										},
										"sink": {
											"name": "study__vr.external_id__v",
											"type": "String"
										}
									},
									{
										"source": {
											"path": "[['name__v']"
										},
										"sink": {
											"name": "name__v",
											"type": "String"
										}
									},
									{
										"source": {
											"path": "[['actual_start_date__v']"
										},
										"sink": {
											"name": "actual_start_date__v",
											"type": "String"
										}
									},
									{
										"source": {
											"path": "[['actual_finish_date__v']"
										},
										"sink": {
											"name": "actual_finish_date__v",
											"type": "String"
										}
									},
									{
										"source": {
											"path": "[['milestone_type__v'][0]"
										},
										"sink": {
											"name": "milestone_type__v",
											"type": "String"
										}
									}
								],
								"collectionReference": "$['data']",
								"mapComplexValuesToString": true
							}
						},
						"inputs": [
							{
								"referenceName": "iCore_brz_milestone_json",
								"type": "DatasetReference",
								"parameters": {}
							}
						],
						"outputs": [
							{
								"referenceName": "iCore_brz_milestone_csv",
								"type": "DatasetReference",
								"parameters": {}
							}
						]
					}
				],
				"policy": {
					"elapsedTimeMetric": {}
				},
				"folder": {
					"name": "ICORE_ZAIDEN"
				},
				"annotations": []
			},
			"dependsOn": [
				"[concat(variables('factoryId'), '/datasets/Restveevaicore')]",
				"[concat(variables('factoryId'), '/datasets/iCore_brz_site_json')]",
				"[concat(variables('factoryId'), '/datasets/iCore_brz_site_csv')]",
				"[concat(variables('factoryId'), '/datasets/iCore_brz_milestone_json')]",
				"[concat(variables('factoryId'), '/datasets/iCore_brz_milestone_csv')]"
			]
		},
		{
			"name": "[concat(parameters('factoryName'), '/pl_xml_invoice')]",
			"type": "Microsoft.DataFactory/factories/pipelines",
			"apiVersion": "2018-06-01",
			"properties": {
				"activities": [
					{
						"name": "Copy data1",
						"type": "Copy",
						"dependsOn": [],
						"policy": {
							"timeout": "0.12:00:00",
							"retry": 0,
							"retryIntervalInSeconds": 30,
							"secureOutput": false,
							"secureInput": false
						},
						"userProperties": [
							{
								"name": "Source",
								"value": "/Inbound//INVOIC02_F0XXX.YYYYMMHHHHMMSS.xml"
							},
							{
								"name": "Destination",
								"value": "Farmavenix/FVX_INVOICE.csv"
							}
						],
						"typeProperties": {
							"source": {
								"type": "XmlSource",
								"storeSettings": {
									"type": "SftpReadSettings",
									"recursive": true,
									"enablePartitionDiscovery": false,
									"disableChunking": false
								},
								"formatSettings": {
									"type": "XmlReadSettings",
									"validationMode": "none",
									"detectDataType": true,
									"namespaces": true
								}
							},
							"sink": {
								"type": "SqlServerSink",
								"writeBehavior": "insert",
								"sqlWriterUseTableLock": false
							},
							"enableStaging": false,
							"translator": {
								"type": "TabularTranslator",
								"mappings": [
									{
										"source": {
											"path": "$['INVOIC02']['IDOC']['E1EDK01']['CURCY']"
										},
										"sink": {
											"name": "E1EDK01_CURCY",
											"type": "String"
										}
									},
									{
										"source": {
											"path": "$['INVOIC02']['IDOC']['E1EDKA1'][0]['PARVW']"
										},
										"sink": {
											"name": "E1EDKA1_PARVW",
											"type": "String"
										}
									},
									{
										"source": {
											"path": "$['INVOIC02']['IDOC']['E1EDKA1'][0]['NAME1']"
										},
										"sink": {
											"name": "E1EDKA1_NAME1",
											"type": "String"
										}
									},
									{
										"source": {
											"path": "$['INVOIC02']['IDOC']['E1EDKA1'][0]['STRAS']"
										},
										"sink": {
											"name": "E1EDKA1_STRAS",
											"type": "String"
										}
									},
									{
										"source": {
											"path": "$['INVOIC02']['IDOC']['E1EDKA1'][0]['ORT01']"
										},
										"sink": {
											"name": "E1EDKA1_ORT01",
											"type": "String"
										}
									},
									{
										"source": {
											"path": "$['INVOIC02']['IDOC']['E1EDKA1'][0]['PSTLZ']"
										},
										"sink": {
											"name": "E1EDKA1_PSTLZ",
											"type": "String"
										}
									},
									{
										"source": {
											"path": "$['INVOIC02']['IDOC']['E1EDKA1'][0]['LAND1']"
										},
										"sink": {
											"name": "E1EDKA1_LAND1",
											"type": "String"
										}
									},
									{
										"source": {
											"path": "$['INVOIC02']['IDOC']['E1EDKA1'][0]['TELF1']"
										},
										"sink": {
											"name": "E1EDKA1_TELF1",
											"type": "String"
										}
									},
									{
										"source": {
											"path": "$['INVOIC02']['IDOC']['E1EDK02'][0]['QUALF']"
										},
										"sink": {
											"name": "E1EDK02_QUALF",
											"type": "String"
										}
									},
									{
										"source": {
											"path": "$['INVOIC02']['IDOC']['E1EDK02'][0]['BELNR']"
										},
										"sink": {
											"name": "E1EDK02_BELNR",
											"type": "String"
										}
									},
									{
										"source": {
											"path": "$['INVOIC02']['IDOC']['E1EDK03'][0]['IDDAT']"
										},
										"sink": {
											"name": "E1EDK03_IDDAT",
											"type": "String"
										}
									},
									{
										"source": {
											"path": "$['INVOIC02']['IDOC']['E1EDK03'][0]['DATUM']"
										},
										"sink": {
											"name": "E1EDK03_DATUM",
											"type": "String"
										}
									},
									{
										"source": {
											"path": "$['INVOIC02']['IDOC']['E1EDP01'][0]['POSEX']"
										},
										"sink": {
											"name": "E1EDP01_POSEX",
											"type": "String"
										}
									},
									{
										"source": {
											"path": "$['INVOIC02']['IDOC']['E1EDP01'][0]['MENGE']"
										},
										"sink": {
											"name": "E1EDP01_MENGE",
											"type": "String"
										}
									},
									{
										"source": {
											"path": "$['INVOIC02']['IDOC']['E1EDP01'][0]['MENEE']"
										},
										"sink": {
											"name": "E1EDP01_MENEE",
											"type": "String"
										}
									},
									{
										"source": {
											"path": "$['INVOIC02']['IDOC']['E1EDP01'][0]['E1EDP19'][0]['QUALF']"
										},
										"sink": {
											"name": "E1EDP19_QUALF",
											"type": "String"
										}
									},
									{
										"source": {
											"path": "$['INVOIC02']['IDOC']['E1EDP01'][0]['E1EDP19'][0]['IDTNR']"
										},
										"sink": {
											"name": "E1EDP19_IDTNR",
											"type": "String"
										}
									},
									{
										"source": {
											"path": "$['INVOIC02']['IDOC']['E1EDP01'][0]['E1EDP26'][0]['QUALF']"
										},
										"sink": {
											"name": "E1EDP26_QUALF",
											"type": "String"
										}
									},
									{
										"source": {
											"path": "$['INVOIC02']['IDOC']['E1EDP01'][0]['E1EDP26'][0]['BETRG']"
										},
										"sink": {
											"name": "E1EDP26_BETRG",
											"type": "String"
										}
									},
									{
										"source": {
											"path": "$['INVOIC02']['IDOC']['E1EDP01'][0]['E1EDP05'][0]['KSCHL']"
										},
										"sink": {
											"name": "E1EDP05_KSCHL",
											"type": "String"
										}
									},
									{
										"source": {
											"path": "$['INVOIC02']['IDOC']['E1EDP01'][0]['E1EDP05'][0]['BETRG']"
										},
										"sink": {
											"name": "E1EDP05_BETRG",
											"type": "String"
										}
									},
									{
										"source": {
											"path": "$['INVOIC02']['IDOC']['E1EDP01'][0]['E1EDP04']['MWSKZ']"
										},
										"sink": {
											"name": "E1EDP04_MWSKZ",
											"type": "String"
										}
									},
									{
										"source": {
											"path": "$['INVOIC02']['IDOC']['E1EDP01'][0]['E1EDP04']['MSATZ']"
										},
										"sink": {
											"name": "E1EDP04_MSATZ",
											"type": "String"
										}
									}
								],
								"collectionReference": "",
								"mapComplexValuesToString": false
							}
						},
						"inputs": [
							{
								"referenceName": "ds_FVX_Invoice",
								"type": "DatasetReference",
								"parameters": {}
							}
						],
						"outputs": [
							{
								"referenceName": "Ds_STG_FVX_INVOICE_FILE",
								"type": "DatasetReference",
								"parameters": {}
							}
						]
					}
				],
				"policy": {
					"elapsedTimeMetric": {}
				},
				"folder": {
					"name": "Farmavenix"
				},
				"annotations": []
			},
			"dependsOn": [
				"[concat(variables('factoryId'), '/datasets/ds_FVX_Invoice')]"
			]
		},
		{
			"name": "[concat(parameters('factoryName'), '/API_FAC_FAIRMOVE')]",
			"type": "Microsoft.DataFactory/factories/datasets",
			"apiVersion": "2018-06-01",
			"properties": {
				"linkedServiceName": {
					"referenceName": "Europe_DB_Connection",
					"type": "LinkedServiceReference"
				},
				"folder": {
					"name": "Facilities"
				},
				"annotations": [],
				"type": "AzureSqlTable",
				"schema": [
					{
						"name": "API_FAC_SK",
						"type": "bigint",
						"precision": 19
					},
					{
						"name": "PersonnelNumber",
						"type": "nvarchar"
					},
					{
						"name": "ProfileName",
						"type": "nvarchar"
					},
					{
						"name": "AssignmentType",
						"type": "nvarchar"
					},
					{
						"name": "DtValidFrom",
						"type": "datetime2",
						"scale": 7
					},
					{
						"name": "DtValidTo",
						"type": "datetime2",
						"scale": 7
					},
					{
						"name": "CorrelationId",
						"type": "nvarchar"
					},
					{
						"name": "Status",
						"type": "nvarchar"
					},
					{
						"name": "TransactionId",
						"type": "uniqueidentifier"
					},
					{
						"name": "TranTimestamp",
						"type": "datetime2",
						"scale": 7
					}
				],
				"typeProperties": {
					"schema": "dbo",
					"table": "API_FAC_FAIRMOVE"
				}
			},
			"dependsOn": [
				"[concat(variables('factoryId'), '/linkedServices/Europe_DB_Connection')]"
			]
		},
		{
			"name": "[concat(parameters('factoryName'), '/Credit_Notes')]",
			"type": "Microsoft.DataFactory/factories/datasets",
			"apiVersion": "2018-06-01",
			"properties": {
				"linkedServiceName": {
					"referenceName": "Global_DB_Connection",
					"type": "LinkedServiceReference"
				},
				"folder": {
					"name": "1.Informatica_Datasets"
				},
				"annotations": [],
				"type": "AzureSqlTable",
				"schema": [
					{
						"name": "COUNTRY",
						"type": "nvarchar"
					},
					{
						"name": "YearNumber",
						"type": "int",
						"precision": 10
					},
					{
						"name": "MONTH_CODE",
						"type": "int",
						"precision": 10
					},
					{
						"name": "SKU",
						"type": "nvarchar"
					},
					{
						"name": "CREDIT_NOTE",
						"type": "decimal",
						"precision": 38,
						"scale": 5
					},
					{
						"name": "CREATED_DT",
						"type": "datetime",
						"precision": 23,
						"scale": 3
					},
					{
						"name": "CREATED_BY",
						"type": "nvarchar"
					},
					{
						"name": "MODIFIED_DT",
						"type": "datetime",
						"precision": 23,
						"scale": 3
					},
					{
						"name": "MODIFIED_BY",
						"type": "nvarchar"
					},
					{
						"name": "ID",
						"type": "int",
						"precision": 10
					},
					{
						"name": "FLAG",
						"type": "nchar"
					},
					{
						"name": "Brand",
						"type": "nchar"
					},
					{
						"name": "Credit_Note_Act",
						"type": "decimal",
						"precision": 38,
						"scale": 5
					}
				],
				"typeProperties": {
					"schema": "dbo",
					"table": "CREDIT_NOTES"
				}
			},
			"dependsOn": [
				"[concat(variables('factoryId'), '/linkedServices/Global_DB_Connection')]"
			]
		},
		{
			"name": "[concat(parameters('factoryName'), '/Customer_Master_Innomar')]",
			"type": "Microsoft.DataFactory/factories/datasets",
			"apiVersion": "2018-06-01",
			"properties": {
				"linkedServiceName": {
					"referenceName": "DIS_ADLS_G2",
					"type": "LinkedServiceReference"
				},
				"folder": {
					"name": "1.Informatica_Datasets/GlobalDWInvoice/DS_INNOMOR_FEED"
				},
				"annotations": [],
				"type": "DelimitedText",
				"typeProperties": {
					"location": {
						"type": "AzureBlobFSLocation",
						"fileName": "Customer_Master.txt",
						"folderPath": "FDWH",
						"fileSystem": "srcfiles"
					},
					"columnDelimiter": "|",
					"escapeChar": "\\",
					"firstRowAsHeader": false,
					"quoteChar": "\""
				},
				"schema": [
					{
						"name": "MCUSTSK",
						"type": "Number"
					},
					{
						"name": "Status",
						"type": "String"
					},
					{
						"name": "CUSTSPLRNBR",
						"type": "String"
					},
					{
						"name": "Type",
						"type": "Number"
					},
					{
						"name": "AliasforCUSTSPLRNBR",
						"type": "String"
					},
					{
						"name": "Name",
						"type": "String"
					},
					{
						"name": "ADDRline1",
						"type": "String"
					},
					{
						"name": "ADDRline2",
						"type": "String"
					},
					{
						"name": "ADDRline3",
						"type": "String"
					},
					{
						"name": "City",
						"type": "String"
					},
					{
						"name": "ST",
						"type": "String"
					},
					{
						"name": "ZipCD",
						"type": "String"
					},
					{
						"name": "Internalname",
						"type": "String"
					},
					{
						"name": "CNTRY",
						"type": "String"
					},
					{
						"name": "Area",
						"type": "String"
					},
					{
						"name": "NameCTGRY1",
						"type": "String"
					},
					{
						"name": "NameCTGRY2",
						"type": "String"
					},
					{
						"name": "NameCTGRY3",
						"type": "String"
					},
					{
						"name": "CreationDT",
						"type": "String"
					},
					{
						"name": "STPRVNCD",
						"type": "String"
					},
					{
						"name": "PhoneNBR1",
						"type": "String"
					},
					{
						"name": "PhoneNBR2",
						"type": "String"
					},
					{
						"name": "FaxNBR1",
						"type": "String"
					},
					{
						"name": "CreditLimit",
						"type": "String"
					},
					{
						"name": "ARGRP_SK",
						"type": "String"
					},
					{
						"name": "ARGRP",
						"type": "String"
					},
					{
						"name": "PYMTStatistCDW_STG_ICSGRP",
						"type": "String"
					},
					{
						"name": "STMTOfACCT",
						"type": "String"
					},
					{
						"name": "TermsOfPYMT_SK",
						"type": "String"
					},
					{
						"name": "TermsOfPYMT",
						"type": "String"
					},
					{
						"name": "CreditStatus",
						"type": "String"
					},
					{
						"name": "CSTCNTR",
						"type": "String"
					},
					{
						"name": "CNTCTPerson",
						"type": "String"
					},
					{
						"name": "DebtorADDRNBR",
						"type": "String"
					},
					{
						"name": "DebtorNBR",
						"type": "String"
					},
					{
						"name": "DeliveryADDRNBR",
						"type": "String"
					},
					{
						"name": "DeliveryCUSTNBR",
						"type": "String"
					},
					{
						"name": "ConfirmationADDRNBR",
						"type": "String"
					},
					{
						"name": "ConfirmationCUSTNBR",
						"type": "String"
					},
					{
						"name": "INVADDRNBR",
						"type": "String"
					},
					{
						"name": "INVCUSTNBR",
						"type": "String"
					},
					{
						"name": "CustomChain1",
						"type": "String"
					},
					{
						"name": "CustomChain2",
						"type": "String"
					},
					{
						"name": "CustomChain3",
						"type": "String"
					},
					{
						"name": "CustomChain4",
						"type": "String"
					},
					{
						"name": "CustomChain5",
						"type": "String"
					},
					{
						"name": "CustomChain6",
						"type": "String"
					},
					{
						"name": "CustomChain7",
						"type": "String"
					},
					{
						"name": "CustomChain8",
						"type": "String"
					},
					{
						"name": "CustomChain9",
						"type": "String"
					},
					{
						"name": "CustomClassification1",
						"type": "String"
					},
					{
						"name": "CustomClassification2",
						"type": "String"
					},
					{
						"name": "CustomClassification3",
						"type": "String"
					},
					{
						"name": "CustomClassification4",
						"type": "String"
					},
					{
						"name": "CustomClassification5",
						"type": "String"
					},
					{
						"name": "Termsofdelivery",
						"type": "String"
					},
					{
						"name": "MannerofTRNSPRT",
						"type": "String"
					},
					{
						"name": "Administrationfee",
						"type": "String"
					},
					{
						"name": "Invoicingfee",
						"type": "String"
					},
					{
						"name": "CUSTGRP",
						"type": "String"
					},
					{
						"name": "DiscountGRP",
						"type": "String"
					},
					{
						"name": "PriceGRP",
						"type": "String"
					},
					{
						"name": "Discountpercentage",
						"type": "String"
					},
					{
						"name": "SLSman",
						"type": "String"
					},
					{
						"name": "LSTINVDT",
						"type": "String"
					},
					{
						"name": "CurrentACCTBalance",
						"type": "String"
					},
					{
						"name": "FIELD67",
						"type": "String"
					},
					{
						"name": "FIELD68",
						"type": "String"
					},
					{
						"name": "FIELD69",
						"type": "String"
					},
					{
						"name": "FIELD70",
						"type": "String"
					},
					{
						"name": "FIELD71",
						"type": "String"
					},
					{
						"name": "FIELD72",
						"type": "String"
					},
					{
						"name": "FIELD73",
						"type": "String"
					},
					{
						"name": "FIELD74",
						"type": "String"
					},
					{
						"name": "FIELD75",
						"type": "String"
					},
					{
						"name": "FIELD76",
						"type": "String"
					}
				]
			},
			"dependsOn": [
				"[concat(variables('factoryId'), '/linkedServices/DIS_ADLS_G2')]"
			]
		}
	]
}