{
	"$schema": "http://schema.management.azure.com/schemas/2015-01-01/deploymentTemplate.json#",
	"contentVersion": "1.0.0.0",
	"parameters": {
		"factoryName": {
			"type": "string",
			"metadata": "Data Factory name",
			"defaultValue": "Dfact-DataIntegrationServices"
		}
	},
	"variables": {
		"factoryId": "[concat('Microsoft.DataFactory/factories/', parameters('factoryName'))]"
	},
	"resources": [
		{
			"name": "[concat(parameters('factoryName'), '/PL_LOAD_INNOMAR_FEED')]",
			"type": "Microsoft.DataFactory/factories/pipelines",
			"apiVersion": "2018-06-01",
			"properties": {
				"activities": [
					{
						"name": "df_LOAD_STG_INVOICE_LINE_INNOMAR",
						"type": "ExecuteDataFlow",
						"dependsOn": [],
						"policy": {
							"timeout": "0.12:00:00",
							"retry": 0,
							"retryIntervalInSeconds": 30,
							"secureOutput": false,
							"secureInput": false
						},
						"userProperties": [],
						"typeProperties": {
							"dataflow": {
								"referenceName": "df_LOAD_STG_INVOICE_LINE_INNOMAR",
								"type": "DataFlowReference",
								"parameters": {
									"Created_by": {
										"value": "'@{pipeline().DataFactory}'",
										"type": "Expression"
									},
									"etl_id": {
										"value": "'@{pipeline().RunId}'",
										"type": "Expression"
									}
								},
								"datasetParameters": {
									"InvoiceInline": {},
									"InvoiceLineInnomar": {}
								}
							},
							"staging": {},
							"compute": {
								"coreCount": 8,
								"computeType": "General"
							},
							"traceLevel": "Fine"
						}
					},
					{
						"name": "df_LOAD_STG_SLS_ORD_HRD_INNOMAR",
						"type": "ExecuteDataFlow",
						"dependsOn": [],
						"policy": {
							"timeout": "0.12:00:00",
							"retry": 0,
							"retryIntervalInSeconds": 30,
							"secureOutput": false,
							"secureInput": false
						},
						"userProperties": [],
						"typeProperties": {
							"dataflow": {
								"referenceName": "df_LOAD_STG_SLS_ORD_HRD_INNOMAR",
								"type": "DataFlowReference",
								"parameters": {
									"created_by": {
										"value": "'@{pipeline().DataFactory}'",
										"type": "Expression"
									},
									"etl_id": {
										"value": "'@{pipeline().RunId}'",
										"type": "Expression"
									}
								},
								"datasetParameters": {
									"SalesOrderHeader": {},
									"sink": {}
								}
							},
							"staging": {},
							"compute": {
								"coreCount": 8,
								"computeType": "General"
							},
							"traceLevel": "Fine"
						}
					},
					{
						"name": "df_LOAD_STG_INVOICE_HDR_INNOMAR1",
						"type": "ExecuteDataFlow",
						"dependsOn": [],
						"policy": {
							"timeout": "0.12:00:00",
							"retry": 0,
							"retryIntervalInSeconds": 30,
							"secureOutput": false,
							"secureInput": false
						},
						"userProperties": [],
						"typeProperties": {
							"dataflow": {
								"referenceName": "df_LOAD_STG_INVOICE_HDR_INNOMAR",
								"type": "DataFlowReference",
								"parameters": {
									"Created_by": {
										"value": "'@{pipeline().DataFactory}'",
										"type": "Expression"
									},
									"etl_id": {
										"value": "'@{pipeline().RunId}'",
										"type": "Expression"
									}
								},
								"datasetParameters": {
									"InvoiceHeader": {},
									"Sinking": {}
								}
							},
							"staging": {},
							"compute": {
								"coreCount": 8,
								"computeType": "General"
							},
							"traceLevel": "Fine"
						}
					}
				],
				"policy": {
					"elapsedTimeMetric": {}
				},
				"folder": {
					"name": "INFORMATICA_PIPELINES/GLOBALDWPIPELINES"
				},
				"annotations": []
			},
			"dependsOn": []
		},
		{
			"name": "[concat(parameters('factoryName'), '/PL_LOAD_INVOICE_DATA')]",
			"type": "Microsoft.DataFactory/factories/pipelines",
			"apiVersion": "2018-06-01",
			"properties": {
				"activities": [
					{
						"name": "LOAD_STG_INVOICE_LINE_ICS",
						"type": "ExecuteDataFlow",
						"dependsOn": [],
						"policy": {
							"timeout": "0.12:00:00",
							"retry": 0,
							"retryIntervalInSeconds": 30,
							"secureOutput": false,
							"secureInput": false
						},
						"userProperties": [],
						"typeProperties": {
							"dataflow": {
								"referenceName": "df_LOAD_STG_INVOICE_LINE_ICS",
								"type": "DataFlowReference",
								"parameters": {
									"Created_by": {
										"value": "'@{pipeline().Pipeline}'",
										"type": "Expression"
									},
									"etl_id": {
										"value": "'@{pipeline().RunId}'",
										"type": "Expression"
									},
									"Modified_by": {
										"value": "'@{pipeline().TriggerName}'",
										"type": "Expression"
									}
								},
								"datasetParameters": {
									"InvoiceInline": {},
									"InvoiceLineICS": {}
								}
							},
							"staging": {},
							"integrationRuntime": {
								"referenceName": "IR-AZURE-VNET",
								"type": "IntegrationRuntimeReference"
							},
							"traceLevel": "Fine"
						}
					},
					{
						"name": "LOAD_STG_INVOICE_HDR_ICS",
						"type": "ExecuteDataFlow",
						"state": "Inactive",
						"onInactiveMarkAs": "Succeeded",
						"dependsOn": [],
						"policy": {
							"timeout": "0.12:00:00",
							"retry": 0,
							"retryIntervalInSeconds": 30,
							"secureOutput": false,
							"secureInput": false
						},
						"userProperties": [],
						"typeProperties": {
							"dataflow": {
								"referenceName": "df_LOAD_STG_INVOICE_HDR_ICS",
								"type": "DataFlowReference",
								"parameters": {
									"Created_by": {
										"value": "'@{pipeline().TriggerName}'",
										"type": "Expression"
									},
									"etl_id": {
										"value": "'@{pipeline().RunId}'",
										"type": "Expression"
									},
									"Modified_by": {
										"value": "'@{pipeline().Pipeline}'",
										"type": "Expression"
									}
								},
								"datasetParameters": {
									"InvoiceHeader": {},
									"Sinking": {}
								}
							},
							"staging": {},
							"compute": {
								"coreCount": 8,
								"computeType": "General"
							},
							"traceLevel": "Fine"
						}
					},
					{
						"name": "LOAD_STG_SLS_ORD_HRD_ICS",
						"type": "ExecuteDataFlow",
						"state": "Inactive",
						"onInactiveMarkAs": "Succeeded",
						"dependsOn": [],
						"policy": {
							"timeout": "0.12:00:00",
							"retry": 0,
							"retryIntervalInSeconds": 30,
							"secureOutput": false,
							"secureInput": false
						},
						"userProperties": [],
						"typeProperties": {
							"dataflow": {
								"referenceName": "df_LOAD_STG_SLS_ORD_HRD_ICS",
								"type": "DataFlowReference",
								"parameters": {
									"created_by": {
										"value": "'@{pipeline().Pipeline}'",
										"type": "Expression"
									},
									"etl_id": {
										"value": "'@{pipeline().RunId}'",
										"type": "Expression"
									},
									"modified_by": {
										"value": "'@{pipeline().TriggerName}'",
										"type": "Expression"
									}
								},
								"datasetParameters": {
									"SalesOrderHeader": {},
									"sink": {}
								}
							},
							"staging": {},
							"compute": {
								"coreCount": 8,
								"computeType": "General"
							},
							"traceLevel": "Fine"
						}
					},
					{
						"name": "LOAD_STG_INVOICE",
						"type": "Copy",
						"state": "Inactive",
						"onInactiveMarkAs": "Succeeded",
						"dependsOn": [
							{
								"activity": "LOAD_STG_INVOICE_LINE_ICS",
								"dependencyConditions": [
									"Succeeded"
								]
							},
							{
								"activity": "LOAD_STG_SLS_ORD_HRD_ICS",
								"dependencyConditions": [
									"Succeeded"
								]
							},
							{
								"activity": "LOAD_STG_INVOICE_HDR_ICS",
								"dependencyConditions": [
									"Succeeded"
								]
							}
						],
						"policy": {
							"timeout": "0.12:00:00",
							"retry": 0,
							"retryIntervalInSeconds": 30,
							"secureOutput": false,
							"secureInput": false
						},
						"userProperties": [],
						"typeProperties": {
							"source": {
								"type": "AzureSqlSource",
								"additionalColumns": [
									{
										"name": "CREATED_BY",
										"value": {
											"value": "@pipeline().Pipeline",
											"type": "Expression"
										}
									},
									{
										"name": "ETL_ID",
										"value": {
											"value": "@pipeline().RunId",
											"type": "Expression"
										}
									},
									{
										"name": "SRC_TYPE",
										"value": "ICS"
									},
									{
										"name": "CREATED_DT",
										"value": {
											"value": "@utcnow()",
											"type": "Expression"
										}
									}
								],
								"sqlReaderQuery": "SELECT\nL.INVNBR,\nL.INVLINENBR,\nL.INVDT,\nL.ORDNBR,\nL.ORDLINENBR,\nH.CUSTNBR,\nH.CUSTNM,\nL.CUSTCTGRY1,\nH.INVCUSTNBR,\nH.TERMSOFPYMT,\nH.TERMSOFPYMTDESCR,\nH.TERMSOFDELIVERY,\nH.MANNEROFTRNSPRT,\nH.MANNEROFTRNSPRTDESCR,\nH.ORDDT,\nH.ORDLINESTOTAL,\nH.ORDTOTAL,\nH.INVAMTEXCLUDINGVAT,\nH.INVTAXAMT,\nH.INVAMTINCLUDINGVAT,\nH.INVADJUSTMENTAMT,\nH.DUEDT,\nS.HANDLER,\nL.DEBTORNBR,\nH.REFERENCENBR,\ntrim(replace(PRODCD,'  R','')) as PRODCD,\nL.PRODCDDESCR,\nL.ORDTYPE,\nL.ORDTYPEDESCR,\nL.SLSPRICE,\nL.INVDQTYSLSUNIT,\nL.AMT,\nL.RETAILPRICE,\nL.NETPRICE,\nL.FREEOFCHARGE,\nL.WRHSNBR,\nL.PRODCTGRY1,\nS.HOLDORD,\nS.ORDCTGRY,\nS.ORDCTGRYDESCR,\nS.CUSTACCTGRP,\nS.ACCTGRPDESCR\nFROM\nSTG_INV_LINE_ICS L\nLEFT JOIN STG_INV_HDR_ICS H ON\n  L.INVNBR = H.INVNBR\nLEFT JOIN STG_SLS_ORD_HDR_ICS S ON\n  H.ORDNBR = S.ORDNBR\n\n ",
								"queryTimeout": "02:00:00",
								"partitionOption": "None"
							},
							"sink": {
								"type": "AzureSqlSink",
								"writeBehavior": "insert",
								"sqlWriterUseTableLock": false,
								"disableMetricsCollection": false
							},
							"enableStaging": false,
							"translator": {
								"type": "TabularTranslator",
								"typeConversion": true,
								"typeConversionSettings": {
									"allowDataTruncation": true,
									"treatBooleanAsNumber": false
								}
							}
						},
						"inputs": [
							{
								"referenceName": "Global_DW_Connection",
								"type": "DatasetReference",
								"parameters": {}
							}
						],
						"outputs": [
							{
								"referenceName": "LOAD_STG_INVOICE",
								"type": "DatasetReference",
								"parameters": {}
							}
						]
					},
					{
						"name": "df_LOAD_CREDIT_NOTES",
						"type": "ExecuteDataFlow",
						"state": "Inactive",
						"onInactiveMarkAs": "Succeeded",
						"dependsOn": [],
						"policy": {
							"timeout": "0.12:00:00",
							"retry": 0,
							"retryIntervalInSeconds": 30,
							"secureOutput": false,
							"secureInput": false
						},
						"userProperties": [],
						"typeProperties": {
							"dataflow": {
								"referenceName": "df_LOAD_CREDIT_NOTES",
								"type": "DataFlowReference",
								"parameters": {},
								"datasetParameters": {
									"SQLFPrices": {},
									"SQLFPricePI": {},
									"OTCorrection": {},
									"CreditNotes": {},
									"MaxID": {},
									"ParallelImportTerr": {},
									"FPricesOT": {},
									"FPricesPI": {},
									"GlobalOTCorrection": {},
									"CreditNotesSink": {},
									"ParallelImportTerrGLoabl": {}
								}
							},
							"staging": {},
							"compute": {
								"coreCount": 8,
								"computeType": "General"
							},
							"traceLevel": "Fine"
						}
					},
					{
						"name": "df_LOAD_STG_INVOICE_IDAC",
						"type": "ExecuteDataFlow",
						"state": "Inactive",
						"onInactiveMarkAs": "Succeeded",
						"dependsOn": [],
						"policy": {
							"timeout": "0.12:00:00",
							"retry": 0,
							"retryIntervalInSeconds": 30,
							"secureOutput": false,
							"secureInput": false
						},
						"userProperties": [],
						"typeProperties": {
							"dataflow": {
								"referenceName": "df_LOAD_STG_INVOICE_IDAC",
								"type": "DataFlowReference",
								"parameters": {},
								"datasetParameters": {
									"FInvoiceIDAC": {},
									"STGInvoiceIDAC": {}
								}
							},
							"staging": {},
							"compute": {
								"coreCount": 8,
								"computeType": "General"
							},
							"traceLevel": "Fine"
						}
					},
					{
						"name": "df_LOAD_F_INVOICE",
						"type": "ExecuteDataFlow",
						"state": "Inactive",
						"onInactiveMarkAs": "Succeeded",
						"dependsOn": [
							{
								"activity": "df_LOAD_CREDIT_NOTES",
								"dependencyConditions": [
									"Succeeded"
								]
							},
							{
								"activity": "df_LOAD_STG_INVOICE_IDAC",
								"dependencyConditions": [
									"Succeeded"
								]
							},
							{
								"activity": "LOAD_STG_INVOICE",
								"dependencyConditions": [
									"Succeeded"
								]
							}
						],
						"policy": {
							"timeout": "0.12:00:00",
							"retry": 0,
							"retryIntervalInSeconds": 30,
							"secureOutput": false,
							"secureInput": false
						},
						"userProperties": [],
						"typeProperties": {
							"dataflow": {
								"referenceName": "df_LOAD_F_INVOICE",
								"type": "DataFlowReference",
								"parameters": {
									"CREATED_BY": {
										"value": "'@{pipeline().Pipeline}'",
										"type": "Expression"
									},
									"ETL_ID": {
										"value": "'@{pipeline().TriggerId}'",
										"type": "Expression"
									}
								},
								"datasetParameters": {
									"STGInvoiceData": {},
									"DimDistributor": {},
									"DimProduct": {},
									"DimCountry": {},
									"DimCurrency": {},
									"FInvoiceTable": {}
								}
							},
							"staging": {},
							"integrationRuntime": {
								"referenceName": "IR-AZURE-VNET",
								"type": "IntegrationRuntimeReference"
							},
							"traceLevel": "Fine"
						}
					}
				],
				"policy": {
					"elapsedTimeMetric": {}
				},
				"folder": {
					"name": "INFORMATICA_PIPELINES/GLOBALDWPIPELINES"
				},
				"annotations": []
			},
			"dependsOn": []
		},
		{
			"name": "[concat(parameters('factoryName'), '/PL_LOAD_PRODUCT')]",
			"type": "Microsoft.DataFactory/factories/pipelines",
			"apiVersion": "2018-06-01",
			"properties": {
				"activities": [
					{
						"name": "StgProductICS",
						"type": "ExecuteDataFlow",
						"dependsOn": [],
						"policy": {
							"timeout": "0.12:00:00",
							"retry": 0,
							"retryIntervalInSeconds": 30,
							"secureOutput": false,
							"secureInput": false
						},
						"userProperties": [],
						"typeProperties": {
							"dataflow": {
								"referenceName": "df_LOAD_STG_PRODUCT_ICS",
								"type": "DataFlowReference",
								"parameters": {
									"CREATED_BY": "'test'",
									"ETL_ID": {
										"value": "'@{pipeline().RunId}'",
										"type": "Expression"
									}
								},
								"datasetParameters": {
									"ProductMaster": {},
									"StgProductICS": {}
								}
							},
							"staging": {},
							"integrationRuntime": {
								"referenceName": "IR-AZURE-VNET",
								"type": "IntegrationRuntimeReference"
							},
							"traceLevel": "Fine"
						}
					},
					{
						"name": "StgProductIDAC",
						"type": "ExecuteDataFlow",
						"dependsOn": [],
						"policy": {
							"timeout": "0.12:00:00",
							"retry": 0,
							"retryIntervalInSeconds": 30,
							"secureOutput": false,
							"secureInput": false
						},
						"userProperties": [],
						"typeProperties": {
							"dataflow": {
								"referenceName": "df_LOAD_STG_PRODUCT_IDAC",
								"type": "DataFlowReference",
								"parameters": {
									"CREATED_BY": "'test'",
									"ETL_ID": {
										"value": "'@{pipeline().RunId}'",
										"type": "Expression"
									}
								},
								"datasetParameters": {
									"DimProduct": {},
									"StgProductIDAC": {}
								}
							},
							"staging": {},
							"integrationRuntime": {
								"referenceName": "IR-AZURE-VNET",
								"type": "IntegrationRuntimeReference"
							},
							"traceLevel": "Fine"
						}
					},
					{
						"name": "LoadDimProduct",
						"type": "ExecuteDataFlow",
						"dependsOn": [
							{
								"activity": "StgProductICS",
								"dependencyConditions": [
									"Succeeded"
								]
							},
							{
								"activity": "StgProductIDAC",
								"dependencyConditions": [
									"Succeeded"
								]
							}
						],
						"policy": {
							"timeout": "0.12:00:00",
							"retry": 0,
							"retryIntervalInSeconds": 30,
							"secureOutput": false,
							"secureInput": false
						},
						"userProperties": [],
						"typeProperties": {
							"dataflow": {
								"referenceName": "df_LOAD_D_PRODUCT",
								"type": "DataFlowReference",
								"parameters": {
									"CREATED_BY": "'TEST'",
									"ETL_ID": {
										"value": "'@{pipeline().RunId}'",
										"type": "Expression"
									}
								},
								"datasetParameters": {
									"StgProductICS": {},
									"StgProductIDAC": {},
									"StgInvoiceJapan": {},
									"DimProduct": {},
									"LoadDimProductInsert": {},
									"LoadDimProductUpdate": {}
								}
							},
							"staging": {},
							"integrationRuntime": {
								"referenceName": "IR-AZURE-VNET",
								"type": "IntegrationRuntimeReference"
							},
							"traceLevel": "Fine"
						}
					}
				],
				"policy": {
					"elapsedTimeMetric": {}
				},
				"folder": {
					"name": "INFORMATICA_PIPELINES/GLOBALDWPIPELINES"
				},
				"annotations": []
			},
			"dependsOn": []
		},
		{
			"name": "[concat(parameters('factoryName'), '/dummy')]",
			"type": "Microsoft.DataFactory/factories/pipelines",
			"apiVersion": "2018-06-01",
			"properties": {
				"activities": [
					{
						"name": "df_DAILY_BUDGET_CLONE",
						"type": "ExecuteDataFlow",
						"dependsOn": [],
						"policy": {
							"timeout": "0.12:00:00",
							"retry": 0,
							"retryIntervalInSeconds": 30,
							"secureOutput": false,
							"secureInput": false
						},
						"userProperties": [],
						"typeProperties": {
							"dataflow": {
								"referenceName": "df_DAILY_BUDGET",
								"type": "DataFlowReference",
								"parameters": {
									"etl_id": "'123'"
								},
								"datasetParameters": {
									"ZynyzUSDailyBudget": {},
									"RealmBudget": {},
									"DimDate": {},
									"JapanBudget": {},
									"EUFTarget": {},
									"JakafiUSDailyBudget": {},
									"PemiUSDailyBudget": {},
									"OpzeluraUSDailyBudget": {},
									"MonjuviUSDailyBudget": {},
									"FDAILYBUDGET": {}
								}
							},
							"staging": {},
							"compute": {
								"coreCount": 8,
								"computeType": "General"
							},
							"traceLevel": "Fine"
						}
					}
				],
				"policy": {
					"elapsedTimeMetric": {}
				},
				"folder": {
					"name": "INFORMATICA_PIPELINES/GLOBALDWPIPELINES"
				},
				"annotations": []
			},
			"dependsOn": []
		},
		{
			"name": "[concat(parameters('factoryName'), '/PL_MASTER_LOAD_INVOICE')]",
			"type": "Microsoft.DataFactory/factories/pipelines",
			"apiVersion": "2018-06-01",
			"properties": {
				"activities": [
					{
						"name": "LoadDistributor",
						"type": "ExecutePipeline",
						"dependsOn": [],
						"policy": {
							"secureInput": false
						},
						"userProperties": [],
						"typeProperties": {
							"pipeline": {
								"referenceName": "PL_LOAD_DISTRIBUTOR",
								"type": "PipelineReference"
							},
							"waitOnCompletion": true,
							"parameters": {}
						}
					},
					{
						"name": "LoadProduct",
						"type": "ExecutePipeline",
						"dependsOn": [
							{
								"activity": "LoadDistributor",
								"dependencyConditions": [
									"Succeeded"
								]
							}
						],
						"policy": {
							"secureInput": false
						},
						"userProperties": [],
						"typeProperties": {
							"pipeline": {
								"referenceName": "PL_LOAD_PRODUCT",
								"type": "PipelineReference"
							},
							"waitOnCompletion": true,
							"parameters": {}
						}
					},
					{
						"name": "LoadInvoiceData",
						"type": "ExecutePipeline",
						"dependsOn": [
							{
								"activity": "LoadProduct",
								"dependencyConditions": [
									"Succeeded"
								]
							}
						],
						"policy": {
							"secureInput": false
						},
						"userProperties": [],
						"typeProperties": {
							"pipeline": {
								"referenceName": "PL_LOAD_INVOICE_DATA",
								"type": "PipelineReference"
							},
							"waitOnCompletion": true,
							"parameters": {}
						}
					}
				],
				"policy": {
					"elapsedTimeMetric": {}
				},
				"folder": {
					"name": "INFORMATICA_PIPELINES/GLOBALDWPIPELINES"
				},
				"annotations": []
			},
			"dependsOn": [
				"[concat(variables('factoryId'), '/pipelines/PL_LOAD_PRODUCT')]",
				"[concat(variables('factoryId'), '/pipelines/PL_LOAD_INVOICE_DATA')]"
			]
		}
	]
}