{
	"$schema": "http://schema.management.azure.com/schemas/2015-01-01/deploymentTemplate.json#",
	"contentVersion": "1.0.0.0",
	"parameters": {
		"factoryName": {
			"type": "string",
			"metadata": "Data Factory name",
			"defaultValue": "Dfact-DataIntegrationServices"
		}
	},
	"variables": {
		"factoryId": "[concat('Microsoft.DataFactory/factories/', parameters('factoryName'))]"
	},
	"resources": [
		{
			"name": "[concat(parameters('factoryName'), '/DS_DEST_Hyp_Decrypted')]",
			"type": "Microsoft.DataFactory/factories/datasets",
			"apiVersion": "2018-06-01",
			"properties": {
				"linkedServiceName": {
					"referenceName": "DIS_ADLS_G2",
					"type": "LinkedServiceReference"
				},
				"annotations": [],
				"type": "Binary",
				"typeProperties": {
					"location": {
						"type": "AzureBlobFSLocation",
						"folderPath": "decrypted",
						"fileSystem": "hyperion"
					}
				}
			},
			"dependsOn": []
		},
		{
			"name": "[concat(parameters('factoryName'), '/DS_DEST_Hyp_Encrypted')]",
			"type": "Microsoft.DataFactory/factories/datasets",
			"apiVersion": "2018-06-01",
			"properties": {
				"linkedServiceName": {
					"referenceName": "DIS_ADLS_G2",
					"type": "LinkedServiceReference"
				},
				"annotations": [],
				"type": "Binary",
				"typeProperties": {
					"location": {
						"type": "AzureBlobFSLocation",
						"folderPath": "encrypted",
						"fileSystem": "hyperion"
					}
				}
			},
			"dependsOn": []
		},
		{
			"name": "[concat(parameters('factoryName'), '/DS_DYC_DF')]",
			"type": "Microsoft.DataFactory/factories/datasets",
			"apiVersion": "2018-06-01",
			"properties": {
				"linkedServiceName": {
					"referenceName": "DIS_ADLS_G2",
					"type": "LinkedServiceReference"
				},
				"annotations": [],
				"type": "DelimitedText",
				"typeProperties": {
					"location": {
						"type": "AzureBlobFSLocation",
						"fileName": "iCIMS_Hires_02_26_2024_1000.csv_1130.pgp",
						"folderPath": "SrcFiles/HR/Decrypted",
						"fileSystem": "dev"
					},
					"columnDelimiter": ",",
					"escapeChar": "\\",
					"firstRowAsHeader": true,
					"quoteChar": "\""
				},
				"schema": []
			},
			"dependsOn": []
		},
		{
			"name": "[concat(parameters('factoryName'), '/DS_DYC_DF2')]",
			"type": "Microsoft.DataFactory/factories/datasets",
			"apiVersion": "2018-06-01",
			"properties": {
				"linkedServiceName": {
					"referenceName": "DIS_ADLS_G2",
					"type": "LinkedServiceReference"
				},
				"annotations": [],
				"type": "DelimitedText",
				"typeProperties": {
					"location": {
						"type": "AzureBlobFSLocation",
						"fileName": "iCIMS_Hires_03_12_2024_1300.csv_1430",
						"folderPath": "SrcFiles/HR/Decrypted",
						"fileSystem": "dev"
					},
					"columnDelimiter": ",",
					"escapeChar": "\\",
					"firstRowAsHeader": true,
					"quoteChar": "\""
				},
				"schema": []
			},
			"dependsOn": []
		},
		{
			"name": "[concat(parameters('factoryName'), '/DS_DelimitedText_Gappify_Test')]",
			"type": "Microsoft.DataFactory/factories/datasets",
			"apiVersion": "2018-06-01",
			"properties": {
				"linkedServiceName": {
					"referenceName": "DIS_ADLS_G2",
					"type": "LinkedServiceReference"
				},
				"annotations": [],
				"type": "DelimitedText",
				"typeProperties": {
					"location": {
						"type": "AzureBlobFSLocation",
						"fileName": "2024C.csv",
						"folderPath": "SrcFiles",
						"fileSystem": "gappify"
					},
					"columnDelimiter": ",",
					"escapeChar": "\\",
					"firstRowAsHeader": true,
					"quoteChar": "\""
				},
				"schema": [
					{
						"type": "String"
					},
					{
						"type": "String"
					},
					{
						"type": "String"
					},
					{
						"type": "String"
					},
					{
						"type": "String"
					},
					{
						"type": "String"
					},
					{
						"type": "String"
					},
					{
						"type": "String"
					},
					{
						"type": "String"
					},
					{
						"type": "String"
					}
				]
			},
			"dependsOn": []
		},
		{
			"name": "[concat(parameters('factoryName'), '/DS_DummyFile')]",
			"type": "Microsoft.DataFactory/factories/datasets",
			"apiVersion": "2018-06-01",
			"properties": {
				"linkedServiceName": {
					"referenceName": "DIS_ADLS_G2",
					"type": "LinkedServiceReference"
				},
				"folder": {
					"name": "EVERY_15_MIN"
				},
				"annotations": [],
				"type": "DelimitedText",
				"typeProperties": {
					"location": {
						"type": "AzureBlobFSLocation",
						"fileName": "DummyFile.csv",
						"folderPath": "Clinical Protocol",
						"fileSystem": "srcfiles"
					},
					"columnDelimiter": ",",
					"escapeChar": "\\",
					"firstRowAsHeader": true,
					"quoteChar": "\""
				},
				"schema": [
					{
						"name": "ID",
						"type": "String"
					}
				]
			},
			"dependsOn": []
		},
		{
			"name": "[concat(parameters('factoryName'), '/DS_GAPPIFY_ARIBA_INVOICE_DELTA')]",
			"type": "Microsoft.DataFactory/factories/datasets",
			"apiVersion": "2018-06-01",
			"properties": {
				"linkedServiceName": {
					"referenceName": "DIS_ADLS_G2",
					"type": "LinkedServiceReference"
				},
				"parameters": {
					"FileName": {
						"type": "string"
					}
				},
				"folder": {
					"name": "Gappify"
				},
				"annotations": [],
				"type": "DelimitedText",
				"typeProperties": {
					"location": {
						"type": "AzureBlobFSLocation",
						"fileName": {
							"value": "@concat(dataset().FileName,formatDateTime(convertFromUtc(utcnow(),'Eastern Standard Time'),'yyyy-MM-ddTHHmmss'),'.csv')",
							"type": "Expression"
						},
						"folderPath": "TgtFiles",
						"fileSystem": "gappify"
					},
					"columnDelimiter": ",",
					"escapeChar": "\\",
					"firstRowAsHeader": true,
					"quoteChar": "\""
				},
				"schema": []
			},
			"dependsOn": []
		},
		{
			"name": "[concat(parameters('factoryName'), '/DS_HEALTHCAREPROFESSIONAL')]",
			"type": "Microsoft.DataFactory/factories/datasets",
			"apiVersion": "2018-06-01",
			"properties": {
				"linkedServiceName": {
					"referenceName": "DIS_ADLS_G2",
					"type": "LinkedServiceReference"
				},
				"parameters": {
					"Filename": {
						"type": "string"
					}
				},
				"folder": {
					"name": "MediSpend"
				},
				"annotations": [],
				"type": "DelimitedText",
				"typeProperties": {
					"location": {
						"type": "AzureBlobFSLocation",
						"fileName": {
							"value": "@dataset().Filename",
							"type": "Expression"
						},
						"folderPath": "TgtFiles_MEDI_CONCUR/Global_VEEVA/SAP_Ariba",
						"fileSystem": "tgtfiles"
					},
					"columnDelimiter": ",",
					"encodingName": "WINDOWS-1252",
					"escapeChar": "\\",
					"firstRowAsHeader": true,
					"quoteChar": "\""
				},
				"schema": []
			},
			"dependsOn": []
		},
		{
			"name": "[concat(parameters('factoryName'), '/DS_MEDISPEND_CR_HCP_HCO')]",
			"type": "Microsoft.DataFactory/factories/datasets",
			"apiVersion": "2018-06-01",
			"properties": {
				"linkedServiceName": {
					"referenceName": "DIS_ADLS_G2",
					"type": "LinkedServiceReference"
				},
				"parameters": {
					"Filename": {
						"type": "string"
					}
				},
				"folder": {
					"name": "MediSpend"
				},
				"annotations": [],
				"type": "DelimitedText",
				"typeProperties": {
					"location": {
						"type": "AzureBlobFSLocation",
						"fileName": {
							"value": "@dataset().Filename",
							"type": "Expression"
						},
						"folderPath": "TgtFiles_MEDI_CONCUR/Global_VEEVA/Decrypted",
						"fileSystem": "tgtfiles"
					},
					"columnDelimiter": "|",
					"encodingName": "WINDOWS-1252",
					"escapeChar": "\\",
					"firstRowAsHeader": true,
					"quoteChar": ""
				},
				"schema": []
			},
			"dependsOn": []
		},
		{
			"name": "[concat(parameters('factoryName'), '/DS_NLSCUSTOMIZETEXT')]",
			"type": "Microsoft.DataFactory/factories/datasets",
			"apiVersion": "2018-06-01",
			"properties": {
				"linkedServiceName": {
					"referenceName": "DIS_ADLS_G2",
					"type": "LinkedServiceReference"
				},
				"annotations": [],
				"type": "DelimitedText",
				"typeProperties": {
					"location": {
						"type": "AzureBlobFSLocation",
						"fileName": "NLSCUSTOMIZETEXT.csv",
						"folderPath": "MES",
						"fileSystem": "srcfiles"
					},
					"columnDelimiter": ",",
					"escapeChar": "\\",
					"firstRowAsHeader": true,
					"quoteChar": "\""
				},
				"schema": []
			},
			"dependsOn": []
		},
		{
			"name": "[concat(parameters('factoryName'), '/DS_PO_DELTA')]",
			"type": "Microsoft.DataFactory/factories/datasets",
			"apiVersion": "2018-06-01",
			"properties": {
				"linkedServiceName": {
					"referenceName": "DIS_ADLS_G2",
					"type": "LinkedServiceReference"
				},
				"parameters": {
					"FileName": {
						"type": "string"
					}
				},
				"folder": {
					"name": "Gappify"
				},
				"annotations": [],
				"type": "DelimitedText",
				"typeProperties": {
					"location": {
						"type": "AzureBlobFSLocation",
						"fileName": {
							"value": "@concat(dataset().FileName,formatDateTime(convertFromUtc(utcnow(),'Eastern Standard Time'),'yyyy-MM-ddTHHmmss'),'.csv')",
							"type": "Expression"
						},
						"folderPath": "TgtFiles",
						"fileSystem": "gappify"
					},
					"columnDelimiter": ",",
					"escapeChar": "\\",
					"firstRowAsHeader": true,
					"quoteChar": "\""
				},
				"schema": [
					{
						"name": "g_source_system_id",
						"type": "String"
					},
					{
						"name": "g_vendor_id",
						"type": "String"
					},
					{
						"name": "g_name",
						"type": "String"
					},
					{
						"name": "g_invoice_number",
						"type": "String"
					},
					{
						"name": "g_po_id",
						"type": "String"
					},
					{
						"name": "g_invoice_date",
						"type": "String"
					},
					{
						"name": "g_invoice_memo",
						"type": "String"
					},
					{
						"name": "g_status",
						"type": "String"
					},
					{
						"name": "g_currency",
						"type": "String"
					},
					{
						"name": "g_currency_id",
						"type": "String"
					},
					{
						"name": "g_invoice_amount",
						"type": "String"
					},
					{
						"name": "g_invoice_type",
						"type": "String"
					}
				]
			},
			"dependsOn": []
		},
		{
			"name": "[concat(parameters('factoryName'), '/DS_S4HANA_FILE')]",
			"type": "Microsoft.DataFactory/factories/datasets",
			"apiVersion": "2018-06-01",
			"properties": {
				"linkedServiceName": {
					"referenceName": "DIS_ADLS_G2",
					"type": "LinkedServiceReference"
				},
				"folder": {
					"name": "Gappify"
				},
				"annotations": [],
				"type": "DelimitedText",
				"typeProperties": {
					"location": {
						"type": "AzureBlobFSLocation",
						"folderPath": "SrcFiles",
						"fileSystem": "gappify"
					},
					"columnDelimiter": ",",
					"escapeChar": "\\",
					"firstRowAsHeader": true,
					"quoteChar": "\""
				},
				"schema": [
					{
						"name": "[INV]Supplier (ERP Supplier ID)",
						"type": "String"
					},
					{
						"name": "[INV]Supplier (ERP Supplier)",
						"type": "String"
					},
					{
						"name": "[INV] Invoice Number",
						"type": "String"
					},
					{
						"name": "[INV] Invoice ID",
						"type": "String"
					},
					{
						"name": "[PO] Order Id",
						"type": "String"
					},
					{
						"name": "[INV]Invoice Date (Date)",
						"type": "String"
					},
					{
						"name": "[INV] Reconciliation Status",
						"type": "String"
					},
					{
						"name": "[INV] Original Currency Code",
						"type": "String"
					},
					{
						"name": "[INV]Company Code (Company Code)",
						"type": "String"
					},
					{
						"name": "[INV]Invoice Date Created (Date)",
						"type": "String"
					},
					{
						"name": "sum(Amount Invoiced in Original Currency)",
						"type": "String"
					}
				]
			},
			"dependsOn": []
		},
		{
			"name": "[concat(parameters('factoryName'), '/DS_S4HANA_FILE_B')]",
			"type": "Microsoft.DataFactory/factories/datasets",
			"apiVersion": "2018-06-01",
			"properties": {
				"linkedServiceName": {
					"referenceName": "DIS_ADLS_G2",
					"type": "LinkedServiceReference"
				},
				"folder": {
					"name": "Gappify"
				},
				"annotations": [],
				"type": "Binary",
				"typeProperties": {
					"location": {
						"type": "AzureBlobFSLocation",
						"folderPath": "SrcFiles",
						"fileSystem": "gappify"
					}
				}
			},
			"dependsOn": []
		},
		{
			"name": "[concat(parameters('factoryName'), '/DS_SAP_ICS_Gen_Ledger')]",
			"type": "Microsoft.DataFactory/factories/datasets",
			"apiVersion": "2018-06-01",
			"properties": {
				"linkedServiceName": {
					"referenceName": "DIS_ADLS_G2",
					"type": "LinkedServiceReference"
				},
				"folder": {
					"name": "SAP_Integration"
				},
				"annotations": [],
				"type": "DelimitedText",
				"typeProperties": {
					"location": {
						"type": "AzureBlobFSLocation",
						"fileName": "Financials_General_Ledger_Transactions.txt",
						"folderPath": "SAP_Integration/ICS",
						"fileSystem": "srcfiles"
					},
					"columnDelimiter": "|",
					"escapeChar": "\\",
					"firstRowAsHeader": false,
					"quoteChar": "\""
				},
				"schema": [
					{
						"type": "String"
					},
					{
						"type": "String"
					},
					{
						"type": "String"
					},
					{
						"type": "String"
					},
					{
						"type": "String"
					},
					{
						"type": "String"
					},
					{
						"type": "String"
					},
					{
						"type": "String"
					},
					{
						"type": "String"
					},
					{
						"type": "String"
					},
					{
						"type": "String"
					},
					{
						"type": "String"
					},
					{
						"type": "String"
					},
					{
						"type": "String"
					},
					{
						"type": "String"
					},
					{
						"type": "String"
					},
					{
						"type": "String"
					},
					{
						"type": "String"
					},
					{
						"type": "String"
					},
					{
						"type": "String"
					},
					{
						"type": "String"
					},
					{
						"type": "String"
					},
					{
						"type": "String"
					},
					{
						"type": "String"
					},
					{
						"type": "String"
					},
					{
						"type": "String"
					},
					{
						"type": "String"
					},
					{
						"type": "String"
					},
					{
						"type": "String"
					},
					{
						"type": "String"
					},
					{
						"type": "String"
					},
					{
						"type": "String"
					},
					{
						"type": "String"
					},
					{
						"type": "String"
					},
					{
						"type": "String"
					},
					{
						"type": "String"
					},
					{
						"type": "String"
					},
					{
						"type": "String"
					},
					{
						"type": "String"
					},
					{
						"type": "String"
					}
				]
			},
			"dependsOn": []
		},
		{
			"name": "[concat(parameters('factoryName'), '/DS_SFTP')]",
			"type": "Microsoft.DataFactory/factories/datasets",
			"apiVersion": "2018-06-01",
			"properties": {
				"linkedServiceName": {
					"referenceName": "SFTP_ICIMS",
					"type": "LinkedServiceReference"
				},
				"folder": {
					"name": "HPSRM"
				},
				"annotations": [],
				"type": "DelimitedText",
				"typeProperties": {
					"location": {
						"type": "SftpLocation",
						"folderPath": "/TEST/NewHires"
					},
					"columnDelimiter": ",",
					"escapeChar": "\\",
					"firstRowAsHeader": true,
					"quoteChar": "\""
				},
				"schema": []
			},
			"dependsOn": []
		},
		{
			"name": "[concat(parameters('factoryName'), '/DS_SFTP_CP')]",
			"type": "Microsoft.DataFactory/factories/datasets",
			"apiVersion": "2018-06-01",
			"properties": {
				"linkedServiceName": {
					"referenceName": "SFTP_ICIMS",
					"type": "LinkedServiceReference"
				},
				"folder": {
					"name": "HPSRM"
				},
				"annotations": [],
				"type": "DelimitedText",
				"typeProperties": {
					"location": {
						"type": "SftpLocation",
						"fileName": "iCIMS_Hires_03_12_2024_1200.csv_1330.pgp",
						"folderPath": "/TEST/NewHires"
					},
					"columnDelimiter": ",",
					"escapeChar": "\\",
					"firstRowAsHeader": true,
					"quoteChar": "\""
				},
				"schema": [
					{
						"name": "-----BEGIN PGP MESSAGE-----",
						"type": "String"
					}
				]
			},
			"dependsOn": []
		},
		{
			"name": "[concat(parameters('factoryName'), '/DS_SFTP_LATEST')]",
			"type": "Microsoft.DataFactory/factories/datasets",
			"apiVersion": "2018-06-01",
			"properties": {
				"linkedServiceName": {
					"referenceName": "SFTP_ICIMS",
					"type": "LinkedServiceReference"
				},
				"parameters": {
					"L_filename": {
						"type": "string"
					}
				},
				"folder": {
					"name": "HPSRM"
				},
				"annotations": [],
				"type": "DelimitedText",
				"typeProperties": {
					"location": {
						"type": "SftpLocation",
						"fileName": {
							"value": "@dataset().L_filename",
							"type": "Expression"
						},
						"folderPath": "/TEST/NewHires"
					},
					"columnDelimiter": ",",
					"escapeChar": "\\",
					"firstRowAsHeader": true,
					"quoteChar": "\""
				},
				"schema": []
			},
			"dependsOn": []
		},
		{
			"name": "[concat(parameters('factoryName'), '/DS_SNK_ARC')]",
			"type": "Microsoft.DataFactory/factories/datasets",
			"apiVersion": "2018-06-01",
			"properties": {
				"linkedServiceName": {
					"referenceName": "DIS_ADLS_G2",
					"type": "LinkedServiceReference"
				},
				"annotations": [],
				"type": "DelimitedText",
				"typeProperties": {
					"location": {
						"type": "AzureBlobFSLocation",
						"folderPath": "Archive",
						"fileSystem": "dev"
					},
					"columnDelimiter": ",",
					"escapeChar": "\\",
					"firstRowAsHeader": true,
					"quoteChar": "\""
				},
				"schema": []
			},
			"dependsOn": []
		},
		{
			"name": "[concat(parameters('factoryName'), '/DS_SOURCE_FILE_CHECK')]",
			"type": "Microsoft.DataFactory/factories/datasets",
			"apiVersion": "2018-06-01",
			"properties": {
				"linkedServiceName": {
					"referenceName": "DIS_ADLS_G2",
					"type": "LinkedServiceReference"
				},
				"parameters": {
					"FilePath": {
						"type": "string"
					},
					"Filename": {
						"type": "string"
					}
				},
				"folder": {
					"name": "MediSpend"
				},
				"annotations": [],
				"type": "DelimitedText",
				"typeProperties": {
					"location": {
						"type": "AzureBlobFSLocation",
						"fileName": {
							"value": "@dataset().Filename",
							"type": "Expression"
						},
						"folderPath": {
							"value": "@dataset().FilePath",
							"type": "Expression"
						},
						"fileSystem": "srcfiles"
					},
					"columnDelimiter": ",",
					"escapeChar": "\\",
					"firstRowAsHeader": true,
					"quoteChar": "\""
				},
				"schema": []
			},
			"dependsOn": []
		},
		{
			"name": "[concat(parameters('factoryName'), '/DS_SOURCE_SAP_FILE_CHECK')]",
			"type": "Microsoft.DataFactory/factories/datasets",
			"apiVersion": "2018-06-01",
			"properties": {
				"linkedServiceName": {
					"referenceName": "DIS_ADLS_G2",
					"type": "LinkedServiceReference"
				},
				"parameters": {
					"FilePath": {
						"type": "string"
					},
					"Filename": {
						"type": "string"
					}
				},
				"folder": {
					"name": "SAP_Integration"
				},
				"annotations": [],
				"type": "DelimitedText",
				"typeProperties": {
					"location": {
						"type": "AzureBlobFSLocation",
						"fileName": {
							"value": "@dataset().Filename",
							"type": "Expression"
						},
						"folderPath": {
							"value": "@dataset().FilePath",
							"type": "Expression"
						},
						"fileSystem": "srcfiles"
					},
					"columnDelimiter": "|",
					"escapeChar": "\\",
					"firstRowAsHeader": false,
					"quoteChar": "\""
				},
				"schema": []
			},
			"dependsOn": []
		}
	]
}