{
	"$schema": "http://schema.management.azure.com/schemas/2015-01-01/deploymentTemplate.json#",
	"contentVersion": "1.0.0.0",
	"parameters": {
		"factoryName": {
			"type": "string",
			"metadata": "Data Factory name",
			"defaultValue": "Dfact-DataIntegrationServices"
		}
	},
	"variables": {
		"factoryId": "[concat('Microsoft.DataFactory/factories/', parameters('factoryName'))]"
	},
	"resources": [
		{
			"name": "[concat(parameters('factoryName'), '/DS_CDW_CONCUR_PRODUCT_COMPOUND')]",
			"type": "Microsoft.DataFactory/factories/datasets",
			"apiVersion": "2018-06-01",
			"properties": {
				"linkedServiceName": {
					"referenceName": "DIS_ADLS_G2",
					"type": "LinkedServiceReference"
				},
				"parameters": {
					"Filename": {
						"type": "string"
					}
				},
				"folder": {
					"name": "MediSpend"
				},
				"annotations": [],
				"type": "DelimitedText",
				"typeProperties": {
					"location": {
						"type": "AzureBlobFSLocation",
						"fileName": {
							"value": "@concat(dataset().FileName,formatDateTime(convertFromUtc(utcnow(),'Eastern Standard Time'),'yyyyMMdd'),'.txt')",
							"type": "Expression"
						},
						"folderPath": "TgtFiles_MEDI_CONCUR/Concur_Product_Compound/Decrypted",
						"fileSystem": "tgtfiles"
					},
					"columnDelimiter": ",",
					"encodingName": "UTF-8",
					"escapeChar": "\\",
					"firstRowAsHeader": false,
					"quoteChar": "\""
				},
				"schema": []
			},
			"dependsOn": []
		},
		{
			"name": "[concat(parameters('factoryName'), '/DS_D_Date')]",
			"type": "Microsoft.DataFactory/factories/datasets",
			"apiVersion": "2018-06-01",
			"properties": {
				"linkedServiceName": {
					"referenceName": "Global_DB_Connection",
					"type": "LinkedServiceReference"
				},
				"annotations": [],
				"type": "AzureSqlTable",
				"schema": [
					{
						"name": "DATE_KEY",
						"type": "datetime",
						"precision": 23,
						"scale": 3
					},
					{
						"name": "DATE_INT",
						"type": "int",
						"precision": 10
					},
					{
						"name": "DAY_OF_WEEK",
						"type": "nvarchar"
					},
					{
						"name": "DAY_OF_WEEK_NAME",
						"type": "nvarchar"
					},
					{
						"name": "WEEK_OF_YEAR",
						"type": "nvarchar"
					},
					{
						"name": "MONTH_OF_YEAR",
						"type": "nvarchar"
					},
					{
						"name": "MONTH_NAME",
						"type": "nvarchar"
					},
					{
						"name": "MONTH_YEAR",
						"type": "char"
					},
					{
						"name": "YEAR",
						"type": "nvarchar"
					},
					{
						"name": "QUARTER_OF_YEAR",
						"type": "char"
					},
					{
						"name": "QUARTER_YEAR",
						"type": "char"
					},
					{
						"name": "CURRENT_MTH_IND",
						"type": "char"
					},
					{
						"name": "CURRENT_QR_IND",
						"type": "char"
					},
					{
						"name": "CURRENT_YR_IND",
						"type": "char"
					},
					{
						"name": "MTD_IND",
						"type": "char"
					},
					{
						"name": "PMTD_IND",
						"type": "char"
					},
					{
						"name": "YTD_IND",
						"type": "char"
					},
					{
						"name": "PYTD_IND",
						"type": "char"
					},
					{
						"name": "QTD_IND",
						"type": "char"
					},
					{
						"name": "PQTD_IND",
						"type": "char"
					},
					{
						"name": "ROLLING_12_MONTHS_IND",
						"type": "char"
					},
					{
						"name": "ROLLING_90_DAYS_IND",
						"type": "char"
					},
					{
						"name": "NBR_WEEK_DAYS",
						"type": "int",
						"precision": 10
					},
					{
						"name": "WEEKDAYS",
						"type": "int",
						"precision": 10
					},
					{
						"name": "prev_rolling_90_days_ind",
						"type": "char"
					},
					{
						"name": "CREATED_DT",
						"type": "datetime",
						"precision": 23,
						"scale": 3
					},
					{
						"name": "CREATED_BY",
						"type": "nvarchar"
					},
					{
						"name": "MODIFIED_DT",
						"type": "datetime",
						"precision": 23,
						"scale": 3
					},
					{
						"name": "MODIFIED_BY",
						"type": "nvarchar"
					},
					{
						"name": "ETL_ID",
						"type": "nvarchar"
					},
					{
						"name": "WKTD_IND",
						"type": "varchar"
					},
					{
						"name": "4WK_IND",
						"type": "varchar"
					}
				],
				"typeProperties": {
					"schema": "dbo",
					"table": "D_Date"
				}
			},
			"dependsOn": []
		},
		{
			"name": "[concat(parameters('factoryName'), '/DS_HEALTHCAREPROFESSIONAL')]",
			"type": "Microsoft.DataFactory/factories/datasets",
			"apiVersion": "2018-06-01",
			"properties": {
				"linkedServiceName": {
					"referenceName": "DIS_ADLS_G2",
					"type": "LinkedServiceReference"
				},
				"parameters": {
					"Filename": {
						"type": "string"
					}
				},
				"folder": {
					"name": "MediSpend"
				},
				"annotations": [],
				"type": "DelimitedText",
				"typeProperties": {
					"location": {
						"type": "AzureBlobFSLocation",
						"fileName": {
							"value": "@dataset().Filename",
							"type": "Expression"
						},
						"folderPath": "TgtFiles_MEDI_CONCUR/Global_VEEVA/SAP_Ariba",
						"fileSystem": "tgtfiles"
					},
					"columnDelimiter": ",",
					"encodingName": "WINDOWS-1252",
					"escapeChar": "\\",
					"firstRowAsHeader": true,
					"quoteChar": "\""
				},
				"schema": []
			},
			"dependsOn": []
		},
		{
			"name": "[concat(parameters('factoryName'), '/DS_INMR_INVOICE_XML')]",
			"type": "Microsoft.DataFactory/factories/datasets",
			"apiVersion": "2018-06-01",
			"properties": {
				"linkedServiceName": {
					"referenceName": "DIS_ADLS_G2",
					"type": "LinkedServiceReference"
				},
				"parameters": {
					"filename": {
						"type": "string"
					}
				},
				"folder": {
					"name": "SAP_Integration"
				},
				"annotations": [],
				"type": "DelimitedText",
				"typeProperties": {
					"location": {
						"type": "AzureBlobFSLocation",
						"fileName": {
							"value": "@dataset().filename",
							"type": "Expression"
						},
						"folderPath": "SAP_Integration/Innomar/Xml",
						"fileSystem": "srcfiles"
					},
					"columnDelimiter": ",",
					"escapeChar": "\\",
					"firstRowAsHeader": false,
					"quoteChar": ""
				},
				"schema": []
			},
			"dependsOn": []
		},
		{
			"name": "[concat(parameters('factoryName'), '/DS_INMR_INVOICE_XML_READ')]",
			"type": "Microsoft.DataFactory/factories/datasets",
			"apiVersion": "2018-06-01",
			"properties": {
				"linkedServiceName": {
					"referenceName": "DIS_ADLS_G2",
					"type": "LinkedServiceReference"
				},
				"parameters": {
					"filename": {
						"type": "string"
					}
				},
				"folder": {
					"name": "SAP_Integration"
				},
				"annotations": [],
				"type": "Xml",
				"typeProperties": {
					"location": {
						"type": "AzureBlobFSLocation",
						"fileName": {
							"value": "@dataset().filename",
							"type": "Expression"
						},
						"folderPath": "SAP_Integration/Innomar/Xml",
						"fileSystem": "srcfiles"
					}
				}
			},
			"dependsOn": []
		},
		{
			"name": "[concat(parameters('factoryName'), '/DS_MEDISPEND_CR_HCP_HCO')]",
			"type": "Microsoft.DataFactory/factories/datasets",
			"apiVersion": "2018-06-01",
			"properties": {
				"linkedServiceName": {
					"referenceName": "DIS_ADLS_G2",
					"type": "LinkedServiceReference"
				},
				"parameters": {
					"Filename": {
						"type": "string"
					}
				},
				"folder": {
					"name": "MediSpend"
				},
				"annotations": [],
				"type": "DelimitedText",
				"typeProperties": {
					"location": {
						"type": "AzureBlobFSLocation",
						"fileName": {
							"value": "@dataset().Filename",
							"type": "Expression"
						},
						"folderPath": "TgtFiles_MEDI_CONCUR/Global_VEEVA/Decrypted",
						"fileSystem": "tgtfiles"
					},
					"columnDelimiter": "|",
					"encodingName": "WINDOWS-1252",
					"escapeChar": "\\",
					"firstRowAsHeader": true,
					"quoteChar": ""
				},
				"schema": []
			},
			"dependsOn": []
		},
		{
			"name": "[concat(parameters('factoryName'), '/DS_Onetrust_Process_Activity_sink')]",
			"type": "Microsoft.DataFactory/factories/datasets",
			"apiVersion": "2018-06-01",
			"properties": {
				"linkedServiceName": {
					"referenceName": "DIS_ADLS_G2",
					"type": "LinkedServiceReference"
				},
				"annotations": [],
				"type": "Json",
				"typeProperties": {
					"location": {
						"type": "AzureBlobFSLocation",
						"fileName": "processing_activities.json",
						"folderPath": "dev",
						"fileSystem": "onetrust"
					}
				},
				"schema": {}
			},
			"dependsOn": []
		},
		{
			"name": "[concat(parameters('factoryName'), '/DS_Onetrust_vendor_sink1')]",
			"type": "Microsoft.DataFactory/factories/datasets",
			"apiVersion": "2018-06-01",
			"properties": {
				"linkedServiceName": {
					"referenceName": "DIS_ADLS_G2",
					"type": "LinkedServiceReference"
				},
				"annotations": [],
				"type": "Binary",
				"typeProperties": {
					"location": {
						"type": "AzureBlobFSLocation",
						"fileName": "vendor.json",
						"fileSystem": "onetrust"
					}
				}
			},
			"dependsOn": []
		},
		{
			"name": "[concat(parameters('factoryName'), '/DS_SFTP_VEEVA_TO_ARIBA')]",
			"type": "Microsoft.DataFactory/factories/datasets",
			"apiVersion": "2018-06-01",
			"properties": {
				"linkedServiceName": {
					"referenceName": "DIS_ADLS_G2",
					"type": "LinkedServiceReference"
				},
				"folder": {
					"name": "MediSpend"
				},
				"annotations": [],
				"type": "DelimitedText",
				"typeProperties": {
					"location": {
						"type": "AzureBlobFSLocation",
						"fileSystem": "srcfiles"
					},
					"columnDelimiter": ",",
					"escapeChar": "\\",
					"firstRowAsHeader": true,
					"quoteChar": "\""
				},
				"schema": []
			},
			"dependsOn": []
		},
		{
			"name": "[concat(parameters('factoryName'), '/DS_SOURCE_FILE_CHECK')]",
			"type": "Microsoft.DataFactory/factories/datasets",
			"apiVersion": "2018-06-01",
			"properties": {
				"linkedServiceName": {
					"referenceName": "DIS_ADLS_G2",
					"type": "LinkedServiceReference"
				},
				"parameters": {
					"FilePath": {
						"type": "string"
					},
					"Filename": {
						"type": "string"
					}
				},
				"folder": {
					"name": "MediSpend"
				},
				"annotations": [],
				"type": "DelimitedText",
				"typeProperties": {
					"location": {
						"type": "AzureBlobFSLocation",
						"fileName": {
							"value": "@dataset().Filename",
							"type": "Expression"
						},
						"folderPath": {
							"value": "@dataset().FilePath",
							"type": "Expression"
						},
						"fileSystem": "srcfiles"
					},
					"columnDelimiter": ",",
					"escapeChar": "\\",
					"firstRowAsHeader": true,
					"quoteChar": "\""
				},
				"schema": []
			},
			"dependsOn": []
		},
		{
			"name": "[concat(parameters('factoryName'), '/DS_SOURCE_SAP_FILE_CHECK')]",
			"type": "Microsoft.DataFactory/factories/datasets",
			"apiVersion": "2018-06-01",
			"properties": {
				"linkedServiceName": {
					"referenceName": "DIS_ADLS_G2",
					"type": "LinkedServiceReference"
				},
				"parameters": {
					"FilePath": {
						"type": "string"
					},
					"Filename": {
						"type": "string"
					}
				},
				"folder": {
					"name": "SAP_Integration"
				},
				"annotations": [],
				"type": "DelimitedText",
				"typeProperties": {
					"location": {
						"type": "AzureBlobFSLocation",
						"fileName": {
							"value": "@dataset().Filename",
							"type": "Expression"
						},
						"folderPath": {
							"value": "@dataset().FilePath",
							"type": "Expression"
						},
						"fileSystem": "srcfiles"
					},
					"columnDelimiter": "|",
					"escapeChar": "\\",
					"firstRowAsHeader": false,
					"quoteChar": "\""
				},
				"schema": []
			},
			"dependsOn": []
		},
		{
			"name": "[concat(parameters('factoryName'), '/DS_SRC_CDW_MEDI_PRODUCT_COMPOUND')]",
			"type": "Microsoft.DataFactory/factories/datasets",
			"apiVersion": "2018-06-01",
			"properties": {
				"linkedServiceName": {
					"referenceName": "DIS_ADLS_G2",
					"type": "LinkedServiceReference"
				},
				"annotations": [],
				"type": "DelimitedText",
				"typeProperties": {
					"location": {
						"type": "AzureBlobFSLocation",
						"folderPath": "Medispend_Concur/DAILY_INBOUND",
						"fileSystem": "srcfiles"
					},
					"columnDelimiter": "|",
					"escapeChar": "\\",
					"firstRowAsHeader": true,
					"quoteChar": "\""
				},
				"schema": [
					{
						"name": "ProductName|ProductIdentifier|ProductNDC|ProductAlternateName|FieldtoUseforReporting|ProductCoveredType|ProductTherapeuticArea|ProductDescription|ProductType|ProductCategory1|ProductCategory2|ProductCategory3|ProductCategory4|ProductCategory5|ProductDosage1|ProductDosage2|ProductDosage3|UnitsPerSample1|UnitsPerSample2|UnitsPerSample3|ProductOrganizationGroup1|GroupPropagate1|ProductOrganizationGroup2|GroupPropagate2|ProductOrganizationGroup3|GroupPropagate3",
						"type": "String"
					}
				]
			},
			"dependsOn": []
		},
		{
			"name": "[concat(parameters('factoryName'), '/DS_Src_INMR_CUSTOMER_MASTER')]",
			"type": "Microsoft.DataFactory/factories/datasets",
			"apiVersion": "2018-06-01",
			"properties": {
				"linkedServiceName": {
					"referenceName": "DIS_ADLS_G2",
					"type": "LinkedServiceReference"
				},
				"parameters": {
					"FilePath": {
						"type": "string"
					},
					"Filename": {
						"type": "string"
					}
				},
				"folder": {
					"name": "SAP_Integration"
				},
				"annotations": [],
				"type": "DelimitedText",
				"typeProperties": {
					"location": {
						"type": "AzureBlobFSLocation",
						"fileName": {
							"value": "@dataset().Filename",
							"type": "Expression"
						},
						"folderPath": {
							"value": "@dataset().FilePath",
							"type": "Expression"
						},
						"fileSystem": "srcfiles"
					},
					"columnDelimiter": "|",
					"escapeChar": "\\",
					"firstRowAsHeader": false,
					"quoteChar": "\""
				},
				"schema": []
			},
			"dependsOn": []
		},
		{
			"name": "[concat(parameters('factoryName'), '/DS_Src_INMR_FIN_AR_TRANS')]",
			"type": "Microsoft.DataFactory/factories/datasets",
			"apiVersion": "2018-06-01",
			"properties": {
				"linkedServiceName": {
					"referenceName": "DIS_ADLS_G2",
					"type": "LinkedServiceReference"
				},
				"parameters": {
					"FilePath": {
						"type": "string"
					},
					"Filename": {
						"type": "string"
					}
				},
				"folder": {
					"name": "SAP_Integration"
				},
				"annotations": [],
				"type": "DelimitedText",
				"typeProperties": {
					"location": {
						"type": "AzureBlobFSLocation",
						"fileName": {
							"value": "@dataset().Filename",
							"type": "Expression"
						},
						"folderPath": {
							"value": "@dataset().FilePath",
							"type": "Expression"
						},
						"fileSystem": "srcfiles"
					},
					"columnDelimiter": "|",
					"escapeChar": "\\",
					"firstRowAsHeader": false,
					"quoteChar": "\""
				},
				"schema": []
			},
			"dependsOn": []
		},
		{
			"name": "[concat(parameters('factoryName'), '/DS_Src_INMR_WRHS_Purchase_ORD_HDR')]",
			"type": "Microsoft.DataFactory/factories/datasets",
			"apiVersion": "2018-06-01",
			"properties": {
				"linkedServiceName": {
					"referenceName": "DIS_ADLS_G2",
					"type": "LinkedServiceReference"
				},
				"parameters": {
					"FilePath": {
						"type": "string"
					},
					"Filename": {
						"type": "string"
					}
				},
				"folder": {
					"name": "SAP_Integration"
				},
				"annotations": [],
				"type": "DelimitedText",
				"typeProperties": {
					"location": {
						"type": "AzureBlobFSLocation",
						"fileName": {
							"value": "@dataset().Filename",
							"type": "Expression"
						},
						"folderPath": {
							"value": "@dataset().FilePath",
							"type": "Expression"
						},
						"fileSystem": "srcfiles"
					},
					"columnDelimiter": "|",
					"escapeChar": "\\",
					"firstRowAsHeader": false,
					"quoteChar": "\""
				},
				"schema": []
			},
			"dependsOn": []
		},
		{
			"name": "[concat(parameters('factoryName'), '/DS_Src_INVOICE_HDR')]",
			"type": "Microsoft.DataFactory/factories/datasets",
			"apiVersion": "2018-06-01",
			"properties": {
				"linkedServiceName": {
					"referenceName": "DIS_ADLS_G2",
					"type": "LinkedServiceReference"
				},
				"parameters": {
					"FilePath": {
						"type": "string"
					},
					"Filename": {
						"type": "string"
					}
				},
				"folder": {
					"name": "SAP_Integration"
				},
				"annotations": [],
				"type": "DelimitedText",
				"typeProperties": {
					"location": {
						"type": "AzureBlobFSLocation",
						"fileName": {
							"value": "@dataset().Filename",
							"type": "Expression"
						},
						"folderPath": {
							"value": "@dataset().FilePath",
							"type": "Expression"
						},
						"fileSystem": "srcfiles"
					},
					"columnDelimiter": "|",
					"escapeChar": "\\",
					"firstRowAsHeader": false,
					"quoteChar": "\""
				},
				"schema": []
			},
			"dependsOn": []
		},
		{
			"name": "[concat(parameters('factoryName'), '/DS_Src_INVOICE_LINE')]",
			"type": "Microsoft.DataFactory/factories/datasets",
			"apiVersion": "2018-06-01",
			"properties": {
				"linkedServiceName": {
					"referenceName": "DIS_ADLS_G2",
					"type": "LinkedServiceReference"
				},
				"parameters": {
					"FilePath": {
						"type": "string"
					},
					"Filename": {
						"type": "string"
					}
				},
				"folder": {
					"name": "SAP_Integration"
				},
				"annotations": [],
				"type": "DelimitedText",
				"typeProperties": {
					"location": {
						"type": "AzureBlobFSLocation",
						"fileName": {
							"value": "@dataset().Filename",
							"type": "Expression"
						},
						"folderPath": {
							"value": "@dataset().FilePath",
							"type": "Expression"
						},
						"fileSystem": "srcfiles"
					},
					"columnDelimiter": "|",
					"escapeChar": "\\",
					"firstRowAsHeader": false,
					"quoteChar": "\""
				},
				"schema": []
			},
			"dependsOn": []
		},
		{
			"name": "[concat(parameters('factoryName'), '/DS_Src_SLS_ORD_HDR')]",
			"type": "Microsoft.DataFactory/factories/datasets",
			"apiVersion": "2018-06-01",
			"properties": {
				"linkedServiceName": {
					"referenceName": "DIS_ADLS_G2",
					"type": "LinkedServiceReference"
				},
				"parameters": {
					"FilePath": {
						"type": "string"
					},
					"Filename": {
						"type": "string"
					}
				},
				"folder": {
					"name": "SAP_Integration"
				},
				"annotations": [],
				"type": "DelimitedText",
				"typeProperties": {
					"location": {
						"type": "AzureBlobFSLocation",
						"fileName": {
							"value": "@dataset().Filename",
							"type": "Expression"
						},
						"folderPath": {
							"value": "@dataset().FilePath",
							"type": "Expression"
						},
						"fileSystem": "srcfiles"
					},
					"columnDelimiter": "|",
					"escapeChar": "\\",
					"firstRowAsHeader": false,
					"quoteChar": "\""
				},
				"schema": []
			},
			"dependsOn": []
		},
		{
			"name": "[concat(parameters('factoryName'), '/DS_Src_SLS_ORD_LINE')]",
			"type": "Microsoft.DataFactory/factories/datasets",
			"apiVersion": "2018-06-01",
			"properties": {
				"linkedServiceName": {
					"referenceName": "DIS_ADLS_G2",
					"type": "LinkedServiceReference"
				},
				"parameters": {
					"FilePath": {
						"type": "string"
					},
					"Filename": {
						"type": "string"
					}
				},
				"folder": {
					"name": "SAP_Integration"
				},
				"annotations": [],
				"type": "DelimitedText",
				"typeProperties": {
					"location": {
						"type": "AzureBlobFSLocation",
						"fileName": {
							"value": "@dataset().Filename",
							"type": "Expression"
						},
						"folderPath": {
							"value": "@dataset().FilePath",
							"type": "Expression"
						},
						"fileSystem": "srcfiles"
					},
					"columnDelimiter": "|",
					"escapeChar": "\\",
					"firstRowAsHeader": false,
					"quoteChar": "\""
				},
				"schema": []
			},
			"dependsOn": []
		},
		{
			"name": "[concat(parameters('factoryName'), '/DS_Src_Warehouse_Inventory_Transactions')]",
			"type": "Microsoft.DataFactory/factories/datasets",
			"apiVersion": "2018-06-01",
			"properties": {
				"linkedServiceName": {
					"referenceName": "DIS_ADLS_G2",
					"type": "LinkedServiceReference"
				},
				"parameters": {
					"FilePath": {
						"type": "string"
					},
					"Filename": {
						"type": "string"
					}
				},
				"folder": {
					"name": "SAP_Integration"
				},
				"annotations": [],
				"type": "DelimitedText",
				"typeProperties": {
					"location": {
						"type": "AzureBlobFSLocation",
						"fileName": {
							"value": "@dataset().Filename",
							"type": "Expression"
						},
						"folderPath": {
							"value": "@dataset().FilePath",
							"type": "Expression"
						},
						"fileSystem": "srcfiles"
					},
					"columnDelimiter": "|",
					"escapeChar": "\\",
					"firstRowAsHeader": false,
					"quoteChar": "\""
				},
				"schema": []
			},
			"dependsOn": []
		}
	]
}