{
	"$schema": "http://schema.management.azure.com/schemas/2015-01-01/deploymentTemplate.json#",
	"contentVersion": "1.0.0.0",
	"parameters": {
		"factoryName": {
			"type": "string",
			"metadata": "Data Factory name",
			"defaultValue": "Dfact-DataIntegrationServices"
		}
	},
	"variables": {
		"factoryId": "[concat('Microsoft.DataFactory/factories/', parameters('factoryName'))]"
	},
	"resources": [
		{
			"name": "[concat(parameters('factoryName'), '/DS_SRC_ARCH')]",
			"type": "Microsoft.DataFactory/factories/datasets",
			"apiVersion": "2018-06-01",
			"properties": {
				"linkedServiceName": {
					"referenceName": "DIS_ADLS_G2",
					"type": "LinkedServiceReference"
				},
				"parameters": {
					"Arc_filename": {
						"type": "string"
					}
				},
				"folder": {
					"name": "HPSRM"
				},
				"annotations": [],
				"type": "DelimitedText",
				"typeProperties": {
					"location": {
						"type": "AzureBlobFSLocation",
						"fileName": {
							"value": "@dataset().Arc_filename",
							"type": "Expression"
						},
						"folderPath": "SrcFiles/HR/Decrypted",
						"fileSystem": "dev"
					},
					"columnDelimiter": ",",
					"escapeChar": "\\",
					"firstRowAsHeader": true,
					"quoteChar": "\""
				},
				"schema": []
			},
			"dependsOn": []
		},
		{
			"name": "[concat(parameters('factoryName'), '/DS_SRC_CDW_MEDI_PRODUCT_COMPOUND')]",
			"type": "Microsoft.DataFactory/factories/datasets",
			"apiVersion": "2018-06-01",
			"properties": {
				"linkedServiceName": {
					"referenceName": "DIS_ADLS_G2",
					"type": "LinkedServiceReference"
				},
				"annotations": [],
				"type": "DelimitedText",
				"typeProperties": {
					"location": {
						"type": "AzureBlobFSLocation",
						"folderPath": "Medispend_Concur/DAILY_INBOUND",
						"fileSystem": "srcfiles"
					},
					"columnDelimiter": "|",
					"escapeChar": "\\",
					"firstRowAsHeader": true,
					"quoteChar": "\""
				},
				"schema": [
					{
						"name": "ProductName|ProductIdentifier|ProductNDC|ProductAlternateName|FieldtoUseforReporting|ProductCoveredType|ProductTherapeuticArea|ProductDescription|ProductType|ProductCategory1|ProductCategory2|ProductCategory3|ProductCategory4|ProductCategory5|ProductDosage1|ProductDosage2|ProductDosage3|UnitsPerSample1|UnitsPerSample2|UnitsPerSample3|ProductOrganizationGroup1|GroupPropagate1|ProductOrganizationGroup2|GroupPropagate2|ProductOrganizationGroup3|GroupPropagate3",
						"type": "String"
					}
				]
			},
			"dependsOn": []
		},
		{
			"name": "[concat(parameters('factoryName'), '/DS_SRC_DLT')]",
			"type": "Microsoft.DataFactory/factories/datasets",
			"apiVersion": "2018-06-01",
			"properties": {
				"linkedServiceName": {
					"referenceName": "DIS_ADLS_G2",
					"type": "LinkedServiceReference"
				},
				"folder": {
					"name": "HPSRM"
				},
				"annotations": [],
				"type": "Binary",
				"typeProperties": {
					"location": {
						"type": "AzureBlobFSLocation",
						"folderPath": "SrcFiles/HR/Decrypted",
						"fileSystem": "dev"
					}
				}
			},
			"dependsOn": []
		},
		{
			"name": "[concat(parameters('factoryName'), '/DS_Src_INVOICE_HDR')]",
			"type": "Microsoft.DataFactory/factories/datasets",
			"apiVersion": "2018-06-01",
			"properties": {
				"linkedServiceName": {
					"referenceName": "DIS_ADLS_G2",
					"type": "LinkedServiceReference"
				},
				"parameters": {
					"FilePath": {
						"type": "string"
					},
					"Filename": {
						"type": "string"
					}
				},
				"folder": {
					"name": "SAP_Integration"
				},
				"annotations": [],
				"type": "DelimitedText",
				"typeProperties": {
					"location": {
						"type": "AzureBlobFSLocation",
						"fileName": {
							"value": "@dataset().Filename",
							"type": "Expression"
						},
						"folderPath": {
							"value": "@dataset().FilePath",
							"type": "Expression"
						},
						"fileSystem": "srcfiles"
					},
					"columnDelimiter": "|",
					"escapeChar": "\\",
					"firstRowAsHeader": false,
					"quoteChar": "\""
				},
				"schema": []
			},
			"dependsOn": []
		},
		{
			"name": "[concat(parameters('factoryName'), '/DS_Src_Warehouse_Inventory_Transactions')]",
			"type": "Microsoft.DataFactory/factories/datasets",
			"apiVersion": "2018-06-01",
			"properties": {
				"linkedServiceName": {
					"referenceName": "DIS_ADLS_G2",
					"type": "LinkedServiceReference"
				},
				"parameters": {
					"FilePath": {
						"type": "string"
					},
					"Filename": {
						"type": "string"
					}
				},
				"folder": {
					"name": "SAP_Integration"
				},
				"annotations": [],
				"type": "DelimitedText",
				"typeProperties": {
					"location": {
						"type": "AzureBlobFSLocation",
						"fileName": {
							"value": "@dataset().Filename",
							"type": "Expression"
						},
						"folderPath": {
							"value": "@dataset().FilePath",
							"type": "Expression"
						},
						"fileSystem": "srcfiles"
					},
					"columnDelimiter": "|",
					"escapeChar": "\\",
					"firstRowAsHeader": false,
					"quoteChar": "\""
				},
				"schema": []
			},
			"dependsOn": []
		},
		{
			"name": "[concat(parameters('factoryName'), '/DS_TGT_CDMS_ZIP')]",
			"type": "Microsoft.DataFactory/factories/datasets",
			"apiVersion": "2018-06-01",
			"properties": {
				"linkedServiceName": {
					"referenceName": "DIS_ADLS_G2",
					"type": "LinkedServiceReference"
				},
				"folder": {
					"name": "POC"
				},
				"annotations": [],
				"type": "Binary",
				"typeProperties": {
					"location": {
						"type": "AzureBlobFSLocation",
						"folderPath": "Study1",
						"fileSystem": "workday-new"
					},
					"compression": {
						"type": "ZipDeflate"
					}
				}
			},
			"dependsOn": []
		},
		{
			"name": "[concat(parameters('factoryName'), '/DS_TgtFiles_Gen_Ledger')]",
			"type": "Microsoft.DataFactory/factories/datasets",
			"apiVersion": "2018-06-01",
			"properties": {
				"linkedServiceName": {
					"referenceName": "DIS_ADLS_G2",
					"type": "LinkedServiceReference"
				},
				"folder": {
					"name": "SAP_Integration"
				},
				"annotations": [],
				"type": "Binary",
				"typeProperties": {
					"location": {
						"type": "AzureBlobFSLocation",
						"fileName": "Financials_General_Ledger_Transactions.txt",
						"folderPath": "SAP_Integration",
						"fileSystem": "tgtfiles"
					}
				}
			},
			"dependsOn": []
		},
		{
			"name": "[concat(parameters('factoryName'), '/DS_Tgt_Gen_Ledger')]",
			"type": "Microsoft.DataFactory/factories/datasets",
			"apiVersion": "2018-06-01",
			"properties": {
				"linkedServiceName": {
					"referenceName": "DIS_ADLS_G2",
					"type": "LinkedServiceReference"
				},
				"folder": {
					"name": "SAP_Integration"
				},
				"annotations": [],
				"type": "DelimitedText",
				"typeProperties": {
					"location": {
						"type": "AzureBlobFSLocation",
						"fileName": "Financials_General_Ledger_Transactions.txt",
						"folderPath": "SAP_Integration",
						"fileSystem": "tgtfiles"
					},
					"columnDelimiter": ",",
					"escapeChar": "\\",
					"firstRowAsHeader": false,
					"quoteChar": "\""
				},
				"schema": []
			},
			"dependsOn": []
		},
		{
			"name": "[concat(parameters('factoryName'), '/DS_Web_Response')]",
			"type": "Microsoft.DataFactory/factories/datasets",
			"apiVersion": "2018-06-01",
			"properties": {
				"linkedServiceName": {
					"referenceName": "DIS_ADLS_G2",
					"type": "LinkedServiceReference"
				},
				"folder": {
					"name": "EVERY_15_MIN"
				},
				"annotations": [],
				"type": "DelimitedText",
				"typeProperties": {
					"location": {
						"type": "AzureBlobFSLocation",
						"fileName": {
							"value": "@concat('Response',formatDateTime(convertFromUtc(utcnow(),'Eastern Standard Time'),'yyyy-MM-ddTHHmmss'),'.txt')",
							"type": "Expression"
						},
						"folderPath": "Clinical Protocol",
						"fileSystem": "tgtfiles"
					},
					"columnDelimiter": ",",
					"escapeChar": "\\",
					"firstRowAsHeader": true,
					"quoteChar": "\""
				},
				"schema": []
			},
			"dependsOn": []
		},
		{
			"name": "[concat(parameters('factoryName'), '/DelimitedText1')]",
			"type": "Microsoft.DataFactory/factories/datasets",
			"apiVersion": "2018-06-01",
			"properties": {
				"linkedServiceName": {
					"referenceName": "DIS_ADLS_G2",
					"type": "LinkedServiceReference"
				},
				"annotations": [],
				"type": "DelimitedText",
				"typeProperties": {
					"location": {
						"type": "AzureBlobFSLocation",
						"fileSystem": "shipmentfile"
					},
					"columnDelimiter": ",",
					"escapeChar": "\\",
					"firstRowAsHeader": true,
					"quoteChar": "\""
				},
				"schema": []
			},
			"dependsOn": []
		},
		{
			"name": "[concat(parameters('factoryName'), '/DelimitedText2')]",
			"type": "Microsoft.DataFactory/factories/datasets",
			"apiVersion": "2018-06-01",
			"properties": {
				"linkedServiceName": {
					"referenceName": "DIS_ADLS_G2",
					"type": "LinkedServiceReference"
				},
				"folder": {
					"name": "SAP_Integration"
				},
				"annotations": [],
				"type": "DelimitedText",
				"typeProperties": {
					"location": {
						"type": "AzureBlobFSLocation",
						"folderPath": "SAP_Integration/Alloga",
						"fileSystem": "srcfiles"
					},
					"columnDelimiter": ";",
					"escapeChar": "\\",
					"firstRowAsHeader": true,
					"quoteChar": ""
				},
				"schema": [
					{
						"name": "\"ARIAD\"",
						"type": "String"
					},
					{
						"name": "\"ARC\"",
						"type": "String"
					},
					{
						"name": "\"CH\"2",
						"type": "String"
					},
					{
						"name": "\"2100374691\"",
						"type": "String"
					},
					{
						"name": "\"305241806\"",
						"type": "String"
					},
					{
						"name": "\"14\"5",
						"type": "String"
					},
					{
						"name": "\"14\"6",
						"type": "String"
					},
					{
						"name": "\"104628\"7",
						"type": "String"
					},
					{
						"name": "\"20240503\"8",
						"type": "String"
					},
					{
						"name": "\"7.601E+12\"9",
						"type": "String"
					},
					{
						"name": "\"104628\"10",
						"type": "String"
					},
					{
						"name": "\"Pharmacieplus de St-Légier - L\"11",
						"type": "String"
					},
					{
						"name": "\"Route des Deux-Villages 46E\"12",
						"type": "String"
					},
					{
						"name": "\"\"13",
						"type": "String"
					},
					{
						"name": "\"St-Légier-Chiésaz\"14",
						"type": "String"
					},
					{
						"name": "\"CH\"15",
						"type": "String"
					},
					{
						"name": "\"1806\"16",
						"type": "String"
					},
					{
						"name": "\"\"17",
						"type": "String"
					},
					{
						"name": "\"\"18",
						"type": "String"
					},
					{
						"name": "\"0\"19",
						"type": "String"
					},
					{
						"name": "\"2.6\"20",
						"type": "String"
					},
					{
						"name": "\"7.601E+12\"21",
						"type": "String"
					},
					{
						"name": "\"104628\"22",
						"type": "String"
					},
					{
						"name": "\"Pharmacieplus de St-Légier - L\"23",
						"type": "String"
					},
					{
						"name": "\"Route des Deux-Villages 46E\"24",
						"type": "String"
					},
					{
						"name": "\"\"25",
						"type": "String"
					},
					{
						"name": "\"St-Légier-Chiésaz\"26",
						"type": "String"
					},
					{
						"name": "\"CH\"27",
						"type": "String"
					},
					{
						"name": "\"1806\"28",
						"type": "String"
					},
					{
						"name": "\"\"29",
						"type": "String"
					},
					{
						"name": "\"\"30",
						"type": "String"
					},
					{
						"name": "\"100077776\"",
						"type": "String"
					},
					{
						"name": "\"10243\"",
						"type": "String"
					},
					{
						"name": "\"Iclusig 45 mg Tablette 30\"",
						"type": "String"
					},
					{
						"name": "\"1\"34",
						"type": "String"
					},
					{
						"name": "\"1\"35",
						"type": "String"
					},
					{
						"name": "\"CASE\"",
						"type": "String"
					},
					{
						"name": "\"1\"37",
						"type": "String"
					},
					{
						"name": "\"4854.18\"38",
						"type": "String"
					},
					{
						"name": "\"126.21\"",
						"type": "String"
					},
					{
						"name": "\"2.6\"40",
						"type": "String"
					},
					{
						"name": "\"4854.18\"41",
						"type": "String"
					},
					{
						"name": "\"20240503\"42",
						"type": "String"
					},
					{
						"name": "\"SALE\"",
						"type": "String"
					},
					{
						"name": "\"\"44",
						"type": "String"
					},
					{
						"name": "\"\"45",
						"type": "String"
					},
					{
						"name": "\"5100455466\"",
						"type": "String"
					},
					{
						"name": "\"PR102187\"",
						"type": "String"
					},
					{
						"name": "\"20260131\"",
						"type": "String"
					},
					{
						"name": "\"CHF\"",
						"type": "String"
					},
					{
						"name": "\"Pharmacies\"",
						"type": "String"
					},
					{
						"name": "\"\"51",
						"type": "String"
					},
					{
						"name": "\"\"52",
						"type": "String"
					},
					{
						"name": "\"\"53",
						"type": "String"
					},
					{
						"name": "\"\"54",
						"type": "String"
					},
					{
						"name": "\"\"55",
						"type": "String"
					},
					{
						"name": "\"1\"56",
						"type": "String"
					},
					{
						"name": "\"0\"57",
						"type": "String"
					},
					{
						"name": "\"\"58",
						"type": "String"
					},
					{
						"name": "\"\"59",
						"type": "String"
					},
					{
						"name": "\"\"60",
						"type": "String"
					},
					{
						"name": "\"\"61",
						"type": "String"
					},
					{
						"name": "\"\"62",
						"type": "String"
					},
					{
						"name": "\"\"63",
						"type": "String"
					},
					{
						"name": "\"\"64",
						"type": "String"
					},
					{
						"name": "\"\"65",
						"type": "String"
					},
					{
						"name": "\"\"66",
						"type": "String"
					},
					{
						"name": "\"\"67",
						"type": "String"
					},
					{
						"name": "\"\"68",
						"type": "String"
					},
					{
						"name": "\"\"69",
						"type": "String"
					},
					{
						"name": "\"\"70",
						"type": "String"
					},
					{
						"name": "\"\"71",
						"type": "String"
					},
					{
						"name": "\"\"72",
						"type": "String"
					},
					{
						"name": "\"\"73",
						"type": "String"
					},
					{
						"name": "\"\"74",
						"type": "String"
					},
					{
						"name": "\"\"75",
						"type": "String"
					},
					{
						"name": "\"\"76",
						"type": "String"
					},
					{
						"name": "\"\"77",
						"type": "String"
					},
					{
						"name": "\"\"78",
						"type": "String"
					},
					{
						"name": "\"\"79",
						"type": "String"
					},
					{
						"name": "\"\"80",
						"type": "String"
					},
					{
						"name": "\"\"81",
						"type": "String"
					},
					{
						"name": "\"\"82",
						"type": "String"
					},
					{
						"name": "\"\"83",
						"type": "String"
					},
					{
						"name": "\"\"84",
						"type": "String"
					},
					{
						"name": "\"\"85",
						"type": "String"
					},
					{
						"name": "\"\"86",
						"type": "String"
					},
					{
						"name": "\"\"87",
						"type": "String"
					},
					{
						"name": "\"\"88",
						"type": "String"
					},
					{
						"name": "\"\"89",
						"type": "String"
					},
					{
						"name": "\"\"90",
						"type": "String"
					},
					{
						"name": "\"\"91",
						"type": "String"
					},
					{
						"name": "\"\"92",
						"type": "String"
					},
					{
						"name": "\"\"93",
						"type": "String"
					},
					{
						"name": "\"\"94",
						"type": "String"
					},
					{
						"name": "\"\"95",
						"type": "String"
					},
					{
						"name": "\"\"96",
						"type": "String"
					},
					{
						"name": "\"\"97",
						"type": "String"
					},
					{
						"name": "\"\"98",
						"type": "String"
					},
					{
						"name": "\"\"99",
						"type": "String"
					},
					{
						"name": "\"\"100",
						"type": "String"
					},
					{
						"name": "\"\"101",
						"type": "String"
					},
					{
						"name": "\"\"102",
						"type": "String"
					},
					{
						"name": "\"\"103",
						"type": "String"
					},
					{
						"name": "\"\"104",
						"type": "String"
					},
					{
						"name": "\"\"105",
						"type": "String"
					},
					{
						"name": "\"\"106",
						"type": "String"
					},
					{
						"name": "\"\"107",
						"type": "String"
					},
					{
						"name": "\"\"108",
						"type": "String"
					},
					{
						"name": "\"\"109",
						"type": "String"
					},
					{
						"name": "\"\"110",
						"type": "String"
					}
				]
			},
			"dependsOn": []
		},
		{
			"name": "[concat(parameters('factoryName'), '/MEDI_SRCFILES_BLOB')]",
			"type": "Microsoft.DataFactory/factories/datasets",
			"apiVersion": "2018-06-01",
			"properties": {
				"description": "Incoming daily Spend and Product files from Medispend",
				"linkedServiceName": {
					"referenceName": "DIS_ADLS_G2",
					"type": "LinkedServiceReference"
				},
				"parameters": {
					"BlobPath": {
						"type": "string"
					}
				},
				"annotations": [],
				"type": "Binary",
				"typeProperties": {
					"location": {
						"type": "AzureBlobFSLocation",
						"folderPath": {
							"value": "@dataset().BlobPath",
							"type": "Expression"
						},
						"fileSystem": "srcfiles"
					}
				}
			},
			"dependsOn": []
		},
		{
			"name": "[concat(parameters('factoryName'), '/OracleRDE')]",
			"type": "Microsoft.DataFactory/factories/datasets",
			"apiVersion": "2018-06-01",
			"properties": {
				"linkedServiceName": {
					"referenceName": "DIS_ADLS_G2",
					"type": "LinkedServiceReference"
				},
				"annotations": [],
				"type": "Binary",
				"typeProperties": {
					"location": {
						"type": "AzureBlobFSLocation",
						"folderPath": "Oracle_RDE",
						"fileSystem": "srcfiles"
					}
				}
			},
			"dependsOn": []
		},
		{
			"name": "[concat(parameters('factoryName'), '/SOURCE_ARIBA_INVOICE')]",
			"type": "Microsoft.DataFactory/factories/datasets",
			"apiVersion": "2018-06-01",
			"properties": {
				"linkedServiceName": {
					"referenceName": "DIS_ADLS_G2",
					"type": "LinkedServiceReference"
				},
				"folder": {
					"name": "Gappify"
				},
				"annotations": [],
				"type": "DelimitedText",
				"typeProperties": {
					"location": {
						"type": "AzureBlobFSLocation",
						"fileName": "New Invoice Report -*.csv",
						"folderPath": "SrcFiles",
						"fileSystem": "gappify"
					},
					"columnDelimiter": ",",
					"escapeChar": "\\",
					"firstRowAsHeader": true,
					"nullValue": "''",
					"quoteChar": "\""
				},
				"schema": [
					{
						"name": "[INV]Supplier (ERP Supplier ID)",
						"type": "String"
					},
					{
						"name": "[INV]Supplier (ERP Supplier)",
						"type": "String"
					},
					{
						"name": "[INV] Invoice Number",
						"type": "String"
					},
					{
						"name": "[INV] Invoice ID",
						"type": "String"
					},
					{
						"name": "[PO] Order Id",
						"type": "String"
					},
					{
						"name": "[INV]Invoice Date (Date)",
						"type": "String"
					},
					{
						"name": "[INV] Reconciliation Status",
						"type": "String"
					},
					{
						"name": "[INV] Original Currency Code",
						"type": "String"
					},
					{
						"name": "[INV]Company Code (Company Code)",
						"type": "String"
					},
					{
						"name": "[INV]Invoice Date Created (Date)",
						"type": "String"
					},
					{
						"name": "sum(Amount Invoiced in Original Currency)",
						"type": "String"
					}
				]
			},
			"dependsOn": []
		},
		{
			"name": "[concat(parameters('factoryName'), '/SOURCE_ARIBA_PO')]",
			"type": "Microsoft.DataFactory/factories/datasets",
			"apiVersion": "2018-06-01",
			"properties": {
				"linkedServiceName": {
					"referenceName": "DIS_ADLS_G2",
					"type": "LinkedServiceReference"
				},
				"folder": {
					"name": "Gappify"
				},
				"annotations": [],
				"type": "DelimitedText",
				"typeProperties": {
					"location": {
						"type": "AzureBlobFSLocation",
						"fileName": "PO Accrual report - ALL-Gappify (5) - Copy.csv",
						"folderPath": "SrcFiles",
						"fileSystem": "gappify"
					},
					"columnDelimiter": ",",
					"escapeChar": "\\",
					"firstRowAsHeader": true,
					"quoteChar": "\""
				},
				"schema": [
					{
						"name": "[PO]Supplier (ERP Supplier ID)",
						"type": "String"
					},
					{
						"name": "[PO]Supplier (ERP Supplier)",
						"type": "String"
					},
					{
						"name": "[REQ] PO Id",
						"type": "String"
					},
					{
						"name": "[PO] Order Id",
						"type": "String"
					},
					{
						"name": "[REQ] Item Category",
						"type": "String"
					},
					{
						"name": "[PO] PO Line Number",
						"type": "String"
					},
					{
						"name": "[PO] Description",
						"type": "String"
					},
					{
						"name": "[PO] Closed Order Status",
						"type": "String"
					},
					{
						"name": "[REQ]Requester (User ID)",
						"type": "String"
					},
					{
						"name": "[REQ]Service Start Date (Date)",
						"type": "String"
					},
					{
						"name": "[REQ]Service End Date (Date)",
						"type": "String"
					},
					{
						"name": "[PO] Original Currency Code",
						"type": "String"
					},
					{
						"name": "[PO]Purchasing Unit (Purchasing Unit)",
						"type": "String"
					},
					{
						"name": "[PO]Company Code (Company Code)",
						"type": "String"
					},
					{
						"name": "[PO]GL Account (GL Account Name)",
						"type": "String"
					},
					{
						"name": "[PO]GL Account (GL Account Id)",
						"type": "String"
					},
					{
						"name": "[PO]Cost Center (Cost Center)",
						"type": "String"
					},
					{
						"name": "[PO]Cost Center (Cost center ID)",
						"type": "String"
					},
					{
						"name": "[PO]WBSElement (WBSElement)",
						"type": "String"
					},
					{
						"name": "[PO]WBSElement (WBSElement Id)",
						"type": "String"
					},
					{
						"name": "sum(PO Spend in Original Currency)",
						"type": "String"
					},
					{
						"name": "sum(Amount Invoiced in Original Currency)",
						"type": "String"
					},
					{
						"name": "sum(Amount Left to Invoice Total)",
						"type": "String"
					}
				]
			},
			"dependsOn": []
		},
		{
			"name": "[concat(parameters('factoryName'), '/SOURCE_FILE_CHECK')]",
			"type": "Microsoft.DataFactory/factories/datasets",
			"apiVersion": "2018-06-01",
			"properties": {
				"linkedServiceName": {
					"referenceName": "DIS_ADLS_G2",
					"type": "LinkedServiceReference"
				},
				"parameters": {
					"FilePath": {
						"type": "string"
					},
					"Filename": {
						"type": "string"
					}
				},
				"folder": {
					"name": "Gappify"
				},
				"annotations": [],
				"type": "DelimitedText",
				"typeProperties": {
					"location": {
						"type": "AzureBlobFSLocation",
						"fileName": {
							"value": "@dataset().Filename",
							"type": "Expression"
						},
						"folderPath": {
							"value": "@dataset().FilePath",
							"type": "Expression"
						},
						"fileSystem": "gappify"
					},
					"columnDelimiter": ",",
					"escapeChar": "\\",
					"firstRowAsHeader": true,
					"quoteChar": "\""
				},
				"schema": []
			},
			"dependsOn": []
		},
		{
			"name": "[concat(parameters('factoryName'), '/SOURCE_GAPPIFY_COA')]",
			"type": "Microsoft.DataFactory/factories/datasets",
			"apiVersion": "2018-06-01",
			"properties": {
				"linkedServiceName": {
					"referenceName": "DIS_ADLS_G2",
					"type": "LinkedServiceReference"
				},
				"folder": {
					"name": "Gappify"
				},
				"annotations": [],
				"type": "DelimitedText",
				"typeProperties": {
					"location": {
						"type": "AzureBlobFSLocation",
						"fileName": "DS1_COA_*.csv",
						"folderPath": "SrcFiles",
						"fileSystem": "gappify"
					},
					"columnDelimiter": ",",
					"escapeChar": "\\",
					"firstRowAsHeader": true,
					"quoteChar": "\""
				},
				"schema": [
					{
						"name": "g_source_system_id",
						"type": "String"
					},
					{
						"name": "g_coa_type",
						"type": "String"
					},
					{
						"name": "g_unique_key",
						"type": "String"
					},
					{
						"name": "g_name",
						"type": "String"
					},
					{
						"name": "g_currency",
						"type": "String"
					},
					{
						"name": "g_inactive",
						"type": "String"
					}
				]
			},
			"dependsOn": []
		},
		{
			"name": "[concat(parameters('factoryName'), '/SOURCE_GAPPIFY_INVOCIE')]",
			"type": "Microsoft.DataFactory/factories/datasets",
			"apiVersion": "2018-06-01",
			"properties": {
				"linkedServiceName": {
					"referenceName": "DIS_ADLS_G2",
					"type": "LinkedServiceReference"
				},
				"folder": {
					"name": "Gappify"
				},
				"annotations": [],
				"type": "DelimitedText",
				"typeProperties": {
					"location": {
						"type": "AzureBlobFSLocation",
						"fileName": "DS1_Transaction_*.csv",
						"folderPath": "SrcFiles",
						"fileSystem": "gappify"
					},
					"columnDelimiter": ",",
					"escapeChar": "\\",
					"firstRowAsHeader": true,
					"quoteChar": "\""
				},
				"schema": [
					{
						"name": "g_source_system_id",
						"type": "String"
					},
					{
						"name": "g_date",
						"type": "String"
					},
					{
						"name": "g_subsidiary",
						"type": "String"
					},
					{
						"name": "g_subsidiary_id",
						"type": "String"
					},
					{
						"name": "g_period",
						"type": "String"
					},
					{
						"name": "g_type",
						"type": "String"
					},
					{
						"name": "g_name",
						"type": "String"
					},
					{
						"name": "g_vendor_id",
						"type": "String"
					},
					{
						"name": "g_document_number",
						"type": "String"
					},
					{
						"name": "g_glaccount",
						"type": "String"
					},
					{
						"name": "g_glaccount_id",
						"type": "String"
					},
					{
						"name": "g_memo",
						"type": "String"
					},
					{
						"name": "g_subsidiary_currency",
						"type": "String"
					},
					{
						"name": "g_subsidiary_currency_id",
						"type": "String"
					},
					{
						"name": "g_subsidiary_amount",
						"type": "String"
					},
					{
						"name": "g_transaction_currency",
						"type": "String"
					},
					{
						"name": "g_transaction_currency_id",
						"type": "String"
					},
					{
						"name": "g_transaction_amount",
						"type": "String"
					},
					{
						"name": "g_amount",
						"type": "String"
					},
					{
						"name": "g_exchange_rate",
						"type": "String"
					},
					{
						"name": "g_department",
						"type": "String"
					},
					{
						"name": "g_department_id",
						"type": "String"
					},
					{
						"name": "g_po_id",
						"type": "String"
					}
				]
			},
			"dependsOn": []
		},
		{
			"name": "[concat(parameters('factoryName'), '/SOURCE_GAPPIFY_PO')]",
			"type": "Microsoft.DataFactory/factories/datasets",
			"apiVersion": "2018-06-01",
			"properties": {
				"linkedServiceName": {
					"referenceName": "DIS_ADLS_G2",
					"type": "LinkedServiceReference"
				},
				"folder": {
					"name": "Gappify"
				},
				"annotations": [],
				"type": "DelimitedText",
				"typeProperties": {
					"location": {
						"type": "AzureBlobFSLocation",
						"fileName": "DS1_PO_Header*.csv",
						"folderPath": "SrcFiles",
						"fileSystem": "gappify"
					},
					"columnDelimiter": ",",
					"escapeChar": "\\",
					"firstRowAsHeader": true,
					"quoteChar": "\""
				},
				"schema": [
					{
						"name": "g_source_system_id",
						"type": "String"
					},
					{
						"name": "g_vendor_id",
						"type": "String"
					},
					{
						"name": "g_name",
						"type": "String"
					},
					{
						"name": "g_po_id",
						"type": "String"
					},
					{
						"name": "g_po_number",
						"type": "String"
					},
					{
						"name": "g_po_header_description",
						"type": "String"
					},
					{
						"name": "g_po_line_id",
						"type": "String"
					},
					{
						"name": "g_po_line_description",
						"type": "String"
					},
					{
						"name": "g_po_line_amount",
						"type": "String"
					},
					{
						"name": "g_po_header_amount",
						"type": "String"
					},
					{
						"name": "g_po_line_status",
						"type": "String"
					},
					{
						"name": "g_po_owner",
						"type": "String"
					},
					{
						"name": "g_service_start_date",
						"type": "String"
					},
					{
						"name": "g_service_end_date",
						"type": "String"
					},
					{
						"name": "g_invoiced_amount",
						"type": "String"
					},
					{
						"name": "g_po_line_amount_cancelled",
						"type": "String"
					},
					{
						"name": "g_po_balance",
						"type": "String"
					},
					{
						"name": "g_email",
						"type": "String"
					},
					{
						"name": "g_cc_email",
						"type": "String"
					},
					{
						"name": "g_transaction_currency",
						"type": "String"
					},
					{
						"name": "g_transaction_currency_id",
						"type": "String"
					},
					{
						"name": "g_subsidiary",
						"type": "String"
					},
					{
						"name": "g_subsidiary_id",
						"type": "String"
					},
					{
						"name": "g_subsidiary_currency",
						"type": "String"
					},
					{
						"name": "g_subsidiary_currency_id",
						"type": "String"
					},
					{
						"name": "g_glaccount_debit",
						"type": "String"
					},
					{
						"name": "g_glaccount_debit_id",
						"type": "String"
					},
					{
						"name": "g_glaccount_credit",
						"type": "String"
					},
					{
						"name": "g_glaccount_credit_id",
						"type": "String"
					},
					{
						"name": "g_department_debit",
						"type": "String"
					},
					{
						"name": "g_department_debit_id",
						"type": "String"
					},
					{
						"name": "g_department_credit",
						"type": "String"
					},
					{
						"name": "g_department_credit_id",
						"type": "String"
					},
					{
						"name": "g_project_debit",
						"type": "String"
					},
					{
						"name": "g_project_debit_id",
						"type": "String"
					},
					{
						"name": "g_project_credit",
						"type": "String"
					},
					{
						"name": "g_project_credit_id",
						"type": "String"
					},
					{
						"name": "g_product_debit",
						"type": "String"
					},
					{
						"name": "g_product_debit_id",
						"type": "String"
					},
					{
						"name": "g_product_credit",
						"type": "String"
					},
					{
						"name": "g_product_credit_id",
						"type": "String"
					}
				]
			},
			"dependsOn": []
		},
		{
			"name": "[concat(parameters('factoryName'), '/SOURCE_GAPPIFY_VENDOR')]",
			"type": "Microsoft.DataFactory/factories/datasets",
			"apiVersion": "2018-06-01",
			"properties": {
				"linkedServiceName": {
					"referenceName": "DIS_ADLS_G2",
					"type": "LinkedServiceReference"
				},
				"folder": {
					"name": "Gappify"
				},
				"annotations": [],
				"type": "DelimitedText",
				"typeProperties": {
					"location": {
						"type": "AzureBlobFSLocation",
						"fileName": "DS1_Vendor_Extract*.csv",
						"folderPath": "SrcFiles",
						"fileSystem": "gappify"
					},
					"columnDelimiter": ",",
					"escapeChar": "\\",
					"firstRowAsHeader": true,
					"quoteChar": "\""
				},
				"schema": [
					{
						"name": "g_source_system_id",
						"type": "String"
					},
					{
						"name": "g_name",
						"type": "String"
					},
					{
						"name": "g_email",
						"type": "String"
					},
					{
						"name": "g_primary_subsidiary_id",
						"type": "String"
					},
					{
						"name": "g_currency_id",
						"type": "String"
					},
					{
						"name": "g_currency_name",
						"type": "String"
					},
					{
						"name": "g_inactive",
						"type": "String"
					},
					{
						"name": "g_cc_email",
						"type": "String"
					}
				]
			},
			"dependsOn": []
		}
	]
}