{
	"$schema": "http://schema.management.azure.com/schemas/2015-01-01/deploymentTemplate.json#",
	"contentVersion": "1.0.0.0",
	"parameters": {
		"factoryName": {
			"type": "string",
			"metadata": "Data Factory name",
			"defaultValue": "Dfact-DataIntegrationServices"
		}
	},
	"variables": {
		"factoryId": "[concat('Microsoft.DataFactory/factories/', parameters('factoryName'))]"
	},
	"resources": [
		{
			"name": "[concat(parameters('factoryName'), '/DS_zrvc_c_cosp_LKH')]",
			"type": "Microsoft.DataFactory/factories/datasets",
			"apiVersion": "2018-06-01",
			"properties": {
				"linkedServiceName": {
					"referenceName": "LK_BRONZE_BIOPLANT",
					"type": "LinkedServiceReference"
				},
				"folder": {
					"name": "SAP"
				},
				"annotations": [],
				"type": "DelimitedText",
				"typeProperties": {
					"location": {
						"type": "LakehouseLocation",
						"fileName": "zrvc_c_cosp.csv",
						"folderPath": "SAP"
					},
					"columnDelimiter": ",",
					"escapeChar": "\\",
					"firstRowAsHeader": true,
					"quoteChar": "\""
				},
				"schema": []
			},
			"dependsOn": []
		},
		{
			"name": "[concat(parameters('factoryName'), '/DS_zrvc_c_cosp_ODATA')]",
			"type": "Microsoft.DataFactory/factories/datasets",
			"apiVersion": "2018-06-01",
			"properties": {
				"linkedServiceName": {
					"referenceName": "LS_ODATA_SAP_COSP_CDS",
					"type": "LinkedServiceReference"
				},
				"folder": {
					"name": "SAP"
				},
				"annotations": [],
				"type": "ODataResource",
				"schema": [],
				"typeProperties": {
					"path": "zrvc_c_cosp"
				}
			},
			"dependsOn": []
		},
		{
			"name": "[concat(parameters('factoryName'), '/DS_zrvc_c_coss_LKH')]",
			"type": "Microsoft.DataFactory/factories/datasets",
			"apiVersion": "2018-06-01",
			"properties": {
				"linkedServiceName": {
					"referenceName": "LK_BRONZE_BIOPLANT",
					"type": "LinkedServiceReference"
				},
				"folder": {
					"name": "SAP"
				},
				"annotations": [],
				"type": "DelimitedText",
				"typeProperties": {
					"location": {
						"type": "LakehouseLocation",
						"fileName": "zrvc_c_coss.csv",
						"folderPath": "SAP"
					},
					"columnDelimiter": ",",
					"escapeChar": "\\",
					"firstRowAsHeader": true,
					"quoteChar": "\""
				},
				"schema": []
			},
			"dependsOn": []
		},
		{
			"name": "[concat(parameters('factoryName'), '/DS_zrvc_c_coss_ODATA')]",
			"type": "Microsoft.DataFactory/factories/datasets",
			"apiVersion": "2018-06-01",
			"properties": {
				"linkedServiceName": {
					"referenceName": "LS_ODATA_SAP_COSS_CDS",
					"type": "LinkedServiceReference"
				},
				"folder": {
					"name": "SAP"
				},
				"annotations": [],
				"type": "ODataResource",
				"schema": [],
				"typeProperties": {
					"path": "zrvc_c_coss"
				}
			},
			"dependsOn": []
		},
		{
			"name": "[concat(parameters('factoryName'), '/DS_zsvc_c_product_LKH')]",
			"type": "Microsoft.DataFactory/factories/datasets",
			"apiVersion": "2018-06-01",
			"properties": {
				"linkedServiceName": {
					"referenceName": "LK_BRONZE_BIOPLANT",
					"type": "LinkedServiceReference"
				},
				"folder": {
					"name": "SAP"
				},
				"annotations": [],
				"type": "DelimitedText",
				"typeProperties": {
					"location": {
						"type": "LakehouseLocation",
						"fileName": "zsvc_c_product.csv",
						"folderPath": "SAP"
					},
					"columnDelimiter": ",",
					"escapeChar": "\\",
					"firstRowAsHeader": true,
					"quoteChar": "\""
				},
				"schema": []
			},
			"dependsOn": []
		},
		{
			"name": "[concat(parameters('factoryName'), '/DS_zsvc_c_product_ODATA')]",
			"type": "Microsoft.DataFactory/factories/datasets",
			"apiVersion": "2018-06-01",
			"properties": {
				"linkedServiceName": {
					"referenceName": "LS_ODATA_SAP_SVC_PROD",
					"type": "LinkedServiceReference"
				},
				"folder": {
					"name": "SAP"
				},
				"annotations": [],
				"type": "ODataResource",
				"schema": [],
				"typeProperties": {
					"path": "zsvc_c_product"
				}
			},
			"dependsOn": []
		},
		{
			"name": "[concat(parameters('factoryName'), '/Des_Runset_File')]",
			"type": "Microsoft.DataFactory/factories/datasets",
			"apiVersion": "2018-06-01",
			"properties": {
				"linkedServiceName": {
					"referenceName": "LK_BRONZE_BIOVIA",
					"type": "LinkedServiceReference"
				},
				"folder": {
					"name": "BIOVIA"
				},
				"annotations": [],
				"type": "DelimitedText",
				"typeProperties": {
					"location": {
						"type": "LakehouseLocation",
						"fileName": "Runset.csv",
						"folderPath": "BIOVIA_FILE"
					},
					"columnDelimiter": ",",
					"escapeChar": "\\",
					"firstRowAsHeader": true,
					"quoteChar": "\""
				},
				"schema": [
					{
						"name": "ID",
						"type": "String"
					},
					{
						"name": "VERSION",
						"type": "String"
					},
					{
						"name": "DELETED",
						"type": "String"
					},
					{
						"name": "CONTEXT",
						"type": "String"
					},
					{
						"name": "CREATOR",
						"type": "String"
					},
					{
						"name": "DATE_CREATED",
						"type": "String"
					},
					{
						"name": "LAST_UPDATED",
						"type": "String"
					},
					{
						"name": "LIFE_CYCLE",
						"type": "String"
					},
					{
						"name": "LIFE_CYCLE_STATE",
						"type": "String"
					},
					{
						"name": "NAME",
						"type": "String"
					},
					{
						"name": "RUNSET_ID",
						"type": "String"
					},
					{
						"name": "LIFE_CYCLE_POLICY",
						"type": "String"
					},
					{
						"name": "EXTERNAL_REF_ID",
						"type": "String"
					},
					{
						"name": "COLLABORATOR_GROUP",
						"type": "String"
					},
					{
						"name": "EXTERNAL_REFERENCE_NAME",
						"type": "String"
					},
					{
						"name": "CERTIFICATE",
						"type": "String"
					},
					{
						"name": "OWNER_NAME",
						"type": "String"
					},
					{
						"name": "OWNER_USERNAME",
						"type": "String"
					},
					{
						"name": "MATERIAL_LIST_CONTEX",
						"type": "String"
					},
					{
						"name": "TASK_PLAN_TYPE_NAME",
						"type": "String"
					},
					{
						"name": "PROJECT_NAME",
						"type": "String"
					},
					{
						"name": "COLLABORATOR_GROUP_NAME",
						"type": "String"
					}
				]
			},
			"dependsOn": []
		},
		{
			"name": "[concat(parameters('factoryName'), '/Dest_Activity')]",
			"type": "Microsoft.DataFactory/factories/datasets",
			"apiVersion": "2018-06-01",
			"properties": {
				"linkedServiceName": {
					"referenceName": "LK_BRONZE_BIOVIA",
					"type": "LinkedServiceReference"
				},
				"folder": {
					"name": "BIOVIA"
				},
				"annotations": [],
				"type": "DelimitedText",
				"typeProperties": {
					"location": {
						"type": "LakehouseLocation",
						"fileName": "activity.csv",
						"folderPath": "BIOVIA_FILE"
					},
					"columnDelimiter": ",",
					"escapeChar": "\\",
					"firstRowAsHeader": true,
					"quoteChar": "\""
				},
				"schema": [
					{
						"name": "ID",
						"type": "String"
					},
					{
						"name": "VERSION",
						"type": "String"
					},
					{
						"name": "DELETED",
						"type": "String"
					},
					{
						"name": "CONTEXT",
						"type": "String"
					},
					{
						"name": "CREATOR",
						"type": "String"
					},
					{
						"name": "DATE_CREATED",
						"type": "String"
					},
					{
						"name": "LAST_UPDATED",
						"type": "String"
					},
					{
						"name": "LIFE_CYCLE",
						"type": "String"
					},
					{
						"name": "LIFE_CYCLE_STATE",
						"type": "String"
					},
					{
						"name": "NAME",
						"type": "String"
					},
					{
						"name": "RUNSET_ID",
						"type": "String"
					},
					{
						"name": "LIFE_CYCLE_POLICY",
						"type": "String"
					},
					{
						"name": "EXTERNAL_REF_ID",
						"type": "String"
					},
					{
						"name": "COLLABORATOR_GROUP",
						"type": "String"
					},
					{
						"name": "EXTERNAL_REFERENCE_NAME",
						"type": "String"
					},
					{
						"name": "CERTIFICATE",
						"type": "String"
					},
					{
						"name": "OWNER_NAME",
						"type": "String"
					},
					{
						"name": "OWNER_USERNAME",
						"type": "String"
					},
					{
						"name": "MATERIAL_LIST_CONTEX",
						"type": "String"
					},
					{
						"name": "TASK_PLAN_TYPE_NAME",
						"type": "String"
					},
					{
						"name": "PROJECT_NAME",
						"type": "String"
					},
					{
						"name": "COLLABORATOR_GROUP_NAME",
						"type": "String"
					}
				]
			},
			"dependsOn": []
		},
		{
			"name": "[concat(parameters('factoryName'), '/Dest_Equipment')]",
			"type": "Microsoft.DataFactory/factories/datasets",
			"apiVersion": "2018-06-01",
			"properties": {
				"linkedServiceName": {
					"referenceName": "LK_BRONZE_BIOVIA",
					"type": "LinkedServiceReference"
				},
				"folder": {
					"name": "BIOVIA"
				},
				"annotations": [],
				"type": "DelimitedText",
				"typeProperties": {
					"location": {
						"type": "LakehouseLocation",
						"fileName": "equipment.csv",
						"folderPath": "BIOVIA_FILE"
					},
					"columnDelimiter": ",",
					"escapeChar": "\\",
					"firstRowAsHeader": true,
					"quoteChar": "\""
				},
				"schema": []
			},
			"dependsOn": []
		},
		{
			"name": "[concat(parameters('factoryName'), '/Dest_Group')]",
			"type": "Microsoft.DataFactory/factories/datasets",
			"apiVersion": "2018-06-01",
			"properties": {
				"linkedServiceName": {
					"referenceName": "LK_BRONZE_BIOVIA",
					"type": "LinkedServiceReference"
				},
				"folder": {
					"name": "BIOVIA"
				},
				"annotations": [],
				"type": "DelimitedText",
				"typeProperties": {
					"location": {
						"type": "LakehouseLocation",
						"fileName": "group.csv",
						"folderPath": "BIOVIA_FILE"
					},
					"columnDelimiter": ",",
					"escapeChar": "\\",
					"firstRowAsHeader": true,
					"quoteChar": "\""
				},
				"schema": []
			},
			"dependsOn": []
		},
		{
			"name": "[concat(parameters('factoryName'), '/Dest_Location')]",
			"type": "Microsoft.DataFactory/factories/datasets",
			"apiVersion": "2018-06-01",
			"properties": {
				"linkedServiceName": {
					"referenceName": "LK_BRONZE_BIOVIA",
					"type": "LinkedServiceReference"
				},
				"folder": {
					"name": "BIOVIA"
				},
				"annotations": [],
				"type": "DelimitedText",
				"typeProperties": {
					"location": {
						"type": "LakehouseLocation",
						"fileName": "location.csv",
						"folderPath": "BIOVIA_FILE"
					},
					"columnDelimiter": ",",
					"escapeChar": "\\",
					"firstRowAsHeader": true,
					"quoteChar": "\""
				},
				"schema": []
			},
			"dependsOn": []
		},
		{
			"name": "[concat(parameters('factoryName'), '/Dest_Project')]",
			"type": "Microsoft.DataFactory/factories/datasets",
			"apiVersion": "2018-06-01",
			"properties": {
				"linkedServiceName": {
					"referenceName": "LK_BRONZE_BIOVIA",
					"type": "LinkedServiceReference"
				},
				"folder": {
					"name": "BIOVIA"
				},
				"annotations": [],
				"type": "DelimitedText",
				"typeProperties": {
					"location": {
						"type": "LakehouseLocation",
						"fileName": "project.csv",
						"folderPath": "BIOVIA_FILE"
					},
					"columnDelimiter": ",",
					"escapeChar": "\\",
					"firstRowAsHeader": true,
					"quoteChar": "\""
				},
				"schema": [
					{
						"name": "ID",
						"type": "String"
					},
					{
						"name": "VERSION",
						"type": "String"
					},
					{
						"name": "DELETED",
						"type": "String"
					},
					{
						"name": "CONTEXT",
						"type": "String"
					},
					{
						"name": "CREATOR",
						"type": "String"
					},
					{
						"name": "DATE_CREATED",
						"type": "String"
					},
					{
						"name": "LAST_UPDATED",
						"type": "String"
					},
					{
						"name": "LIFE_CYCLE",
						"type": "String"
					},
					{
						"name": "LIFE_CYCLE_STATE",
						"type": "String"
					},
					{
						"name": "NAME",
						"type": "String"
					},
					{
						"name": "RUNSET_ID",
						"type": "String"
					},
					{
						"name": "LIFE_CYCLE_POLICY",
						"type": "String"
					},
					{
						"name": "EXTERNAL_REF_ID",
						"type": "String"
					},
					{
						"name": "COLLABORATOR_GROUP",
						"type": "String"
					},
					{
						"name": "EXTERNAL_REFERENCE_NAME",
						"type": "String"
					},
					{
						"name": "CERTIFICATE",
						"type": "String"
					},
					{
						"name": "OWNER_NAME",
						"type": "String"
					},
					{
						"name": "OWNER_USERNAME",
						"type": "String"
					},
					{
						"name": "MATERIAL_LIST_CONTEX",
						"type": "String"
					},
					{
						"name": "TASK_PLAN_TYPE_NAME",
						"type": "String"
					},
					{
						"name": "PROJECT_NAME",
						"type": "String"
					},
					{
						"name": "COLLABORATOR_GROUP_NAME",
						"type": "String"
					}
				]
			},
			"dependsOn": []
		},
		{
			"name": "[concat(parameters('factoryName'), '/Dest_RunSet')]",
			"type": "Microsoft.DataFactory/factories/datasets",
			"apiVersion": "2018-06-01",
			"properties": {
				"linkedServiceName": {
					"referenceName": "LK_BRONZE_BIOVIA",
					"type": "LinkedServiceReference"
				},
				"folder": {
					"name": "BIOVIA"
				},
				"annotations": [],
				"type": "DelimitedText",
				"typeProperties": {
					"location": {
						"type": "LakehouseLocation",
						"fileName": "Runset.csv",
						"folderPath": "BIOVIA_FILE"
					},
					"columnDelimiter": ",",
					"escapeChar": "\\",
					"firstRowAsHeader": true,
					"quoteChar": "\""
				},
				"schema": []
			},
			"dependsOn": []
		},
		{
			"name": "[concat(parameters('factoryName'), '/Dest_Runset_Result')]",
			"type": "Microsoft.DataFactory/factories/datasets",
			"apiVersion": "2018-06-01",
			"properties": {
				"linkedServiceName": {
					"referenceName": "LK_BRONZE_BIOVIA",
					"type": "LinkedServiceReference"
				},
				"folder": {
					"name": "BIOVIA"
				},
				"annotations": [],
				"type": "DelimitedText",
				"typeProperties": {
					"location": {
						"type": "LakehouseLocation",
						"fileName": "runset_result.csv",
						"folderPath": "BIOVIA_FILE"
					},
					"columnDelimiter": ",",
					"escapeChar": "\\",
					"firstRowAsHeader": true,
					"quoteChar": "\""
				},
				"schema": [
					{
						"name": "ID",
						"type": "String"
					},
					{
						"name": "VERSION",
						"type": "String"
					},
					{
						"name": "DELETED",
						"type": "String"
					},
					{
						"name": "CONTEXT",
						"type": "String"
					},
					{
						"name": "CREATOR",
						"type": "String"
					},
					{
						"name": "DATE_CREATED",
						"type": "String"
					},
					{
						"name": "LAST_UPDATED",
						"type": "String"
					},
					{
						"name": "LIFE_CYCLE",
						"type": "String"
					},
					{
						"name": "LIFE_CYCLE_STATE",
						"type": "String"
					},
					{
						"name": "NAME",
						"type": "String"
					},
					{
						"name": "RUNSET_ID",
						"type": "String"
					},
					{
						"name": "LIFE_CYCLE_POLICY",
						"type": "String"
					},
					{
						"name": "EXTERNAL_REF_ID",
						"type": "String"
					},
					{
						"name": "COLLABORATOR_GROUP",
						"type": "String"
					},
					{
						"name": "EXTERNAL_REFERENCE_NAME",
						"type": "String"
					},
					{
						"name": "CERTIFICATE",
						"type": "String"
					},
					{
						"name": "OWNER_NAME",
						"type": "String"
					},
					{
						"name": "OWNER_USERNAME",
						"type": "String"
					},
					{
						"name": "MATERIAL_LIST_CONTEX",
						"type": "String"
					},
					{
						"name": "TASK_PLAN_TYPE_NAME",
						"type": "String"
					},
					{
						"name": "PROJECT_NAME",
						"type": "String"
					},
					{
						"name": "COLLABORATOR_GROUP_NAME",
						"type": "String"
					}
				]
			},
			"dependsOn": []
		},
		{
			"name": "[concat(parameters('factoryName'), '/Dest_Sample')]",
			"type": "Microsoft.DataFactory/factories/datasets",
			"apiVersion": "2018-06-01",
			"properties": {
				"linkedServiceName": {
					"referenceName": "LK_BRONZE_BIOVIA",
					"type": "LinkedServiceReference"
				},
				"folder": {
					"name": "BIOVIA"
				},
				"annotations": [],
				"type": "DelimitedText",
				"typeProperties": {
					"location": {
						"type": "LakehouseLocation",
						"fileName": "Sample.csv",
						"folderPath": "BIOVIA_FILE"
					},
					"columnDelimiter": ",",
					"escapeChar": "\\",
					"firstRowAsHeader": true,
					"quoteChar": "\""
				},
				"schema": [
					{
						"name": "ID",
						"type": "String"
					},
					{
						"name": "VERSION",
						"type": "String"
					},
					{
						"name": "DELETED",
						"type": "String"
					},
					{
						"name": "CONTEXT",
						"type": "String"
					},
					{
						"name": "CREATOR",
						"type": "String"
					},
					{
						"name": "DATE_CREATED",
						"type": "String"
					},
					{
						"name": "LAST_UPDATED",
						"type": "String"
					},
					{
						"name": "LIFE_CYCLE",
						"type": "String"
					},
					{
						"name": "LIFE_CYCLE_STATE",
						"type": "String"
					},
					{
						"name": "NAME",
						"type": "String"
					},
					{
						"name": "RUNSET_ID",
						"type": "String"
					},
					{
						"name": "LIFE_CYCLE_POLICY",
						"type": "String"
					},
					{
						"name": "EXTERNAL_REF_ID",
						"type": "String"
					},
					{
						"name": "COLLABORATOR_GROUP",
						"type": "String"
					},
					{
						"name": "EXTERNAL_REFERENCE_NAME",
						"type": "String"
					},
					{
						"name": "CERTIFICATE",
						"type": "String"
					},
					{
						"name": "OWNER_NAME",
						"type": "String"
					},
					{
						"name": "OWNER_USERNAME",
						"type": "String"
					},
					{
						"name": "MATERIAL_LIST_CONTEX",
						"type": "String"
					},
					{
						"name": "TASK_PLAN_TYPE_NAME",
						"type": "String"
					},
					{
						"name": "PROJECT_NAME",
						"type": "String"
					},
					{
						"name": "COLLABORATOR_GROUP_NAME",
						"type": "String"
					}
				]
			},
			"dependsOn": []
		},
		{
			"name": "[concat(parameters('factoryName'), '/Dest_Sample_Event')]",
			"type": "Microsoft.DataFactory/factories/datasets",
			"apiVersion": "2018-06-01",
			"properties": {
				"linkedServiceName": {
					"referenceName": "LK_BRONZE_BIOVIA",
					"type": "LinkedServiceReference"
				},
				"folder": {
					"name": "BIOVIA"
				},
				"annotations": [],
				"type": "DelimitedText",
				"typeProperties": {
					"location": {
						"type": "LakehouseLocation",
						"fileName": "sample_event.csv",
						"folderPath": "BIOVIA_FILE"
					},
					"columnDelimiter": ",",
					"escapeChar": "\\",
					"firstRowAsHeader": true,
					"quoteChar": "\""
				},
				"schema": [
					{
						"name": "ID",
						"type": "String"
					},
					{
						"name": "VERSION",
						"type": "String"
					},
					{
						"name": "DELETED",
						"type": "String"
					},
					{
						"name": "CONTEXT",
						"type": "String"
					},
					{
						"name": "CREATOR",
						"type": "String"
					},
					{
						"name": "DATE_CREATED",
						"type": "String"
					},
					{
						"name": "LAST_UPDATED",
						"type": "String"
					},
					{
						"name": "LIFE_CYCLE",
						"type": "String"
					},
					{
						"name": "LIFE_CYCLE_STATE",
						"type": "String"
					},
					{
						"name": "NAME",
						"type": "String"
					},
					{
						"name": "RUNSET_ID",
						"type": "String"
					},
					{
						"name": "LIFE_CYCLE_POLICY",
						"type": "String"
					},
					{
						"name": "EXTERNAL_REF_ID",
						"type": "String"
					},
					{
						"name": "COLLABORATOR_GROUP",
						"type": "String"
					},
					{
						"name": "EXTERNAL_REFERENCE_NAME",
						"type": "String"
					},
					{
						"name": "CERTIFICATE",
						"type": "String"
					},
					{
						"name": "OWNER_NAME",
						"type": "String"
					},
					{
						"name": "OWNER_USERNAME",
						"type": "String"
					},
					{
						"name": "MATERIAL_LIST_CONTEX",
						"type": "String"
					},
					{
						"name": "TASK_PLAN_TYPE_NAME",
						"type": "String"
					},
					{
						"name": "PROJECT_NAME",
						"type": "String"
					},
					{
						"name": "COLLABORATOR_GROUP_NAME",
						"type": "String"
					}
				]
			},
			"dependsOn": []
		},
		{
			"name": "[concat(parameters('factoryName'), '/Dest_Sec_User')]",
			"type": "Microsoft.DataFactory/factories/datasets",
			"apiVersion": "2018-06-01",
			"properties": {
				"linkedServiceName": {
					"referenceName": "LK_BRONZE_BIOVIA",
					"type": "LinkedServiceReference"
				},
				"folder": {
					"name": "BIOVIA"
				},
				"annotations": [],
				"type": "DelimitedText",
				"typeProperties": {
					"location": {
						"type": "LakehouseLocation",
						"fileName": "User.csv",
						"folderPath": "BIOVIA_FILE"
					},
					"columnDelimiter": ",",
					"escapeChar": "\\",
					"firstRowAsHeader": true,
					"quoteChar": "\""
				},
				"schema": [
					{
						"name": "ID",
						"type": "String"
					},
					{
						"name": "VERSION",
						"type": "String"
					},
					{
						"name": "DELETED",
						"type": "String"
					},
					{
						"name": "CONTEXT",
						"type": "String"
					},
					{
						"name": "CREATOR",
						"type": "String"
					},
					{
						"name": "DATE_CREATED",
						"type": "String"
					},
					{
						"name": "LAST_UPDATED",
						"type": "String"
					},
					{
						"name": "LIFE_CYCLE",
						"type": "String"
					},
					{
						"name": "LIFE_CYCLE_STATE",
						"type": "String"
					},
					{
						"name": "NAME",
						"type": "String"
					},
					{
						"name": "RUNSET_ID",
						"type": "String"
					},
					{
						"name": "LIFE_CYCLE_POLICY",
						"type": "String"
					},
					{
						"name": "EXTERNAL_REF_ID",
						"type": "String"
					},
					{
						"name": "COLLABORATOR_GROUP",
						"type": "String"
					},
					{
						"name": "EXTERNAL_REFERENCE_NAME",
						"type": "String"
					},
					{
						"name": "CERTIFICATE",
						"type": "String"
					},
					{
						"name": "OWNER_NAME",
						"type": "String"
					},
					{
						"name": "OWNER_USERNAME",
						"type": "String"
					},
					{
						"name": "MATERIAL_LIST_CONTEX",
						"type": "String"
					},
					{
						"name": "TASK_PLAN_TYPE_NAME",
						"type": "String"
					},
					{
						"name": "PROJECT_NAME",
						"type": "String"
					},
					{
						"name": "COLLABORATOR_GROUP_NAME",
						"type": "String"
					}
				]
			},
			"dependsOn": []
		},
		{
			"name": "[concat(parameters('factoryName'), '/Dest_Task')]",
			"type": "Microsoft.DataFactory/factories/datasets",
			"apiVersion": "2018-06-01",
			"properties": {
				"linkedServiceName": {
					"referenceName": "LK_BRONZE_BIOVIA",
					"type": "LinkedServiceReference"
				},
				"folder": {
					"name": "BIOVIA"
				},
				"annotations": [],
				"type": "DelimitedText",
				"typeProperties": {
					"location": {
						"type": "LakehouseLocation",
						"fileName": "Task.csv",
						"folderPath": "BIOVIA_FILE"
					},
					"columnDelimiter": ",",
					"escapeChar": "\\",
					"firstRowAsHeader": true,
					"quoteChar": "\""
				},
				"schema": []
			},
			"dependsOn": []
		},
		{
			"name": "[concat(parameters('factoryName'), '/DestinationDataset_2n9')]",
			"type": "Microsoft.DataFactory/factories/datasets",
			"apiVersion": "2018-06-01",
			"properties": {
				"linkedServiceName": {
					"referenceName": "AZSQLVM",
					"type": "LinkedServiceReference"
				},
				"annotations": [],
				"type": "SqlServerTable",
				"schema": [],
				"typeProperties": {
					"schema": "iods",
					"table": "stg_alg_invoice"
				}
			},
			"dependsOn": []
		},
		{
			"name": "[concat(parameters('factoryName'), '/DestinationDataset_y9p')]",
			"type": "Microsoft.DataFactory/factories/datasets",
			"apiVersion": "2018-06-01",
			"properties": {
				"linkedServiceName": {
					"referenceName": "Template_LK",
					"type": "LinkedServiceReference"
				},
				"annotations": [],
				"type": "LakehouseTable",
				"schema": [
					{
						"name": "Branch_ID",
						"type": "string"
					},
					{
						"name": "Branch_NM",
						"type": "string"
					},
					{
						"name": "Country_Name",
						"type": "string"
					}
				],
				"typeProperties": {
					"table": "Branch"
				}
			},
			"dependsOn": []
		}
	]
}