{
	"$schema": "http://schema.management.azure.com/schemas/2015-01-01/deploymentTemplate.json#",
	"contentVersion": "1.0.0.0",
	"parameters": {
		"factoryName": {
			"type": "string",
			"metadata": "Data Factory name",
			"defaultValue": "Dfact-DataIntegrationServices"
		}
	},
	"variables": {
		"factoryId": "[concat('Microsoft.DataFactory/factories/', parameters('factoryName'))]"
	},
	"resources": [
		{
			"name": "[concat(parameters('factoryName'), '/Monjuvi_us_Daily_Forecast')]",
			"type": "Microsoft.DataFactory/factories/datasets",
			"apiVersion": "2018-06-01",
			"properties": {
				"linkedServiceName": {
					"referenceName": "DIS_ADLS_G2",
					"type": "LinkedServiceReference"
				},
				"folder": {
					"name": "1.Informatica_Datasets/GlobalDWInvoice/FORECAST"
				},
				"annotations": [],
				"type": "DelimitedText",
				"typeProperties": {
					"location": {
						"type": "AzureBlobFSLocation",
						"fileName": "Monjuvi_us_Daily_Forecast.csv",
						"folderPath": "FDWH",
						"fileSystem": "srcfiles"
					},
					"columnDelimiter": ",",
					"escapeChar": "\\",
					"firstRowAsHeader": true,
					"quoteChar": "\""
				},
				"schema": [
					{
						"name": "Day",
						"type": "String"
					},
					{
						"name": "Bottle_FCT",
						"type": "String"
					},
					{
						"name": "Revenue_FCT",
						"type": "String"
					},
					{
						"name": "Revenue_FCT_Gross",
						"type": "String"
					},
					{
						"name": "Brand",
						"type": "String"
					},
					{
						"name": "Ship_to_country",
						"type": "String"
					},
					{
						"name": "Incyte_country",
						"type": "String"
					}
				]
			},
			"dependsOn": []
		},
		{
			"name": "[concat(parameters('factoryName'), '/OT_CORRECTION')]",
			"type": "Microsoft.DataFactory/factories/datasets",
			"apiVersion": "2018-06-01",
			"properties": {
				"linkedServiceName": {
					"referenceName": "Global_DB_Connection",
					"type": "LinkedServiceReference"
				},
				"folder": {
					"name": "1.Informatica_Datasets/GlobalDWInvoice"
				},
				"annotations": [],
				"type": "AzureSqlTable",
				"schema": [
					{
						"name": "Country",
						"type": "varchar"
					},
					{
						"name": "Territory",
						"type": "varchar"
					},
					{
						"name": "ShipDate",
						"type": "date"
					},
					{
						"name": "SKU",
						"type": "varchar"
					},
					{
						"name": "brand",
						"type": "varchar"
					},
					{
						"name": "Bottles",
						"type": "varchar"
					}
				],
				"typeProperties": {
					"schema": "dbo",
					"table": "OT_CORRECTION"
				}
			},
			"dependsOn": []
		},
		{
			"name": "[concat(parameters('factoryName'), '/Opzelura_us_Daily_Budgets')]",
			"type": "Microsoft.DataFactory/factories/datasets",
			"apiVersion": "2018-06-01",
			"properties": {
				"linkedServiceName": {
					"referenceName": "DIS_ADLS_G2",
					"type": "LinkedServiceReference"
				},
				"folder": {
					"name": "1.Informatica_Datasets/GlobalDWInvoice/DAILY_BUDGET"
				},
				"annotations": [],
				"type": "DelimitedText",
				"typeProperties": {
					"location": {
						"type": "AzureBlobFSLocation",
						"fileName": "Opzelura_us_Daily_Budgets.csv",
						"folderPath": "FDWH",
						"fileSystem": "srcfiles"
					},
					"columnDelimiter": ",",
					"escapeChar": "\\",
					"firstRowAsHeader": true,
					"quoteChar": "\""
				},
				"schema": [
					{
						"name": "Day",
						"type": "String"
					},
					{
						"name": "Bottle_Budget",
						"type": "String"
					},
					{
						"name": "Revenue_Budget",
						"type": "String"
					},
					{
						"name": "Revenue_Budget_Gross",
						"type": "String"
					},
					{
						"name": "Brand",
						"type": "String"
					},
					{
						"name": "Ship_to_country",
						"type": "String"
					},
					{
						"name": "Incyte_country",
						"type": "String"
					}
				]
			},
			"dependsOn": []
		},
		{
			"name": "[concat(parameters('factoryName'), '/PARALLEL_IMPORT_TERR')]",
			"type": "Microsoft.DataFactory/factories/datasets",
			"apiVersion": "2018-06-01",
			"properties": {
				"linkedServiceName": {
					"referenceName": "Global_DB_Connection",
					"type": "LinkedServiceReference"
				},
				"folder": {
					"name": "1.Informatica_Datasets/GlobalDWInvoice"
				},
				"annotations": [],
				"type": "AzureSqlTable",
				"schema": [
					{
						"name": "COUNTRY",
						"type": "nvarchar"
					},
					{
						"name": "Territory",
						"type": "nvarchar"
					},
					{
						"name": "Month_Yr",
						"type": "nvarchar"
					},
					{
						"name": "SKU",
						"type": "nvarchar"
					},
					{
						"name": "Actuals",
						"type": "decimal",
						"precision": 38,
						"scale": 2
					},
					{
						"name": "Targets",
						"type": "decimal",
						"precision": 38,
						"scale": 2
					},
					{
						"name": "Actuals_LY",
						"type": "decimal",
						"precision": 38,
						"scale": 2
					},
					{
						"name": "CREATED_DT",
						"type": "datetime",
						"precision": 23,
						"scale": 3
					},
					{
						"name": "CREATED_BY",
						"type": "nvarchar"
					},
					{
						"name": "MODIFIED_DT",
						"type": "datetime",
						"precision": 23,
						"scale": 3
					},
					{
						"name": "MODIFIED_BY",
						"type": "nvarchar"
					},
					{
						"name": "ID",
						"type": "int",
						"precision": 10
					}
				],
				"typeProperties": {
					"schema": "dbo",
					"table": "Parallel_Import_terr"
				}
			},
			"dependsOn": []
		},
		{
			"name": "[concat(parameters('factoryName'), '/Pemi_us_Daily_Budgets')]",
			"type": "Microsoft.DataFactory/factories/datasets",
			"apiVersion": "2018-06-01",
			"properties": {
				"linkedServiceName": {
					"referenceName": "DIS_ADLS_G2",
					"type": "LinkedServiceReference"
				},
				"folder": {
					"name": "1.Informatica_Datasets/GlobalDWInvoice/DAILY_BUDGET"
				},
				"annotations": [],
				"type": "DelimitedText",
				"typeProperties": {
					"location": {
						"type": "AzureBlobFSLocation",
						"fileName": "Pemi_us_Daily_Budgets.csv",
						"folderPath": "FDWH",
						"fileSystem": "srcfiles"
					},
					"columnDelimiter": ",",
					"escapeChar": "\\",
					"firstRowAsHeader": true,
					"quoteChar": "\""
				},
				"schema": [
					{
						"name": "Day",
						"type": "String"
					},
					{
						"name": "Bottle_Budget",
						"type": "String"
					},
					{
						"name": "Revenue_Budget",
						"type": "String"
					},
					{
						"name": "Revenue_Budget_Gross",
						"type": "String"
					},
					{
						"name": "Brand",
						"type": "String"
					},
					{
						"name": "Ship_to_country",
						"type": "String"
					},
					{
						"name": "Incyte_country",
						"type": "String"
					}
				]
			},
			"dependsOn": []
		},
		{
			"name": "[concat(parameters('factoryName'), '/Pemi_us_Daily_Forecast')]",
			"type": "Microsoft.DataFactory/factories/datasets",
			"apiVersion": "2018-06-01",
			"properties": {
				"linkedServiceName": {
					"referenceName": "DIS_ADLS_G2",
					"type": "LinkedServiceReference"
				},
				"folder": {
					"name": "1.Informatica_Datasets/GlobalDWInvoice/FORECAST"
				},
				"annotations": [],
				"type": "DelimitedText",
				"typeProperties": {
					"location": {
						"type": "AzureBlobFSLocation",
						"fileName": "Pemi_us_Daily_Forecast.csv",
						"folderPath": "FDWH",
						"fileSystem": "srcfiles"
					},
					"columnDelimiter": ",",
					"escapeChar": "\\",
					"firstRowAsHeader": true,
					"quoteChar": "\""
				},
				"schema": [
					{
						"name": "Day",
						"type": "String"
					},
					{
						"name": "Bottle_FCT",
						"type": "String"
					},
					{
						"name": "Revenue_FCT",
						"type": "String"
					},
					{
						"name": "Revenue_FCT_Gross",
						"type": "String"
					},
					{
						"name": "Brand",
						"type": "String"
					},
					{
						"name": "Ship_to_country",
						"type": "String"
					},
					{
						"name": "Incyte_country",
						"type": "String"
					}
				]
			},
			"dependsOn": []
		},
		{
			"name": "[concat(parameters('factoryName'), '/Product_master_Innomar')]",
			"type": "Microsoft.DataFactory/factories/datasets",
			"apiVersion": "2018-06-01",
			"properties": {
				"linkedServiceName": {
					"referenceName": "DIS_ADLS_G2",
					"type": "LinkedServiceReference"
				},
				"folder": {
					"name": "1.Informatica_Datasets/GlobalDWInvoice/DS_INNOMOR_FEED"
				},
				"annotations": [],
				"type": "DelimitedText",
				"typeProperties": {
					"location": {
						"type": "AzureBlobFSLocation",
						"fileName": "Product_Master.txt",
						"folderPath": "Innomar",
						"fileSystem": "globaldatawarehouse"
					},
					"columnDelimiter": "|",
					"escapeChar": "\\",
					"firstRowAsHeader": false,
					"quoteChar": "\""
				},
				"schema": [
					{
						"name": "CSTCNTR",
						"type": "String"
					},
					{
						"name": "MPRDCTSK",
						"type": "String"
					},
					{
						"name": "Status",
						"type": "String"
					},
					{
						"name": "PRDCTCD",
						"type": "String"
					},
					{
						"name": "ShortNBR",
						"type": "String"
					},
					{
						"name": "DESCR",
						"type": "String"
					},
					{
						"name": "Internalname",
						"type": "String"
					},
					{
						"name": "PRDCTtype",
						"type": "String"
					},
					{
						"name": "CommodityCD",
						"type": "String"
					},
					{
						"name": "PRDCTGRP",
						"type": "String"
					},
					{
						"name": "ACCTGRP",
						"type": "String"
					},
					{
						"name": "PRDCTCTGRY1",
						"type": "String"
					},
					{
						"name": "PRDCTCTGRY2",
						"type": "String"
					},
					{
						"name": "PRDCTCTGRY3",
						"type": "String"
					},
					{
						"name": "FictitiousPRDCT",
						"type": "String"
					},
					{
						"name": "Timeaxis",
						"type": "String"
					},
					{
						"name": "Lot",
						"type": "String"
					},
					{
						"name": "SerialNBRtracking",
						"type": "String"
					},
					{
						"name": "CreationDT",
						"type": "Datetime"
					},
					{
						"name": "Stockunit",
						"type": "String"
					},
					{
						"name": "MainSPLRNBR",
						"type": "String"
					},
					{
						"name": "DefaultSLSunit",
						"type": "String"
					},
					{
						"name": "LSTpurchasecost",
						"type": "String"
					},
					{
						"name": "Averagepurchasecost",
						"type": "String"
					},
					{
						"name": "Standardcost",
						"type": "String"
					},
					{
						"name": "Userdefinednumericfield1",
						"type": "String"
					},
					{
						"name": "Userdefinednumericfield2",
						"type": "String"
					},
					{
						"name": "Userdefinedalphafield1",
						"type": "String"
					},
					{
						"name": "Userdefinedalphafield2",
						"type": "String"
					},
					{
						"name": "Lotsecuritydays",
						"type": "String"
					},
					{
						"name": "SellByDTFLG",
						"type": "String"
					},
					{
						"name": "Goodstype",
						"type": "String"
					},
					{
						"name": "ShipmentGRP",
						"type": "String"
					},
					{
						"name": "ItemSegment04",
						"type": "String"
					},
					{
						"name": "FIELD35",
						"type": "String"
					},
					{
						"name": "FIELD36",
						"type": "String"
					},
					{
						"name": "FIELD37",
						"type": "String"
					},
					{
						"name": "FIELD38",
						"type": "String"
					},
					{
						"name": "FIELD39",
						"type": "String"
					},
					{
						"name": "FIELD40",
						"type": "String"
					},
					{
						"name": "FIELD41",
						"type": "String"
					},
					{
						"name": "FIELD42",
						"type": "String"
					}
				]
			},
			"dependsOn": []
		},
		{
			"name": "[concat(parameters('factoryName'), '/Realm_Budget')]",
			"type": "Microsoft.DataFactory/factories/datasets",
			"apiVersion": "2018-06-01",
			"properties": {
				"linkedServiceName": {
					"referenceName": "DIS_ADLS_G2",
					"type": "LinkedServiceReference"
				},
				"folder": {
					"name": "1.Informatica_Datasets/GlobalDWInvoice/DAILY_BUDGET"
				},
				"annotations": [],
				"type": "DelimitedText",
				"typeProperties": {
					"location": {
						"type": "AzureBlobFSLocation",
						"fileName": "Realm_Budget.csv",
						"folderPath": "FDWH",
						"fileSystem": "srcfiles"
					},
					"columnDelimiter": ",",
					"escapeChar": "\\",
					"firstRowAsHeader": true,
					"quoteChar": "\""
				},
				"schema": [
					{
						"name": "Month_Year",
						"type": "String"
					},
					{
						"name": "Revenue_BUD",
						"type": "String"
					},
					{
						"name": "Revenue_BUD_Gross",
						"type": "String"
					},
					{
						"name": "Brand",
						"type": "String"
					},
					{
						"name": "Ship_to_country",
						"type": "String"
					},
					{
						"name": "Incyte_country",
						"type": "String"
					}
				]
			},
			"dependsOn": []
		},
		{
			"name": "[concat(parameters('factoryName'), '/Realm_Forecast')]",
			"type": "Microsoft.DataFactory/factories/datasets",
			"apiVersion": "2018-06-01",
			"properties": {
				"linkedServiceName": {
					"referenceName": "DIS_ADLS_G2",
					"type": "LinkedServiceReference"
				},
				"folder": {
					"name": "1.Informatica_Datasets/GlobalDWInvoice/FORECAST"
				},
				"annotations": [],
				"type": "DelimitedText",
				"typeProperties": {
					"location": {
						"type": "AzureBlobFSLocation",
						"fileName": "Realm_Forecast.csv",
						"folderPath": "FDWH",
						"fileSystem": "srcfiles"
					},
					"columnDelimiter": ",",
					"escapeChar": "\\",
					"firstRowAsHeader": true,
					"quoteChar": "\""
				},
				"schema": [
					{
						"name": "Month_Year",
						"type": "String"
					},
					{
						"name": "Revenue_FCT",
						"type": "String"
					},
					{
						"name": "Revenue_FCT_Gross",
						"type": "String"
					},
					{
						"name": "Brand",
						"type": "String"
					},
					{
						"name": "Ship_to_country",
						"type": "String"
					},
					{
						"name": "Incyte_country",
						"type": "String"
					}
				]
			},
			"dependsOn": []
		},
		{
			"name": "[concat(parameters('factoryName'), '/STG_D_PRODUCT')]",
			"type": "Microsoft.DataFactory/factories/datasets",
			"apiVersion": "2018-06-01",
			"properties": {
				"linkedServiceName": {
					"referenceName": "Global_DB_Connection",
					"type": "LinkedServiceReference"
				},
				"annotations": [],
				"type": "AzureSqlTable",
				"schema": [],
				"typeProperties": {
					"schema": "dbo",
					"table": "D_PRODUCT"
				}
			},
			"dependsOn": []
		},
		{
			"name": "[concat(parameters('factoryName'), '/STG_Distributor_ICS')]",
			"type": "Microsoft.DataFactory/factories/datasets",
			"apiVersion": "2018-06-01",
			"properties": {
				"linkedServiceName": {
					"referenceName": "Global_DB_Connection",
					"type": "LinkedServiceReference"
				},
				"folder": {
					"name": "1.Informatica_Datasets/GlobalDWInvoice"
				},
				"annotations": [],
				"type": "AzureSqlTable",
				"schema": [
					{
						"name": "DISTRIBUTOR_KEY",
						"type": "int",
						"precision": 10
					},
					{
						"name": "DISTRIBUTOR_ID",
						"type": "nvarchar"
					},
					{
						"name": "DISTRIBUTOR_NAME",
						"type": "nvarchar"
					},
					{
						"name": "CREATED_DT",
						"type": "datetime",
						"precision": 23,
						"scale": 3
					},
					{
						"name": "CREATED_BY",
						"type": "nvarchar"
					},
					{
						"name": "MODIFIED_DT",
						"type": "datetime",
						"precision": 23,
						"scale": 3
					},
					{
						"name": "MODIFIED_BY",
						"type": "nvarchar"
					},
					{
						"name": "ETL_ID",
						"type": "nvarchar"
					},
					{
						"name": "Address_Line1",
						"type": "nvarchar"
					},
					{
						"name": "Address_Line2",
						"type": "nvarchar"
					},
					{
						"name": "Address_Line3",
						"type": "nvarchar"
					},
					{
						"name": "City",
						"type": "nvarchar"
					},
					{
						"name": "State",
						"type": "nvarchar"
					},
					{
						"name": "Country",
						"type": "nvarchar"
					}
				],
				"typeProperties": {
					"schema": "dbo",
					"table": "STG_DISTRIBUTOR_ICS_ADF"
				}
			},
			"dependsOn": []
		},
		{
			"name": "[concat(parameters('factoryName'), '/STG_INVOICE_IDAC')]",
			"type": "Microsoft.DataFactory/factories/datasets",
			"apiVersion": "2018-06-01",
			"properties": {
				"linkedServiceName": {
					"referenceName": "Global_DB_Connection",
					"type": "LinkedServiceReference"
				},
				"annotations": [],
				"type": "AzureSqlTable",
				"schema": [],
				"typeProperties": {
					"schema": "dbo",
					"table": "STG_INVOICE_IDAC"
				}
			},
			"dependsOn": []
		},
		{
			"name": "[concat(parameters('factoryName'), '/STG_INVOICE_REALM')]",
			"type": "Microsoft.DataFactory/factories/datasets",
			"apiVersion": "2018-06-01",
			"properties": {
				"linkedServiceName": {
					"referenceName": "Global_DB_Connection",
					"type": "LinkedServiceReference"
				},
				"annotations": [],
				"type": "AzureSqlTable",
				"schema": [],
				"typeProperties": {
					"schema": "dbo",
					"table": "STG_INVOICE_REALM"
				}
			},
			"dependsOn": []
		},
		{
			"name": "[concat(parameters('factoryName'), '/STG_INV_HDR_ICS')]",
			"type": "Microsoft.DataFactory/factories/datasets",
			"apiVersion": "2018-06-01",
			"properties": {
				"linkedServiceName": {
					"referenceName": "Global_DB_Connection",
					"type": "LinkedServiceReference"
				},
				"folder": {
					"name": "1.Informatica_Datasets/GlobalDWInvoice"
				},
				"annotations": [],
				"type": "AzureSqlTable",
				"schema": [],
				"typeProperties": {
					"schema": "dbo",
					"table": "STG_INV_HDR_ICS"
				}
			},
			"dependsOn": []
		},
		{
			"name": "[concat(parameters('factoryName'), '/STG_INV_HDR_INMR')]",
			"type": "Microsoft.DataFactory/factories/datasets",
			"apiVersion": "2018-06-01",
			"properties": {
				"linkedServiceName": {
					"referenceName": "Global_DB_Connection",
					"type": "LinkedServiceReference"
				},
				"folder": {
					"name": "1.Informatica_Datasets/GlobalDWInvoice/DS_INNOMOR_FEED"
				},
				"annotations": [],
				"type": "AzureSqlTable",
				"schema": [
					{
						"name": "inv_hdr_id",
						"type": "int",
						"precision": 10
					},
					{
						"name": "RCDNBR",
						"type": "int",
						"precision": 10
					},
					{
						"name": "CSTCNTR",
						"type": "varchar"
					},
					{
						"name": "INVNBR",
						"type": "int",
						"precision": 10
					},
					{
						"name": "TYPE",
						"type": "int",
						"precision": 10
					},
					{
						"name": "INVYR",
						"type": "int",
						"precision": 10
					},
					{
						"name": "ORDNBR",
						"type": "int",
						"precision": 10
					},
					{
						"name": "INVDT",
						"type": "varchar"
					},
					{
						"name": "CUSTNBRSK",
						"type": "int",
						"precision": 10
					},
					{
						"name": "CUSTNM",
						"type": "varchar"
					},
					{
						"name": "CUSTNBR",
						"type": "varchar"
					},
					{
						"name": "INVCUSTNBRSK",
						"type": "int",
						"precision": 10
					},
					{
						"name": "INVCUSTNBR",
						"type": "varchar"
					},
					{
						"name": "TERMSOFPYMTSK",
						"type": "int",
						"precision": 10
					},
					{
						"name": "TERMSOFPYMT",
						"type": "varchar"
					},
					{
						"name": "TERMSOFPYMTDESCR",
						"type": "varchar"
					},
					{
						"name": "TERMSOFDELIVERYSK",
						"type": "int",
						"precision": 10
					},
					{
						"name": "TERMSOFDELIVERY",
						"type": "varchar"
					},
					{
						"name": "MANNEROFTRNSPRTSK",
						"type": "int",
						"precision": 10
					},
					{
						"name": "MANNEROFTRNSPRT",
						"type": "varchar"
					},
					{
						"name": "MANNEROFTRNSPRTDESCR",
						"type": "varchar"
					},
					{
						"name": "ORDREFERENCE",
						"type": "varchar"
					},
					{
						"name": "ORDDT",
						"type": "varchar"
					},
					{
						"name": "ORDLINESTOTAL",
						"type": "money",
						"precision": 19,
						"scale": 4
					},
					{
						"name": "ORDTOTAL",
						"type": "money",
						"precision": 19,
						"scale": 4
					},
					{
						"name": "INVAMTEXCLUDINGVAT",
						"type": "money",
						"precision": 19,
						"scale": 4
					},
					{
						"name": "INVTAXAMT",
						"type": "money",
						"precision": 19,
						"scale": 4
					},
					{
						"name": "INVAMTINCLUDINGVAT",
						"type": "money",
						"precision": 19,
						"scale": 4
					},
					{
						"name": "INVADJUSTMENTAMT",
						"type": "money",
						"precision": 19,
						"scale": 4
					},
					{
						"name": "DUEDT",
						"type": "varchar"
					},
					{
						"name": "HANDLERSK",
						"type": "int",
						"precision": 10
					},
					{
						"name": "HANDLER",
						"type": "varchar"
					},
					{
						"name": "GOODSMARKING",
						"type": "varchar"
					},
					{
						"name": "CUSTSSPLRSORDNBRREFERENCE",
						"type": "varchar"
					},
					{
						"name": "CNTRY",
						"type": "varchar"
					},
					{
						"name": "RSNCDSK",
						"type": "int",
						"precision": 10
					},
					{
						"name": "RSNCD",
						"type": "varchar"
					},
					{
						"name": "RSNCDDESCR",
						"type": "varchar"
					},
					{
						"name": "DEBTORNBRSK",
						"type": "int",
						"precision": 10
					},
					{
						"name": "DEBTORNBR",
						"type": "varchar"
					},
					{
						"name": "REFERENCENBR",
						"type": "int",
						"precision": 10
					},
					{
						"name": "EDITRADINGPARTNERID",
						"type": "varchar"
					},
					{
						"name": "CUSTORDPONBR",
						"type": "varchar"
					},
					{
						"name": "INVDT_TIMECDSK",
						"type": "int",
						"precision": 10
					},
					{
						"name": "ORDDT_TIMECDSK",
						"type": "int",
						"precision": 10
					},
					{
						"name": "DUEDT_TIMECDSK",
						"type": "int",
						"precision": 10
					},
					{
						"name": "CREATED_DT",
						"type": "datetime",
						"precision": 23,
						"scale": 3
					},
					{
						"name": "CREATED_BY",
						"type": "nvarchar"
					},
					{
						"name": "MODIFIED_DT",
						"type": "datetime",
						"precision": 23,
						"scale": 3
					},
					{
						"name": "MODIFIED_BY",
						"type": "nvarchar"
					},
					{
						"name": "ETL_ID",
						"type": "nvarchar"
					}
				],
				"typeProperties": {
					"schema": "dbo",
					"table": "STG_INV_HDR_INMR"
				}
			},
			"dependsOn": []
		},
		{
			"name": "[concat(parameters('factoryName'), '/STG_INV_LINE_ICS')]",
			"type": "Microsoft.DataFactory/factories/datasets",
			"apiVersion": "2018-06-01",
			"properties": {
				"linkedServiceName": {
					"referenceName": "Global_DB_Connection",
					"type": "LinkedServiceReference"
				},
				"folder": {
					"name": "1.Informatica_Datasets/GlobalDWInvoice"
				},
				"annotations": [],
				"type": "AzureSqlTable",
				"schema": [
					{
						"name": "INV_LINE_ID",
						"type": "int",
						"precision": 10
					},
					{
						"name": "RCDNBR",
						"type": "int",
						"precision": 10
					},
					{
						"name": "CSTCNTR",
						"type": "varchar"
					},
					{
						"name": "INVNBR",
						"type": "int",
						"precision": 10
					},
					{
						"name": "INVLINENBR",
						"type": "int",
						"precision": 10
					},
					{
						"name": "TYPE",
						"type": "int",
						"precision": 10
					},
					{
						"name": "INVYR",
						"type": "int",
						"precision": 10
					},
					{
						"name": "ORDNBR",
						"type": "int",
						"precision": 10
					},
					{
						"name": "ORDLINENBR",
						"type": "int",
						"precision": 10
					},
					{
						"name": "PRODCDSK",
						"type": "int",
						"precision": 10
					},
					{
						"name": "PRODCD",
						"type": "varchar"
					},
					{
						"name": "PRODCDDESCR",
						"type": "varchar"
					},
					{
						"name": "QTY",
						"type": "int",
						"precision": 10
					},
					{
						"name": "INVDT",
						"type": "varchar"
					},
					{
						"name": "CUSTSK",
						"type": "int",
						"precision": 10
					},
					{
						"name": "CUSTNBR",
						"type": "varchar"
					},
					{
						"name": "INVDQTYSLSUNIT",
						"type": "int",
						"precision": 10
					},
					{
						"name": "UNIT",
						"type": "varchar"
					},
					{
						"name": "DELIVERYDT",
						"type": "datetime",
						"precision": 23,
						"scale": 3
					},
					{
						"name": "SLSPRICE",
						"type": "money",
						"precision": 19,
						"scale": 4
					},
					{
						"name": "DISCOUNTPERCENTAGE",
						"type": "int",
						"precision": 10
					},
					{
						"name": "DISCOUNTAMT",
						"type": "money",
						"precision": 19,
						"scale": 4
					},
					{
						"name": "AMT",
						"type": "money",
						"precision": 19,
						"scale": 4
					},
					{
						"name": "FREEOFCHARGE",
						"type": "varchar"
					},
					{
						"name": "RETAILPRICE",
						"type": "money",
						"precision": 19,
						"scale": 4
					},
					{
						"name": "TRANTYPE",
						"type": "int",
						"precision": 10
					},
					{
						"name": "COSTPRICE",
						"type": "money",
						"precision": 19,
						"scale": 4
					},
					{
						"name": "PRODGRPSK",
						"type": "int",
						"precision": 10
					},
					{
						"name": "PRODGRP",
						"type": "varchar"
					},
					{
						"name": "PRODACCTGRP",
						"type": "varchar"
					},
					{
						"name": "PRODCTGRY1SK",
						"type": "int",
						"precision": 10
					},
					{
						"name": "PRODCTGRY1",
						"type": "varchar"
					},
					{
						"name": "PRODCTGRY2SK",
						"type": "int",
						"precision": 10
					},
					{
						"name": "PRODCTGRY2",
						"type": "varchar"
					},
					{
						"name": "PRODCTGRY3SK",
						"type": "int",
						"precision": 10
					},
					{
						"name": "PRODCTGRY3",
						"type": "varchar"
					},
					{
						"name": "PRODCTGRY4SK",
						"type": "int",
						"precision": 10
					},
					{
						"name": "PRODCTGRY4",
						"type": "varchar"
					},
					{
						"name": "PRODCTGRY5SK",
						"type": "int",
						"precision": 10
					},
					{
						"name": "PRODCTGRY5",
						"type": "varchar"
					},
					{
						"name": "PRODCTGRY6SK",
						"type": "int",
						"precision": 10
					},
					{
						"name": "PRODCTGRY6",
						"type": "varchar"
					},
					{
						"name": "CUSTGRP",
						"type": "varchar"
					},
					{
						"name": "CUSTACCTGRP",
						"type": "varchar"
					},
					{
						"name": "CUSTCTGRY1SK",
						"type": "int",
						"precision": 10
					},
					{
						"name": "CUSTCTGRY1",
						"type": "varchar"
					},
					{
						"name": "CUSTCTGRY2SK",
						"type": "int",
						"precision": 10
					},
					{
						"name": "CUSTCTGRY2",
						"type": "varchar"
					},
					{
						"name": "CUSTCTGRY3SK",
						"type": "int",
						"precision": 10
					},
					{
						"name": "CUSTCTGRY3",
						"type": "varchar"
					},
					{
						"name": "DISCOUNTGRPSK",
						"type": "int",
						"precision": 10
					},
					{
						"name": "DISCOUNTGRP",
						"type": "varchar"
					},
					{
						"name": "DISCOUNTGRPDESCR",
						"type": "varchar"
					},
					{
						"name": "CNTRY",
						"type": "varchar"
					},
					{
						"name": "AREASK",
						"type": "int",
						"precision": 10
					},
					{
						"name": "AREA",
						"type": "varchar"
					},
					{
						"name": "AREADESCR",
						"type": "varchar"
					},
					{
						"name": "WRHSSK",
						"type": "int",
						"precision": 10
					},
					{
						"name": "WRHSNBR",
						"type": "varchar"
					},
					{
						"name": "ORDTYPESK",
						"type": "int",
						"precision": 10
					},
					{
						"name": "ORDTYPE",
						"type": "varchar"
					},
					{
						"name": "ORDTYPEDESCR",
						"type": "varchar"
					},
					{
						"name": "SPLRNBR",
						"type": "varchar"
					},
					{
						"name": "ORDDISCOUNTPERCENTAGE",
						"type": "int",
						"precision": 10
					},
					{
						"name": "NETPRICE",
						"type": "money",
						"precision": 19,
						"scale": 4
					},
					{
						"name": "REQUESTEDDELIVERYDT",
						"type": "datetime",
						"precision": 23,
						"scale": 3
					},
					{
						"name": "ACCTINGPERIOD",
						"type": "int",
						"precision": 10
					},
					{
						"name": "INVCUSTNBRSK",
						"type": "int",
						"precision": 10
					},
					{
						"name": "INVCUSTNBR",
						"type": "varchar"
					},
					{
						"name": "PRODTYPE",
						"type": "varchar"
					},
					{
						"name": "ORDDT",
						"type": "datetime",
						"precision": 23,
						"scale": 3
					},
					{
						"name": "NETSLSVALUE",
						"type": "money",
						"precision": 19,
						"scale": 4
					},
					{
						"name": "DEBTORNBRSK",
						"type": "int",
						"precision": 10
					},
					{
						"name": "DEBTORNBR",
						"type": "varchar"
					},
					{
						"name": "TOTALAMT",
						"type": "money",
						"precision": 19,
						"scale": 4
					},
					{
						"name": "DENIALOFCREDITRSNCD",
						"type": "varchar"
					},
					{
						"name": "DENIALOFCREDITRSNCDDESCR",
						"type": "varchar"
					},
					{
						"name": "CUSTORDPONBR",
						"type": "varchar"
					},
					{
						"name": "INVDT_TIMECDSK",
						"type": "int",
						"precision": 10
					},
					{
						"name": "DELIVERYDT_TIMECDSK",
						"type": "int",
						"precision": 10
					},
					{
						"name": "REQUESTEDDELIVERYDT_TIMECDSK",
						"type": "int",
						"precision": 10
					},
					{
						"name": "ORDDT_TIMECDSK",
						"type": "int",
						"precision": 10
					},
					{
						"name": "CREATED_DT",
						"type": "datetime",
						"precision": 23,
						"scale": 3
					},
					{
						"name": "CREATED_BY",
						"type": "nvarchar"
					},
					{
						"name": "MODIFIED_DT",
						"type": "datetime",
						"precision": 23,
						"scale": 3
					},
					{
						"name": "MODIFIED_BY",
						"type": "nvarchar"
					},
					{
						"name": "ETL_ID",
						"type": "nvarchar"
					}
				],
				"typeProperties": {
					"schema": "dbo",
					"table": "STG_INV_LINE_ICS"
				}
			},
			"dependsOn": []
		},
		{
			"name": "[concat(parameters('factoryName'), '/STG_INV_LINE_INNOMAR')]",
			"type": "Microsoft.DataFactory/factories/datasets",
			"apiVersion": "2018-06-01",
			"properties": {
				"linkedServiceName": {
					"referenceName": "Global_DB_Connection",
					"type": "LinkedServiceReference"
				},
				"folder": {
					"name": "1.Informatica_Datasets/GlobalDWInvoice/DS_INNOMOR_FEED"
				},
				"annotations": [],
				"type": "AzureSqlTable",
				"schema": [
					{
						"name": "INV_LINE_ID",
						"type": "int",
						"precision": 10
					},
					{
						"name": "RCDNBR",
						"type": "int",
						"precision": 10
					},
					{
						"name": "CSTCNTR",
						"type": "varchar"
					},
					{
						"name": "INVNBR",
						"type": "int",
						"precision": 10
					},
					{
						"name": "INVLINENBR",
						"type": "int",
						"precision": 10
					},
					{
						"name": "TYPE",
						"type": "int",
						"precision": 10
					},
					{
						"name": "INVYR",
						"type": "int",
						"precision": 10
					},
					{
						"name": "ORDNBR",
						"type": "int",
						"precision": 10
					},
					{
						"name": "ORDLINENBR",
						"type": "int",
						"precision": 10
					},
					{
						"name": "PRODCDSK",
						"type": "int",
						"precision": 10
					},
					{
						"name": "PRODCD",
						"type": "varchar"
					},
					{
						"name": "PRODCDDESCR",
						"type": "varchar"
					},
					{
						"name": "QTY",
						"type": "int",
						"precision": 10
					},
					{
						"name": "INVDT",
						"type": "varchar"
					},
					{
						"name": "CUSTSK",
						"type": "int",
						"precision": 10
					},
					{
						"name": "CUSTNBR",
						"type": "varchar"
					},
					{
						"name": "INVDQTYSLSUNIT",
						"type": "int",
						"precision": 10
					},
					{
						"name": "UNIT",
						"type": "varchar"
					},
					{
						"name": "DELIVERYDT",
						"type": "datetime",
						"precision": 23,
						"scale": 3
					},
					{
						"name": "SLSPRICE",
						"type": "money",
						"precision": 19,
						"scale": 4
					},
					{
						"name": "DISCOUNTPERCENTAGE",
						"type": "int",
						"precision": 10
					},
					{
						"name": "DISCOUNTAMT",
						"type": "money",
						"precision": 19,
						"scale": 4
					},
					{
						"name": "AMT",
						"type": "money",
						"precision": 19,
						"scale": 4
					},
					{
						"name": "FREEOFCHARGE",
						"type": "varchar"
					},
					{
						"name": "RETAILPRICE",
						"type": "money",
						"precision": 19,
						"scale": 4
					},
					{
						"name": "TRANTYPE",
						"type": "int",
						"precision": 10
					},
					{
						"name": "COSTPRICE",
						"type": "money",
						"precision": 19,
						"scale": 4
					},
					{
						"name": "PRODGRPSK",
						"type": "int",
						"precision": 10
					},
					{
						"name": "PRODGRP",
						"type": "varchar"
					},
					{
						"name": "PRODACCTGRP",
						"type": "varchar"
					},
					{
						"name": "PRODCTGRY1SK",
						"type": "int",
						"precision": 10
					},
					{
						"name": "PRODCTGRY1",
						"type": "varchar"
					},
					{
						"name": "PRODCTGRY2SK",
						"type": "int",
						"precision": 10
					},
					{
						"name": "PRODCTGRY2",
						"type": "varchar"
					},
					{
						"name": "PRODCTGRY3SK",
						"type": "int",
						"precision": 10
					},
					{
						"name": "PRODCTGRY3",
						"type": "varchar"
					},
					{
						"name": "PRODCTGRY4SK",
						"type": "int",
						"precision": 10
					},
					{
						"name": "PRODCTGRY4",
						"type": "varchar"
					},
					{
						"name": "PRODCTGRY5SK",
						"type": "int",
						"precision": 10
					},
					{
						"name": "PRODCTGRY5",
						"type": "varchar"
					},
					{
						"name": "PRODCTGRY6SK",
						"type": "int",
						"precision": 10
					},
					{
						"name": "PRODCTGRY6",
						"type": "varchar"
					},
					{
						"name": "CUSTGRP",
						"type": "varchar"
					},
					{
						"name": "CUSTACCTGRP",
						"type": "varchar"
					},
					{
						"name": "CUSTCTGRY1SK",
						"type": "int",
						"precision": 10
					},
					{
						"name": "CUSTCTGRY1",
						"type": "varchar"
					},
					{
						"name": "CUSTCTGRY2SK",
						"type": "int",
						"precision": 10
					},
					{
						"name": "CUSTCTGRY2",
						"type": "varchar"
					},
					{
						"name": "CUSTCTGRY3SK",
						"type": "int",
						"precision": 10
					},
					{
						"name": "CUSTCTGRY3",
						"type": "varchar"
					},
					{
						"name": "DISCOUNTGRPSK",
						"type": "int",
						"precision": 10
					},
					{
						"name": "DISCOUNTGRP",
						"type": "varchar"
					},
					{
						"name": "DISCOUNTGRPDESCR",
						"type": "varchar"
					},
					{
						"name": "CNTRY",
						"type": "varchar"
					},
					{
						"name": "AREASK",
						"type": "int",
						"precision": 10
					},
					{
						"name": "AREA",
						"type": "varchar"
					},
					{
						"name": "AREADESCR",
						"type": "varchar"
					},
					{
						"name": "WRHSSK",
						"type": "int",
						"precision": 10
					},
					{
						"name": "WRHSNBR",
						"type": "varchar"
					},
					{
						"name": "ORDTYPESK",
						"type": "int",
						"precision": 10
					},
					{
						"name": "ORDTYPE",
						"type": "varchar"
					},
					{
						"name": "ORDTYPEDESCR",
						"type": "varchar"
					},
					{
						"name": "SPLRNBR",
						"type": "varchar"
					},
					{
						"name": "ORDDISCOUNTPERCENTAGE",
						"type": "int",
						"precision": 10
					},
					{
						"name": "NETPRICE",
						"type": "money",
						"precision": 19,
						"scale": 4
					},
					{
						"name": "REQUESTEDDELIVERYDT",
						"type": "datetime",
						"precision": 23,
						"scale": 3
					},
					{
						"name": "ACCTINGPERIOD",
						"type": "int",
						"precision": 10
					},
					{
						"name": "INVCUSTNBRSK",
						"type": "int",
						"precision": 10
					},
					{
						"name": "INVCUSTNBR",
						"type": "varchar"
					},
					{
						"name": "PRODTYPE",
						"type": "varchar"
					},
					{
						"name": "ORDDT",
						"type": "datetime",
						"precision": 23,
						"scale": 3
					},
					{
						"name": "NETSLSVALUE",
						"type": "money",
						"precision": 19,
						"scale": 4
					},
					{
						"name": "DEBTORNBRSK",
						"type": "int",
						"precision": 10
					},
					{
						"name": "DEBTORNBR",
						"type": "varchar"
					},
					{
						"name": "TOTALAMT",
						"type": "money",
						"precision": 19,
						"scale": 4
					},
					{
						"name": "DENIALOFCREDITRSNCD",
						"type": "varchar"
					},
					{
						"name": "DENIALOFCREDITRSNCDDESCR",
						"type": "varchar"
					},
					{
						"name": "CUSTORDPONBR",
						"type": "varchar"
					},
					{
						"name": "INVDT_TIMECDSK",
						"type": "int",
						"precision": 10
					},
					{
						"name": "DELIVERYDT_TIMECDSK",
						"type": "int",
						"precision": 10
					},
					{
						"name": "REQUESTEDDELIVERYDT_TIMECDSK",
						"type": "int",
						"precision": 10
					},
					{
						"name": "ORDDT_TIMECDSK",
						"type": "int",
						"precision": 10
					},
					{
						"name": "CREATED_DT",
						"type": "datetime",
						"precision": 23,
						"scale": 3
					},
					{
						"name": "CREATED_BY",
						"type": "nvarchar"
					},
					{
						"name": "MODIFIED_DT",
						"type": "datetime",
						"precision": 23,
						"scale": 3
					},
					{
						"name": "MODIFIED_BY",
						"type": "nvarchar"
					},
					{
						"name": "ETL_ID",
						"type": "nvarchar"
					}
				],
				"typeProperties": {
					"schema": "dbo",
					"table": "STG_INV_LINE_INMR"
				}
			},
			"dependsOn": []
		},
		{
			"name": "[concat(parameters('factoryName'), '/STG_Product_ICS')]",
			"type": "Microsoft.DataFactory/factories/datasets",
			"apiVersion": "2018-06-01",
			"properties": {
				"linkedServiceName": {
					"referenceName": "Global_DB_Connection",
					"type": "LinkedServiceReference"
				},
				"annotations": [],
				"type": "AzureSqlTable",
				"schema": [
					{
						"name": "PRDCT_KEY",
						"type": "int",
						"precision": 10
					},
					{
						"name": "PRDCT_CD",
						"type": "nvarchar"
					},
					{
						"name": "DESCR",
						"type": "nvarchar"
					},
					{
						"name": "PRDCT_INTERNAL_NM",
						"type": "nvarchar"
					},
					{
						"name": "PRDCTtype",
						"type": "nvarchar"
					},
					{
						"name": "CommodityCD",
						"type": "nvarchar"
					},
					{
						"name": "PRDCTCTGRY1",
						"type": "nvarchar"
					},
					{
						"name": "CREATED_DT",
						"type": "datetime",
						"precision": 23,
						"scale": 3
					},
					{
						"name": "CREATED_BY",
						"type": "nvarchar"
					},
					{
						"name": "MODIFIED_DT",
						"type": "datetime",
						"precision": 23,
						"scale": 3
					},
					{
						"name": "MODIFIED_BY",
						"type": "nvarchar"
					},
					{
						"name": "ETL_ID",
						"type": "nvarchar"
					}
				],
				"typeProperties": {
					"schema": "dbo",
					"table": "STG_PRODUCT_ICS_adf"
				}
			},
			"dependsOn": []
		},
		{
			"name": "[concat(parameters('factoryName'), '/STG_Product_IDAC')]",
			"type": "Microsoft.DataFactory/factories/datasets",
			"apiVersion": "2018-06-01",
			"properties": {
				"linkedServiceName": {
					"referenceName": "Global_DB_Connection",
					"type": "LinkedServiceReference"
				},
				"annotations": [],
				"type": "AzureSqlTable",
				"schema": [
					{
						"name": "PRODUCT_KEY",
						"type": "int",
						"precision": 10
					},
					{
						"name": "SKU",
						"type": "nvarchar"
					},
					{
						"name": "SKU_ID",
						"type": "nvarchar"
					},
					{
						"name": "PRODUCT_NAME",
						"type": "nvarchar"
					},
					{
						"name": "PRODUCT_STATUS",
						"type": "nvarchar"
					},
					{
						"name": "CREATED_DT",
						"type": "datetime",
						"precision": 23,
						"scale": 3
					},
					{
						"name": "CREATED_BY",
						"type": "nvarchar"
					},
					{
						"name": "MODIFIED_DT",
						"type": "datetime",
						"precision": 23,
						"scale": 3
					},
					{
						"name": "MODIFIED_BY",
						"type": "nvarchar"
					},
					{
						"name": "ETL_ID",
						"type": "nvarchar"
					}
				],
				"typeProperties": {
					"schema": "dbo",
					"table": "STG_PRODUCT_IDAC_adf"
				}
			},
			"dependsOn": []
		},
		{
			"name": "[concat(parameters('factoryName'), '/STG_Product_INMR')]",
			"type": "Microsoft.DataFactory/factories/datasets",
			"apiVersion": "2018-06-01",
			"properties": {
				"linkedServiceName": {
					"referenceName": "Global_DB_Connection",
					"type": "LinkedServiceReference"
				},
				"annotations": [],
				"type": "AzureSqlTable",
				"schema": [
					{
						"name": "PRDCT_KEY",
						"type": "int",
						"precision": 10
					},
					{
						"name": "PRDCT_CD",
						"type": "nvarchar"
					},
					{
						"name": "DESCR",
						"type": "nvarchar"
					},
					{
						"name": "PRDCT_INTERNAL_NM",
						"type": "nvarchar"
					},
					{
						"name": "PRDCTtype",
						"type": "nvarchar"
					},
					{
						"name": "CommodityCD",
						"type": "nvarchar"
					},
					{
						"name": "PRDCTCTGRY1",
						"type": "nvarchar"
					},
					{
						"name": "CREATED_DT",
						"type": "datetime",
						"precision": 23,
						"scale": 3
					},
					{
						"name": "CREATED_BY",
						"type": "nvarchar"
					},
					{
						"name": "MODIFIED_DT",
						"type": "datetime",
						"precision": 23,
						"scale": 3
					},
					{
						"name": "MODIFIED_BY",
						"type": "nvarchar"
					},
					{
						"name": "ETL_ID",
						"type": "nvarchar"
					}
				],
				"typeProperties": {
					"schema": "dbo",
					"table": "STG_Product_INMR"
				}
			},
			"dependsOn": []
		}
	]
}