{
	"$schema": "http://schema.management.azure.com/schemas/2015-01-01/deploymentTemplate.json#",
	"contentVersion": "1.0.0.0",
	"parameters": {
		"factoryName": {
			"type": "string",
			"metadata": "Data Factory name",
			"defaultValue": "Dfact-DataIntegrationServices"
		},
		"EUDW_PRD_connectionString": {
			"type": "secureString",
			"metadata": "Secure string for 'connectionString' of 'EUDW_PRD'",
			"defaultValue": "Integrated Security=False;Encrypt=True;Connection Timeout=30;Data Source=sql-apps-eu-prod.database.windows.net;Initial Catalog=sqldb-apps-eu-prod;User ID=ETLDBAdmin"
		},
		"LS_OneTrust_accountKey": {
			"type": "secureString",
			"metadata": "Secure string for 'accountKey' of 'LS_OneTrust'"
		},
		"Sftp_Alloga_UAT_privateKeyContent": {
			"type": "secureString",
			"metadata": "Secure string for 'privateKeyContent' of 'Sftp_Alloga_UAT'"
		},
		"Sftp_Alloga_UAT_passPhrase": {
			"type": "secureString",
			"metadata": "Secure string for 'passPhrase' of 'Sftp_Alloga_UAT'"
		},
		"AzureBatch_properties_typeProperties_batchUri": {
			"type": "string",
			"defaultValue": "https://disfabricbatch.eastus2.batch.azure.com"
		},
		"AzureBatch_properties_typeProperties_poolName": {
			"type": "string",
			"defaultValue": "disfabricbatch-pool1"
		},
		"AzureBatch_properties_typeProperties_accountName": {
			"type": "string",
			"defaultValue": "disfabricbatch"
		},
		"DIS_ADLS_G2_properties_typeProperties_url": {
			"type": "string",
			"defaultValue": "https://disdatalakefabric.dfs.core.windows.net/"
		},
		"LK_BRONZE_ONETRUST_properties_typeProperties_tenant": {
			"type": "string",
			"defaultValue": "7e315b15-f710-4dd7-adcb-2738eee4c5e3"
		},
		"LK_BRONZE_ONETRUST_properties_typeProperties_servicePrincipalId": {
			"type": "string",
			"defaultValue": "9e106d51-022b-4dc2-a764-272076b35359"
		},
		"LS_OneTrust_properties_typeProperties_url": {
			"type": "string",
			"defaultValue": "https://disdatalakefabric.dfs.core.windows.net/"
		},
		"LS_SFTP_CYBERGRANTS_properties_typeProperties_host": {
			"type": "string",
			"defaultValue": "xfer.cybergrants.com"
		},
		"LS_SFTP_CYBERGRANTS_properties_typeProperties_userName": {
			"type": "string",
			"defaultValue": "s760801"
		},
		"LS_SP_BIOPLANT_properties_typeProperties_servicePrincipalId": {
			"type": "string",
			"defaultValue": "2a0e5d3b-4b99-41ce-946a-101c5a9c6704"
		},
		"SFTP_ICIMS_properties_typeProperties_host": {
			"type": "string",
			"defaultValue": "ftp.icims.com"
		},
		"SFTP_ICIMS_properties_typeProperties_userName": {
			"type": "string",
			"defaultValue": "incyte8645"
		},
		"Sftp_Alloga_UAT_properties_typeProperties_host": {
			"type": "string",
			"defaultValue": "sftp.alloga.fr"
		},
		"Sftp_Alloga_UAT_properties_typeProperties_userName": {
			"type": "string",
			"defaultValue": "Ariad_UAT"
		}
	},
	"variables": {
		"factoryId": "[concat('Microsoft.DataFactory/factories/', parameters('factoryName'))]"
	},
	"resources": [
		{
			"name": "[concat(parameters('factoryName'), '/pipeDelimEmp')]",
			"type": "Microsoft.DataFactory/factories/datasets",
			"apiVersion": "2018-06-01",
			"properties": {
				"linkedServiceName": {
					"referenceName": "ADLSG2",
					"type": "LinkedServiceReference"
				},
				"annotations": [],
				"type": "DelimitedText",
				"typeProperties": {
					"location": {
						"type": "AzureBlobStorageLocation",
						"fileName": "CDW_MEDI_PS_EMPLOYEE_MASTER.TXT",
						"folderPath": "Medispend_Concur/DAILY_INBOUND",
						"container": "srcfiles"
					},
					"columnDelimiter": "|",
					"escapeChar": "\\",
					"firstRowAsHeader": false,
					"quoteChar": "\""
				},
				"schema": [
					{
						"type": "String"
					},
					{
						"type": "String"
					},
					{
						"type": "String"
					},
					{
						"type": "String"
					},
					{
						"type": "String"
					},
					{
						"type": "String"
					},
					{
						"type": "String"
					},
					{
						"type": "String"
					},
					{
						"type": "String"
					},
					{
						"type": "String"
					},
					{
						"type": "String"
					},
					{
						"type": "String"
					},
					{
						"type": "String"
					},
					{
						"type": "String"
					},
					{
						"type": "String"
					},
					{
						"type": "String"
					},
					{
						"type": "String"
					},
					{
						"type": "String"
					},
					{
						"type": "String"
					},
					{
						"type": "String"
					},
					{
						"type": "String"
					},
					{
						"type": "String"
					},
					{
						"type": "String"
					},
					{
						"type": "String"
					},
					{
						"type": "String"
					},
					{
						"type": "String"
					},
					{
						"type": "String"
					},
					{
						"type": "String"
					},
					{
						"type": "String"
					},
					{
						"type": "String"
					},
					{
						"type": "String"
					},
					{
						"type": "String"
					},
					{
						"type": "String"
					},
					{
						"type": "String"
					},
					{
						"type": "String"
					},
					{
						"type": "String"
					},
					{
						"type": "String"
					},
					{
						"type": "String"
					},
					{
						"type": "String"
					},
					{
						"type": "String"
					},
					{
						"type": "String"
					},
					{
						"type": "String"
					}
				]
			},
			"dependsOn": []
		},
		{
			"name": "[concat(parameters('factoryName'), '/pipeDelimSupplier')]",
			"type": "Microsoft.DataFactory/factories/datasets",
			"apiVersion": "2018-06-01",
			"properties": {
				"linkedServiceName": {
					"referenceName": "ADLSG2",
					"type": "LinkedServiceReference"
				},
				"annotations": [],
				"type": "DelimitedText",
				"typeProperties": {
					"location": {
						"type": "AzureBlobStorageLocation",
						"fileName": "MEDISPEND_CR_PS_SUPPLIER.TXT",
						"folderPath": "Medispend_Concur/DAILY_INBOUND",
						"container": "srcfiles"
					},
					"columnDelimiter": "|",
					"escapeChar": "\\",
					"firstRowAsHeader": true,
					"quoteChar": "\""
				},
				"schema": [
					{
						"name": "RECIPIENT_TYPE",
						"type": "String"
					},
					{
						"name": "ORGANIZATION_TYPE",
						"type": "String"
					},
					{
						"name": "INSTITUTION_NAME",
						"type": "String"
					},
					{
						"name": "FIRST_NAME",
						"type": "String"
					},
					{
						"name": "MIDDLE_NAME",
						"type": "String"
					},
					{
						"name": "LAST_NAME",
						"type": "String"
					},
					{
						"name": "SUFFIX",
						"type": "String"
					},
					{
						"name": "TITLE",
						"type": "String"
					},
					{
						"name": "TAX_ID",
						"type": "String"
					},
					{
						"name": "NPI",
						"type": "String"
					},
					{
						"name": "CREDENTIALS",
						"type": "String"
					},
					{
						"name": "EMAIL",
						"type": "String"
					},
					{
						"name": "PHONE",
						"type": "String"
					},
					{
						"name": "PHONE_EXTENSION",
						"type": "String"
					},
					{
						"name": "CR_CID",
						"type": "String"
					},
					{
						"name": "TIER",
						"type": "String"
					},
					{
						"name": "ALIAS_FIRST_NAME",
						"type": "String"
					},
					{
						"name": "ALIAS_MIDDLE_NAME",
						"type": "String"
					},
					{
						"name": "ALIAS_LAST_NAME",
						"type": "String"
					},
					{
						"name": "ALIAS_INSTITUTION_NAME",
						"type": "String"
					},
					{
						"name": "SPECIALTY_1",
						"type": "String"
					},
					{
						"name": "SPECIALTY_2",
						"type": "String"
					},
					{
						"name": "SPECIALTY_3",
						"type": "String"
					},
					{
						"name": "STATELICENSENUMBER1",
						"type": "String"
					},
					{
						"name": "STATEOFLICENSURE1",
						"type": "String"
					},
					{
						"name": "SLN_START_DATE_1",
						"type": "String"
					},
					{
						"name": "SLN_STOP_DATE_1",
						"type": "String"
					},
					{
						"name": "STATELICENSENUMBER2",
						"type": "String"
					},
					{
						"name": "STATEOFLICENSURE2",
						"type": "String"
					},
					{
						"name": "SLN_START_DATE_2",
						"type": "String"
					},
					{
						"name": "SLN_STOP_DATE_2",
						"type": "String"
					},
					{
						"name": "STATELICENSENUMBER3",
						"type": "String"
					},
					{
						"name": "STATEOFLICENSURE3",
						"type": "String"
					},
					{
						"name": "SLN_START_DATE_3",
						"type": "String"
					},
					{
						"name": "SLN_STOP_DATE_3",
						"type": "String"
					},
					{
						"name": "STATELICENSENUMBER4",
						"type": "String"
					},
					{
						"name": "STATEOFLICENSURE4",
						"type": "String"
					},
					{
						"name": "SLN_START_DATE_4",
						"type": "String"
					},
					{
						"name": "SLN_STOP_DATE_4",
						"type": "String"
					},
					{
						"name": "STATELICENSENUMBER5",
						"type": "String"
					},
					{
						"name": "STATEOFLICENSURE5",
						"type": "String"
					},
					{
						"name": "SLN_START_DATE_5",
						"type": "String"
					},
					{
						"name": "SLN_STOP_DATE_5",
						"type": "String"
					},
					{
						"name": "STATELICENSENUMBER6",
						"type": "String"
					},
					{
						"name": "STATEOFLICENSURE6",
						"type": "String"
					},
					{
						"name": "SLN_START_DATE_6",
						"type": "String"
					},
					{
						"name": "SLN_STOP_DATE_6",
						"type": "String"
					},
					{
						"name": "STATELICENSENUMBER7",
						"type": "String"
					},
					{
						"name": "STATEOFLICENSURE7",
						"type": "String"
					},
					{
						"name": "SLN_START_DATE_7",
						"type": "String"
					},
					{
						"name": "SLN_STOP_DATE_7",
						"type": "String"
					},
					{
						"name": "STATELICENSENUMBER8",
						"type": "String"
					},
					{
						"name": "STATEOFLICENSURE8",
						"type": "String"
					},
					{
						"name": "SLN_START_DATE_8",
						"type": "String"
					},
					{
						"name": "SLN_STOP_DATE_8",
						"type": "String"
					},
					{
						"name": "STATELICENSENUMBER9",
						"type": "String"
					},
					{
						"name": "STATEOFLICENSURE9",
						"type": "String"
					},
					{
						"name": "SLN_START_DATE_9",
						"type": "String"
					},
					{
						"name": "SLN_STOP_DATE_9",
						"type": "String"
					},
					{
						"name": "STATELICENSENUMBER10",
						"type": "String"
					},
					{
						"name": "STATEOFLICENSURE10",
						"type": "String"
					},
					{
						"name": "SLN_START_DATE_10",
						"type": "String"
					},
					{
						"name": "SLN_STOP_DATE_10",
						"type": "String"
					},
					{
						"name": "STATELICENSENUMBER11",
						"type": "String"
					},
					{
						"name": "STATEOFLICENSURE11",
						"type": "String"
					},
					{
						"name": "SLN_START_DATE_11",
						"type": "String"
					},
					{
						"name": "SLN_STOP_DATE_11",
						"type": "String"
					},
					{
						"name": "STATELICENSENUMBER12",
						"type": "String"
					},
					{
						"name": "STATEOFLICENSURE12",
						"type": "String"
					},
					{
						"name": "SLN_START_DATE_12",
						"type": "String"
					},
					{
						"name": "SLN_STOP_DATE_12",
						"type": "String"
					},
					{
						"name": "STATELICENSENUMBER13",
						"type": "String"
					},
					{
						"name": "STATEOFLICENSURE13",
						"type": "String"
					},
					{
						"name": "SLN_START_DATE_13",
						"type": "String"
					},
					{
						"name": "SLN_STOP_DATE_13",
						"type": "String"
					},
					{
						"name": "STATELICENSENUMBER14",
						"type": "String"
					},
					{
						"name": "STATEOFLICENSURE14",
						"type": "String"
					},
					{
						"name": "SLN_START_DATE_14",
						"type": "String"
					},
					{
						"name": "SLN_STOP_DATE_14",
						"type": "String"
					},
					{
						"name": "STATELICENSENUMBER15",
						"type": "String"
					},
					{
						"name": "STATEOFLICENSURE15",
						"type": "String"
					},
					{
						"name": "SLN_START_DATE_15",
						"type": "String"
					},
					{
						"name": "SLN_STOP_DATE_15",
						"type": "String"
					},
					{
						"name": "DEA_NUMBER",
						"type": "String"
					},
					{
						"name": "DEA_START_DATE",
						"type": "String"
					},
					{
						"name": "DEA_STOP_DATE",
						"type": "String"
					},
					{
						"name": "MA_CR_ID",
						"type": "String"
					},
					{
						"name": "MA_LICENSE_TYPE",
						"type": "String"
					},
					{
						"name": "MA_CR_ID_START_DATE",
						"type": "String"
					},
					{
						"name": "MA_CR_ID_STOP_DATE",
						"type": "String"
					},
					{
						"name": "HDS_PHYID",
						"type": "String"
					},
					{
						"name": "HDS_SITEID",
						"type": "String"
					},
					{
						"name": "HLD_PROVIDER_ID",
						"type": "String"
					},
					{
						"name": "JDE_ID",
						"type": "String"
					},
					{
						"name": "SAP_CR_ID",
						"type": "String"
					},
					{
						"name": "ORACLE_CR_ID",
						"type": "String"
					},
					{
						"name": "EPICOR",
						"type": "String"
					},
					{
						"name": "CONCUR_CR_ID",
						"type": "String"
					},
					{
						"name": "MOBILEXPENSE_CR_ID",
						"type": "String"
					},
					{
						"name": "SALESFORCE_COM_ID",
						"type": "String"
					},
					{
						"name": "IMS_ID",
						"type": "String"
					},
					{
						"name": "ADDRESS1ADDRESSLINE1",
						"type": "String"
					},
					{
						"name": "ADDRESS1ADDRESSLINE2",
						"type": "String"
					},
					{
						"name": "ADDRESS1CITY",
						"type": "String"
					},
					{
						"name": "ADDRESS1STATE",
						"type": "String"
					},
					{
						"name": "ADDRESS1PROVINCE",
						"type": "String"
					},
					{
						"name": "ADDRESS1COUNTRY",
						"type": "String"
					},
					{
						"name": "ADDRESS1ZIP",
						"type": "String"
					},
					{
						"name": "ADDRESS1POST_OFFICE_SORTING_CODE",
						"type": "String"
					},
					{
						"name": "ADDRESS1_START_DATE",
						"type": "String"
					},
					{
						"name": "ADDRESS1_STOP_DATE",
						"type": "String"
					},
					{
						"name": "ADDRESS2LINE1",
						"type": "String"
					},
					{
						"name": "ADDRESS2LINE2",
						"type": "String"
					},
					{
						"name": "ADDRESS2CITY",
						"type": "String"
					},
					{
						"name": "ADDRESS2STATE",
						"type": "String"
					},
					{
						"name": "ADDRESS2PROVINCE",
						"type": "String"
					},
					{
						"name": "ADDRESS2COUNTRY",
						"type": "String"
					},
					{
						"name": "ADDRESS2ZIP",
						"type": "String"
					},
					{
						"name": "ADDRESS2POST_OFFICE_SORTING_CODE",
						"type": "String"
					},
					{
						"name": "ADDRESS2_START_DATE",
						"type": "String"
					},
					{
						"name": "ADDRESS2_STOP_DATE",
						"type": "String"
					},
					{
						"name": "ADDRESS3LINE1",
						"type": "String"
					},
					{
						"name": "ADDRESS3LINE2",
						"type": "String"
					},
					{
						"name": "ADDRESS3CITY",
						"type": "String"
					},
					{
						"name": "ADDRESS3STATE",
						"type": "String"
					},
					{
						"name": "ADDRESS3PROVINCE",
						"type": "String"
					},
					{
						"name": "ADDRESS3COUNTRY",
						"type": "String"
					},
					{
						"name": "ADDRESS3ZIP",
						"type": "String"
					},
					{
						"name": "ADDRESS3POST_OFFICE_SORTING_CODE",
						"type": "String"
					},
					{
						"name": "ADDRESS3_START_DATE",
						"type": "String"
					},
					{
						"name": "ADDRESS3_STOP_DATE",
						"type": "String"
					},
					{
						"name": "ADDRESS4LINE1",
						"type": "String"
					},
					{
						"name": "ADDRESS4LINE2",
						"type": "String"
					},
					{
						"name": "ADDRESS4CITY",
						"type": "String"
					},
					{
						"name": "ADDRESS4STATE",
						"type": "String"
					},
					{
						"name": "ADDRESS4PROVINCE",
						"type": "String"
					},
					{
						"name": "ADDRESS4COUNTRY",
						"type": "String"
					},
					{
						"name": "ADDRESS4ZIP",
						"type": "String"
					},
					{
						"name": "ADDRESS4POST_OFFICE_SORTING_CODE",
						"type": "String"
					},
					{
						"name": "ADDRESS4_START_DATE",
						"type": "String"
					},
					{
						"name": "ADDRESS4_STOP_DATE",
						"type": "String"
					},
					{
						"name": "ADDRESS5LINE1",
						"type": "String"
					},
					{
						"name": "ADDRESS5LINE2",
						"type": "String"
					},
					{
						"name": "ADDRESS5CITY",
						"type": "String"
					},
					{
						"name": "ADDRESS5STATE",
						"type": "String"
					},
					{
						"name": "ADDRESS5PROVINCE",
						"type": "String"
					},
					{
						"name": "ADDRESS5COUNTRY",
						"type": "String"
					},
					{
						"name": "ADDRESS5ZIP",
						"type": "String"
					},
					{
						"name": "ADDRESS5POST_OFFICE_SORTING_CODE",
						"type": "String"
					},
					{
						"name": "ADDRESS5_START_DATE",
						"type": "String"
					},
					{
						"name": "ADDRESS5_STOP_DATE",
						"type": "String"
					},
					{
						"name": "AFFILIATION1",
						"type": "String"
					},
					{
						"name": "AFFILIATION2",
						"type": "String"
					},
					{
						"name": "AFFILIATION3",
						"type": "String"
					},
					{
						"name": "AFFILIATION4",
						"type": "String"
					},
					{
						"name": "AFFILIATION5",
						"type": "String"
					},
					{
						"name": "AFFILIATION6",
						"type": "String"
					},
					{
						"name": "AFFILIATION7",
						"type": "String"
					},
					{
						"name": "AFFILIATION8",
						"type": "String"
					},
					{
						"name": "AFFILIATION9",
						"type": "String"
					},
					{
						"name": "AFFILIATION10",
						"type": "String"
					},
					{
						"name": "AFFILIATION11",
						"type": "String"
					},
					{
						"name": "AFFILIATION12",
						"type": "String"
					},
					{
						"name": "AFFILIATION13",
						"type": "String"
					},
					{
						"name": "AFFILIATION14",
						"type": "String"
					},
					{
						"name": "AFFILIATION15",
						"type": "String"
					},
					{
						"name": "EFFECTIVE_DATE",
						"type": "String"
					},
					{
						"name": "NOTES",
						"type": "String"
					},
					{
						"name": "CUSTOM_IDENTIFIER_NAME",
						"type": "String"
					},
					{
						"name": "CUSTOM_FIELD_NAME",
						"type": "String"
					},
					{
						"name": "NEW_CR_CID",
						"type": "String"
					},
					{
						"name": "INCY_COMPLIANCESPECIALTY",
						"type": "String"
					},
					{
						"name": "CMS_TXNMY_CODE",
						"type": "String"
					},
					{
						"name": "HCP_HCO_TYPE",
						"type": "String"
					},
					{
						"name": "BENEFICIARY_CATEGORY",
						"type": "String"
					},
					{
						"name": "NATIONALID1",
						"type": "String"
					},
					{
						"name": "TAXTYPE1",
						"type": "String"
					},
					{
						"name": "NATIONALID2",
						"type": "String"
					},
					{
						"name": "TAXTYPE2",
						"type": "String"
					},
					{
						"name": "NATIONALID3",
						"type": "String"
					},
					{
						"name": "TAXTYPE3",
						"type": "String"
					},
					{
						"name": "NATIONALID4",
						"type": "String"
					},
					{
						"name": "TAXTYPE4",
						"type": "String"
					}
				]
			},
			"dependsOn": []
		},
		{
			"name": "[concat(parameters('factoryName'), '/sftpMedispend')]",
			"type": "Microsoft.DataFactory/factories/datasets",
			"apiVersion": "2018-06-01",
			"properties": {
				"linkedServiceName": {
					"referenceName": "SFTP_MEDISPEND",
					"type": "LinkedServiceReference",
					"parameters": {
						"MedispendAccount": "incyte",
						"MedispendKeyVaultName": "SFTPMedispendUSSTG"
					}
				},
				"annotations": [],
				"type": "Binary",
				"typeProperties": {
					"location": {
						"type": "SftpLocation"
					}
				}
			},
			"dependsOn": []
		},
		{
			"name": "[concat(parameters('factoryName'), '/sftp_MEDI_SAPCPI_HR')]",
			"type": "Microsoft.DataFactory/factories/datasets",
			"apiVersion": "2018-06-01",
			"properties": {
				"linkedServiceName": {
					"referenceName": "LZONE",
					"type": "LinkedServiceReference"
				},
				"parameters": {
					"SAPCPI_ENV_PATH": {
						"type": "string"
					},
					"SAPCPI_FILENAME": {
						"type": "string"
					}
				},
				"annotations": [],
				"type": "Binary",
				"typeProperties": {
					"location": {
						"type": "SftpLocation",
						"fileName": {
							"value": "@dataset().SAPCPI_FILENAME",
							"type": "Expression"
						},
						"folderPath": {
							"value": "@dataset().SAPCPI_ENV_PATH",
							"type": "Expression"
						}
					}
				}
			},
			"dependsOn": []
		},
		{
			"name": "[concat(parameters('factoryName'), '/src_Medispend_File')]",
			"type": "Microsoft.DataFactory/factories/datasets",
			"apiVersion": "2018-06-01",
			"properties": {
				"linkedServiceName": {
					"referenceName": "ADLSG2",
					"type": "LinkedServiceReference"
				},
				"parameters": {
					"FileToArchive": {
						"type": "String"
					}
				},
				"annotations": [],
				"type": "Binary",
				"typeProperties": {
					"location": {
						"type": "AzureBlobStorageLocation",
						"fileName": {
							"value": "@dataset().FileToArchive",
							"type": "Expression"
						},
						"folderPath": "Medispend_Concur/DAILY_INBOUND",
						"container": "srcfiles"
					}
				}
			},
			"dependsOn": []
		},
		{
			"name": "[concat(parameters('factoryName'), '/tbl_EUDW_HCO')]",
			"type": "Microsoft.DataFactory/factories/datasets",
			"apiVersion": "2018-06-01",
			"properties": {
				"linkedServiceName": {
					"referenceName": "SQL_EUDW",
					"type": "LinkedServiceReference",
					"parameters": {
						"EUDWSQLServer": {
							"value": "@dataset().EUDWSQLServer",
							"type": "Expression"
						},
						"EUDWDatabase": {
							"value": "@dataset().EUDWDatabase",
							"type": "Expression"
						},
						"EUDWAccount": {
							"value": "@dataset().EUDWAccount",
							"type": "Expression"
						},
						"EUDWKeyVaultSecret": {
							"value": "@dataset().EUDWKeyVaultSecret",
							"type": "Expression"
						}
					}
				},
				"parameters": {
					"EUDWSQLServer": {
						"type": "String"
					},
					"EUDWDatabase": {
						"type": "String"
					},
					"EUDWAccount": {
						"type": "String"
					},
					"EUDWKeyVaultSecret": {
						"type": "String"
					}
				},
				"folder": {
					"name": "MediSpend"
				},
				"annotations": [],
				"type": "SqlServerTable",
				"schema": [
					{
						"name": "Veeva_ID",
						"type": "nvarchar"
					},
					{
						"name": "ORG_ID",
						"type": "nvarchar"
					},
					{
						"name": "ACCTNM",
						"type": "nvarchar"
					},
					{
						"name": "PREFERRED_NM",
						"type": "nvarchar"
					},
					{
						"name": "ACCTTYPE",
						"type": "nvarchar"
					},
					{
						"name": "TIN",
						"type": "nvarchar"
					},
					{
						"name": "ADDR1",
						"type": "nvarchar"
					},
					{
						"name": "ADDR2",
						"type": "nvarchar"
					},
					{
						"name": "CITY",
						"type": "nvarchar"
					},
					{
						"name": "ST",
						"type": "nvarchar"
					},
					{
						"name": "ZIP",
						"type": "nvarchar"
					},
					{
						"name": "CNTRY_CD",
						"type": "nvarchar"
					},
					{
						"name": "CREATED_DT",
						"type": "datetime",
						"precision": 23,
						"scale": 3
					},
					{
						"name": "CREATED_BY",
						"type": "nvarchar"
					},
					{
						"name": "MODIFIED_DT",
						"type": "datetime",
						"precision": 23,
						"scale": 3
					},
					{
						"name": "MODIFIED_BY",
						"type": "nvarchar"
					},
					{
						"name": "ETL_ID",
						"type": "nvarchar"
					},
					{
						"name": "National_Identifier",
						"type": "nvarchar"
					},
					{
						"name": "OFFICIAL_NATIONAL_ID_CODE_BE_ORD__c",
						"type": "nvarchar"
					},
					{
						"name": "Official_National_ID_Code_ES_NIF__c",
						"type": "nvarchar"
					},
					{
						"name": "Official_National_ID_Code_IT_CIF__c",
						"type": "nvarchar"
					},
					{
						"name": "Official_National_ID_Code__c",
						"type": "nvarchar"
					},
					{
						"name": "Off_National_ID_Wkp_IT_PT_CODICE_NIF__c",
						"type": "nvarchar"
					},
					{
						"name": "Official_National_ID_Wkp_BE_LU_INAMI__c",
						"type": "nvarchar"
					},
					{
						"name": "OFFICIAL_NATIONAL_ID_WKP_NL_KVK_NR__C",
						"type": "nvarchar"
					}
				],
				"typeProperties": {
					"schema": "dbo",
					"table": "D_HCO"
				}
			},
			"dependsOn": []
		},
		{
			"name": "[concat(parameters('factoryName'), '/tbl_EUDW_HCP')]",
			"type": "Microsoft.DataFactory/factories/datasets",
			"apiVersion": "2018-06-01",
			"properties": {
				"linkedServiceName": {
					"referenceName": "SQL_EUDW",
					"type": "LinkedServiceReference",
					"parameters": {
						"EUDWSQLServer": {
							"value": "@dataset().EUDW_SQLserver",
							"type": "Expression"
						},
						"EUDWDatabase": {
							"value": "@dataset().EUDW_SQLdb",
							"type": "Expression"
						},
						"EUDWAccount": {
							"value": "@dataset().EUDW_SQLAccount",
							"type": "Expression"
						},
						"EUDWKeyVaultSecret": {
							"value": "@dataset().EDUW_KeyVaultSecret",
							"type": "Expression"
						}
					}
				},
				"parameters": {
					"EUDW_SQLserver": {
						"type": "string"
					},
					"EUDW_SQLdb": {
						"type": "string"
					},
					"EDUW_KeyVaultSecret": {
						"type": "string"
					},
					"EUDW_SQLAccount": {
						"type": "string"
					}
				},
				"folder": {
					"name": "MediSpend"
				},
				"annotations": [],
				"type": "SqlServerTable",
				"schema": [
					{
						"name": "Veeva_ID",
						"type": "nvarchar"
					},
					{
						"name": "ORG_ID",
						"type": "nvarchar"
					},
					{
						"name": "ACCTNM",
						"type": "nvarchar"
					},
					{
						"name": "PREFERRED_NM",
						"type": "nvarchar"
					},
					{
						"name": "ACCTTYPE",
						"type": "nvarchar"
					},
					{
						"name": "TIN",
						"type": "nvarchar"
					},
					{
						"name": "ADDR1",
						"type": "nvarchar"
					},
					{
						"name": "ADDR2",
						"type": "nvarchar"
					},
					{
						"name": "CITY",
						"type": "nvarchar"
					},
					{
						"name": "ST",
						"type": "nvarchar"
					},
					{
						"name": "ZIP",
						"type": "nvarchar"
					},
					{
						"name": "CNTRY_CD",
						"type": "nvarchar"
					},
					{
						"name": "CREATED_DT",
						"type": "datetime",
						"precision": 23,
						"scale": 3
					},
					{
						"name": "CREATED_BY",
						"type": "nvarchar"
					},
					{
						"name": "MODIFIED_DT",
						"type": "datetime",
						"precision": 23,
						"scale": 3
					},
					{
						"name": "MODIFIED_BY",
						"type": "nvarchar"
					},
					{
						"name": "ETL_ID",
						"type": "nvarchar"
					},
					{
						"name": "National_Identifier",
						"type": "nvarchar"
					},
					{
						"name": "OFFICIAL_NATIONAL_ID_CODE_BE_ORD__c",
						"type": "nvarchar"
					},
					{
						"name": "Official_National_ID_Code_ES_NIF__c",
						"type": "nvarchar"
					},
					{
						"name": "Official_National_ID_Code_IT_CIF__c",
						"type": "nvarchar"
					},
					{
						"name": "Official_National_ID_Code__c",
						"type": "nvarchar"
					},
					{
						"name": "Off_National_ID_Wkp_IT_PT_CODICE_NIF__c",
						"type": "nvarchar"
					},
					{
						"name": "Official_National_ID_Wkp_BE_LU_INAMI__c",
						"type": "nvarchar"
					},
					{
						"name": "OFFICIAL_NATIONAL_ID_WKP_NL_KVK_NR__C",
						"type": "nvarchar"
					}
				],
				"typeProperties": {
					"schema": "dbo",
					"table": "D_HCP"
				}
			},
			"dependsOn": []
		},
		{
			"name": "[concat(parameters('factoryName'), '/tbl_STG_Trunc')]",
			"type": "Microsoft.DataFactory/factories/datasets",
			"apiVersion": "2018-06-01",
			"properties": {
				"linkedServiceName": {
					"referenceName": "AZSQLVM",
					"type": "LinkedServiceReference"
				},
				"folder": {
					"name": "MediSpend"
				},
				"annotations": [],
				"type": "SqlServerTable",
				"schema": [],
				"typeProperties": {}
			},
			"dependsOn": []
		},
		{
			"name": "[concat(parameters('factoryName'), '/tbl_Src_MDU')]",
			"type": "Microsoft.DataFactory/factories/datasets",
			"apiVersion": "2018-06-01",
			"properties": {
				"linkedServiceName": {
					"referenceName": "AZSQLVM",
					"type": "LinkedServiceReference"
				},
				"parameters": {
					"TableName": {
						"type": "string"
					}
				},
				"folder": {
					"name": "MediSpend"
				},
				"annotations": [],
				"type": "SqlServerTable",
				"schema": [],
				"typeProperties": {
					"schema": "MDU",
					"table": {
						"value": "@dataset().TableName",
						"type": "Expression"
					}
				}
			},
			"dependsOn": []
		},
		{
			"name": "[concat(parameters('factoryName'), '/tbl_Tgt_MDI')]",
			"type": "Microsoft.DataFactory/factories/datasets",
			"apiVersion": "2018-06-01",
			"properties": {
				"linkedServiceName": {
					"referenceName": "AZSQLVM",
					"type": "LinkedServiceReference"
				},
				"parameters": {
					"TableName": {
						"type": "string"
					}
				},
				"folder": {
					"name": "MediSpend"
				},
				"annotations": [],
				"type": "SqlServerTable",
				"schema": [],
				"typeProperties": {
					"schema": "MDI",
					"table": {
						"value": "@dataset().TableName",
						"type": "Expression"
					}
				}
			},
			"dependsOn": []
		},
		{
			"name": "[concat(parameters('factoryName'), '/tbl_Tgt_MDM')]",
			"type": "Microsoft.DataFactory/factories/datasets",
			"apiVersion": "2018-06-01",
			"properties": {
				"linkedServiceName": {
					"referenceName": "AZSQLVM",
					"type": "LinkedServiceReference"
				},
				"parameters": {
					"TableName": {
						"type": "string"
					}
				},
				"folder": {
					"name": "MediSpend"
				},
				"annotations": [],
				"type": "SqlServerTable",
				"schema": [],
				"typeProperties": {
					"schema": "MDM",
					"table": {
						"value": "@dataset().TableName",
						"type": "Expression"
					}
				}
			},
			"dependsOn": []
		},
		{
			"name": "[concat(parameters('factoryName'), '/AzureBatch')]",
			"type": "Microsoft.DataFactory/factories/linkedServices",
			"apiVersion": "2018-06-01",
			"properties": {
				"annotations": [],
				"type": "AzureBatch",
				"typeProperties": {
					"batchUri": "[parameters('AzureBatch_properties_typeProperties_batchUri')]",
					"poolName": "[parameters('AzureBatch_properties_typeProperties_poolName')]",
					"accountName": "[parameters('AzureBatch_properties_typeProperties_accountName')]",
					"linkedServiceName": {
						"referenceName": "ADLSG2",
						"type": "LinkedServiceReference"
					}
				},
				"connectVia": {
					"referenceName": "IR-ONPREM-SELFHOSTED",
					"type": "IntegrationRuntimeReference"
				}
			},
			"dependsOn": []
		},
		{
			"name": "[concat(parameters('factoryName'), '/DIS_ADLS_G2')]",
			"type": "Microsoft.DataFactory/factories/linkedServices",
			"apiVersion": "2018-06-01",
			"properties": {
				"annotations": [],
				"type": "AzureBlobFS",
				"typeProperties": {
					"url": "[parameters('DIS_ADLS_G2_properties_typeProperties_url')]"
				},
				"connectVia": {
					"referenceName": "IR-AZURE-VNET",
					"type": "IntegrationRuntimeReference"
				}
			},
			"dependsOn": []
		},
		{
			"name": "[concat(parameters('factoryName'), '/EUDW_PRD')]",
			"type": "Microsoft.DataFactory/factories/linkedServices",
			"apiVersion": "2018-06-01",
			"properties": {
				"annotations": [],
				"type": "AzureSqlDatabase",
				"typeProperties": {
					"connectionString": "[parameters('EUDW_PRD_connectionString')]",
					"password": {
						"type": "AzureKeyVaultSecret",
						"store": {
							"referenceName": "KV_DIS_FABRIC_PRD",
							"type": "LinkedServiceReference"
						},
						"secretName": "EUDW"
					}
				},
				"connectVia": {
					"referenceName": "IR-AZURE-VNET",
					"type": "IntegrationRuntimeReference"
				}
			},
			"dependsOn": []
		},
		{
			"name": "[concat(parameters('factoryName'), '/LK_BRONZE_ONETRUST')]",
			"type": "Microsoft.DataFactory/factories/linkedServices",
			"apiVersion": "2018-06-01",
			"properties": {
				"annotations": [],
				"type": "Lakehouse",
				"typeProperties": {
					"workspaceId": "3a140b01-263b-4944-9041-4dc02fb7348a",
					"artifactId": "e7e352f2-cfd5-44a0-9fd4-cc562738ce75",
					"tenant": "[parameters('LK_BRONZE_ONETRUST_properties_typeProperties_tenant')]",
					"servicePrincipalId": "[parameters('LK_BRONZE_ONETRUST_properties_typeProperties_servicePrincipalId')]",
					"servicePrincipalCredentialType": "ServicePrincipalKey",
					"servicePrincipalCredential": {
						"type": "AzureKeyVaultSecret",
						"store": {
							"referenceName": "LS_KV_DIS_FABRIC",
							"type": "LinkedServiceReference"
						},
						"secretName": "Fabric-APP-Secrete"
					}
				},
				"connectVia": {
					"referenceName": "IR-AZURE-VNET",
					"type": "IntegrationRuntimeReference"
				}
			},
			"dependsOn": []
		},
		{
			"name": "[concat(parameters('factoryName'), '/LS_OneTrust')]",
			"type": "Microsoft.DataFactory/factories/linkedServices",
			"apiVersion": "2018-06-01",
			"properties": {
				"annotations": [],
				"type": "AzureBlobFS",
				"typeProperties": {
					"url": "[parameters('LS_OneTrust_properties_typeProperties_url')]",
					"accountKey": {
						"type": "SecureString",
						"value": "[parameters('LS_OneTrust_accountKey')]"
					}
				},
				"connectVia": {
					"referenceName": "IR-AZURE-VNET",
					"type": "IntegrationRuntimeReference"
				}
			},
			"dependsOn": []
		},
		{
			"name": "[concat(parameters('factoryName'), '/LS_SFTP_CYBERGRANTS')]",
			"type": "Microsoft.DataFactory/factories/linkedServices",
			"apiVersion": "2018-06-01",
			"properties": {
				"annotations": [],
				"type": "Sftp",
				"typeProperties": {
					"host": "[parameters('LS_SFTP_CYBERGRANTS_properties_typeProperties_host')]",
					"port": 22,
					"skipHostKeyValidation": true,
					"authenticationType": "Basic",
					"userName": "[parameters('LS_SFTP_CYBERGRANTS_properties_typeProperties_userName')]",
					"password": {
						"type": "AzureKeyVaultSecret",
						"store": {
							"referenceName": "LS_KV_DIS_FABRIC",
							"type": "LinkedServiceReference"
						},
						"secretName": "FTPCYBERGRANTS"
					}
				},
				"connectVia": {
					"referenceName": "IR-AZURE-VNET",
					"type": "IntegrationRuntimeReference"
				}
			},
			"dependsOn": []
		},
		{
			"name": "[concat(parameters('factoryName'), '/LS_SP_BIOPLANT')]",
			"type": "Microsoft.DataFactory/factories/linkedServices",
			"apiVersion": "2018-06-01",
			"properties": {
				"annotations": [],
				"type": "SharePointOnlineList",
				"typeProperties": {
					"siteUrl": "https://incyte.sharepoint.com/sites/EHSYverdon",
					"tenantId": "7e315b15-f710-4dd7-adcb-2738eee4c5e3",
					"servicePrincipalId": "[parameters('LS_SP_BIOPLANT_properties_typeProperties_servicePrincipalId')]",
					"servicePrincipalKey": {
						"type": "AzureKeyVaultSecret",
						"store": {
							"referenceName": "LS_KV_DIS_FABRIC",
							"type": "LinkedServiceReference"
						},
						"secretName": "ADFTOSPYVE"
					}
				},
				"connectVia": {
					"referenceName": "IR-AZURE-VNET",
					"type": "IntegrationRuntimeReference"
				}
			},
			"dependsOn": []
		},
		{
			"name": "[concat(parameters('factoryName'), '/SFTP_ICIMS')]",
			"type": "Microsoft.DataFactory/factories/linkedServices",
			"apiVersion": "2018-06-01",
			"properties": {
				"annotations": [],
				"type": "Sftp",
				"typeProperties": {
					"host": "[parameters('SFTP_ICIMS_properties_typeProperties_host')]",
					"port": 22,
					"skipHostKeyValidation": true,
					"authenticationType": "Basic",
					"userName": "[parameters('SFTP_ICIMS_properties_typeProperties_userName')]",
					"password": {
						"type": "AzureKeyVaultSecret",
						"store": {
							"referenceName": "LS_KV_DIS_FABRIC",
							"type": "LinkedServiceReference"
						},
						"secretName": "SFTPICIMS"
					}
				},
				"connectVia": {
					"referenceName": "IR-AZURE-VNET",
					"type": "IntegrationRuntimeReference"
				}
			},
			"dependsOn": []
		},
		{
			"name": "[concat(parameters('factoryName'), '/Sftp_Alloga_UAT')]",
			"type": "Microsoft.DataFactory/factories/linkedServices",
			"apiVersion": "2018-06-01",
			"properties": {
				"annotations": [],
				"type": "Sftp",
				"typeProperties": {
					"host": "[parameters('Sftp_Alloga_UAT_properties_typeProperties_host')]",
					"port": 22,
					"skipHostKeyValidation": true,
					"authenticationType": "SshPublicKey",
					"userName": "[parameters('Sftp_Alloga_UAT_properties_typeProperties_userName')]",
					"privateKeyContent": {
						"type": "SecureString",
						"value": "[parameters('Sftp_Alloga_UAT_privateKeyContent')]"
					},
					"passPhrase": {
						"type": "SecureString",
						"value": "[parameters('Sftp_Alloga_UAT_passPhrase')]"
					}
				},
				"connectVia": {
					"referenceName": "IR-AZURE-VNET",
					"type": "IntegrationRuntimeReference"
				}
			},
			"dependsOn": []
		}
	]
}