{
	"$schema": "http://schema.management.azure.com/schemas/2015-01-01/deploymentTemplate.json#",
	"contentVersion": "1.0.0.0",
	"parameters": {
		"factoryName": {
			"type": "string",
			"metadata": "Data Factory name",
			"defaultValue": "Dfact-DataIntegrationServices"
		}
	},
	"variables": {
		"factoryId": "[concat('Microsoft.DataFactory/factories/', parameters('factoryName'))]"
	},
	"resources": [
		{
			"name": "[concat(parameters('factoryName'), '/DS_SRC_Z_FSFERTIGUNGSAUFTRAG')]",
			"type": "Microsoft.DataFactory/factories/datasets",
			"apiVersion": "2018-06-01",
			"properties": {
				"linkedServiceName": {
					"referenceName": "LS_WERUM",
					"type": "LinkedServiceReference"
				},
				"folder": {
					"name": "MES_SKYLAND"
				},
				"annotations": [],
				"type": "OracleTable",
				"schema": [],
				"typeProperties": {
					"schema": "WLTUSER",
					"table": "Z_FSFERTIGUNGSAUFTRAG"
				}
			},
			"dependsOn": []
		},
		{
			"name": "[concat(parameters('factoryName'), '/DS_SRC_Z_FSPRODUKTIONSAUFTRAG')]",
			"type": "Microsoft.DataFactory/factories/datasets",
			"apiVersion": "2018-06-01",
			"properties": {
				"linkedServiceName": {
					"referenceName": "LS_WERUM",
					"type": "LinkedServiceReference"
				},
				"folder": {
					"name": "MES_SKYLAND"
				},
				"annotations": [],
				"type": "OracleTable",
				"schema": [],
				"typeProperties": {
					"schema": "WLTUSER",
					"table": "Z_FSPRODUKTIONSAUFTRAG"
				}
			},
			"dependsOn": []
		},
		{
			"name": "[concat(parameters('factoryName'), '/DS_STG_INMR_INV_HDR')]",
			"type": "Microsoft.DataFactory/factories/datasets",
			"apiVersion": "2018-06-01",
			"properties": {
				"linkedServiceName": {
					"referenceName": "AZSQLVM",
					"type": "LinkedServiceReference"
				},
				"folder": {
					"name": "SAP_Integration"
				},
				"annotations": [],
				"type": "SqlServerTable",
				"schema": [],
				"typeProperties": {
					"schema": "IODS",
					"table": "STG_INMR_INV_HDR"
				}
			},
			"dependsOn": []
		},
		{
			"name": "[concat(parameters('factoryName'), '/DS_STG_INMR_WRHS_Inventory_TRANs')]",
			"type": "Microsoft.DataFactory/factories/datasets",
			"apiVersion": "2018-06-01",
			"properties": {
				"linkedServiceName": {
					"referenceName": "AZSQLVM",
					"type": "LinkedServiceReference"
				},
				"folder": {
					"name": "SAP_Integration"
				},
				"annotations": [],
				"type": "SqlServerTable",
				"schema": [],
				"typeProperties": {
					"schema": "IODS",
					"table": "STG_INMR_WRHS_Inventory_TRANs"
				}
			},
			"dependsOn": []
		},
		{
			"name": "[concat(parameters('factoryName'), '/DS_Solarwinds_DPA')]",
			"type": "Microsoft.DataFactory/factories/datasets",
			"apiVersion": "2018-06-01",
			"properties": {
				"linkedServiceName": {
					"referenceName": "LS_SolarWinds_API",
					"type": "LinkedServiceReference"
				},
				"folder": {
					"name": "SolarWinds"
				},
				"annotations": [],
				"type": "Json",
				"typeProperties": {
					"location": {
						"type": "HttpServerLocation",
						"relativeUrl": "iwc/api/databases/monitor-information"
					}
				},
				"schema": {}
			},
			"dependsOn": []
		},
		{
			"name": "[concat(parameters('factoryName'), '/DS_Solarwinds_Instance_Activity')]",
			"type": "Microsoft.DataFactory/factories/datasets",
			"apiVersion": "2018-06-01",
			"properties": {
				"linkedServiceName": {
					"referenceName": "LK_Fabric_Lab",
					"type": "LinkedServiceReference"
				},
				"folder": {
					"name": "SolarWinds"
				},
				"annotations": [],
				"type": "Json",
				"typeProperties": {
					"location": {
						"type": "LakehouseLocation",
						"fileName": "solar.json",
						"folderPath": "Solar"
					}
				},
				"schema": {}
			},
			"dependsOn": []
		},
		{
			"name": "[concat(parameters('factoryName'), '/DS_TGT_ARBEITSPLATZ')]",
			"type": "Microsoft.DataFactory/factories/datasets",
			"apiVersion": "2018-06-01",
			"properties": {
				"linkedServiceName": {
					"referenceName": "MES",
					"type": "LinkedServiceReference"
				},
				"folder": {
					"name": "MES_SKYLAND"
				},
				"annotations": [],
				"type": "OracleTable",
				"schema": [],
				"typeProperties": {
					"schema": "MESEDI",
					"table": "ARBEITSPLATZ"
				}
			},
			"dependsOn": []
		},
		{
			"name": "[concat(parameters('factoryName'), '/DS_TGT_DOMAINVALUETRANSLATIONS_EDI')]",
			"type": "Microsoft.DataFactory/factories/datasets",
			"apiVersion": "2018-06-01",
			"properties": {
				"linkedServiceName": {
					"referenceName": "MES",
					"type": "LinkedServiceReference"
				},
				"folder": {
					"name": "MES_SKYLAND"
				},
				"annotations": [],
				"type": "OracleTable",
				"schema": [],
				"typeProperties": {
					"schema": "MESEDI",
					"table": "DOMAINVALUETRANSLATIONS"
				}
			},
			"dependsOn": []
		},
		{
			"name": "[concat(parameters('factoryName'), '/DS_TGT_EBRACTUALELEMENTMARKER')]",
			"type": "Microsoft.DataFactory/factories/datasets",
			"apiVersion": "2018-06-01",
			"properties": {
				"linkedServiceName": {
					"referenceName": "MES",
					"type": "LinkedServiceReference"
				},
				"folder": {
					"name": "MES_SKYLAND"
				},
				"annotations": [],
				"type": "OracleTable",
				"schema": [],
				"typeProperties": {
					"schema": "MESEDI",
					"table": "EBRACTUALELEMENTMARKER"
				}
			},
			"dependsOn": []
		},
		{
			"name": "[concat(parameters('factoryName'), '/DS_TGT_EBRBASICOPERATION')]",
			"type": "Microsoft.DataFactory/factories/datasets",
			"apiVersion": "2018-06-01",
			"properties": {
				"linkedServiceName": {
					"referenceName": "MES",
					"type": "LinkedServiceReference"
				},
				"folder": {
					"name": "MES_SKYLAND"
				},
				"annotations": [],
				"type": "OracleTable",
				"schema": [],
				"typeProperties": {
					"schema": "MESEDI",
					"table": "EBRBASICOPERATION"
				}
			},
			"dependsOn": []
		},
		{
			"name": "[concat(parameters('factoryName'), '/DS_TGT_EBRELEMENTCONTEXTINFORMATION')]",
			"type": "Microsoft.DataFactory/factories/datasets",
			"apiVersion": "2018-06-01",
			"properties": {
				"linkedServiceName": {
					"referenceName": "MES",
					"type": "LinkedServiceReference"
				},
				"folder": {
					"name": "MES_SKYLAND"
				},
				"annotations": [],
				"type": "OracleTable",
				"schema": [],
				"typeProperties": {
					"schema": "MESEDI",
					"table": "EBRELEMENTCONTEXTINFORMATION"
				}
			},
			"dependsOn": []
		},
		{
			"name": "[concat(parameters('factoryName'), '/DS_TGT_EBRFORMULASPECPROP')]",
			"type": "Microsoft.DataFactory/factories/datasets",
			"apiVersion": "2018-06-01",
			"properties": {
				"linkedServiceName": {
					"referenceName": "MES",
					"type": "LinkedServiceReference"
				},
				"folder": {
					"name": "MES_SKYLAND"
				},
				"annotations": [],
				"type": "OracleTable",
				"schema": [],
				"typeProperties": {
					"schema": "MESEDI",
					"table": "EBRFORMULASPECPROP"
				}
			},
			"dependsOn": []
		},
		{
			"name": "[concat(parameters('factoryName'), '/DS_TGT_EBRFORMULASPECPROP_LOOKUP')]",
			"type": "Microsoft.DataFactory/factories/datasets",
			"apiVersion": "2018-06-01",
			"properties": {
				"linkedServiceName": {
					"referenceName": "MES",
					"type": "LinkedServiceReference"
				},
				"folder": {
					"name": "MES_SKYLAND"
				},
				"annotations": [],
				"type": "OracleTable",
				"schema": [],
				"typeProperties": {}
			},
			"dependsOn": []
		},
		{
			"name": "[concat(parameters('factoryName'), '/DS_TGT_EBRMEASUREDVALUESPECPROP_WLT')]",
			"type": "Microsoft.DataFactory/factories/datasets",
			"apiVersion": "2018-06-01",
			"properties": {
				"linkedServiceName": {
					"referenceName": "MES",
					"type": "LinkedServiceReference"
				},
				"folder": {
					"name": "MES_SKYLAND"
				},
				"annotations": [],
				"type": "OracleTable",
				"schema": [],
				"typeProperties": {
					"schema": "MESEDI",
					"table": "EBRMEASUREDVALUESPECPROP"
				}
			},
			"dependsOn": []
		},
		{
			"name": "[concat(parameters('factoryName'), '/DS_TGT_EBR_BFCOMMON_EDI')]",
			"type": "Microsoft.DataFactory/factories/datasets",
			"apiVersion": "2018-06-01",
			"properties": {
				"linkedServiceName": {
					"referenceName": "MES",
					"type": "LinkedServiceReference"
				},
				"folder": {
					"name": "MES_SKYLAND"
				},
				"annotations": [],
				"type": "OracleTable",
				"schema": [],
				"typeProperties": {
					"schema": "MESEDI",
					"table": "EDI_EBR_BFCOMMON"
				}
			},
			"dependsOn": []
		},
		{
			"name": "[concat(parameters('factoryName'), '/DS_TGT_EINHEIT')]",
			"type": "Microsoft.DataFactory/factories/datasets",
			"apiVersion": "2018-06-01",
			"properties": {
				"linkedServiceName": {
					"referenceName": "MES",
					"type": "LinkedServiceReference"
				},
				"folder": {
					"name": "MES_SKYLAND"
				},
				"annotations": [],
				"type": "OracleTable",
				"schema": [],
				"typeProperties": {
					"schema": "MESEDI",
					"table": "EINHEIT"
				}
			},
			"dependsOn": []
		},
		{
			"name": "[concat(parameters('factoryName'), '/DS_TGT_ELECTRONICBATCHRECORD')]",
			"type": "Microsoft.DataFactory/factories/datasets",
			"apiVersion": "2018-06-01",
			"properties": {
				"linkedServiceName": {
					"referenceName": "MES",
					"type": "LinkedServiceReference"
				},
				"folder": {
					"name": "MES_SKYLAND"
				},
				"annotations": [],
				"type": "OracleTable",
				"schema": [],
				"typeProperties": {
					"schema": "MESEDI",
					"table": "ELECTRONICBATCHRECORD"
				}
			},
			"dependsOn": []
		},
		{
			"name": "[concat(parameters('factoryName'), '/DS_TGT_FERTIGUNGSAUFTRAG')]",
			"type": "Microsoft.DataFactory/factories/datasets",
			"apiVersion": "2018-06-01",
			"properties": {
				"linkedServiceName": {
					"referenceName": "MES",
					"type": "LinkedServiceReference"
				},
				"folder": {
					"name": "MES_SKYLAND"
				},
				"annotations": [],
				"type": "OracleTable",
				"schema": [],
				"typeProperties": {
					"schema": "MESEDI",
					"table": "FERTIGUNGSAUFTRAG"
				}
			},
			"dependsOn": []
		},
		{
			"name": "[concat(parameters('factoryName'), '/DS_TGT_FORMULASPECPROPACTUALVALUE')]",
			"type": "Microsoft.DataFactory/factories/datasets",
			"apiVersion": "2018-06-01",
			"properties": {
				"linkedServiceName": {
					"referenceName": "MES",
					"type": "LinkedServiceReference"
				},
				"folder": {
					"name": "MES_SKYLAND"
				},
				"annotations": [],
				"type": "OracleTable",
				"schema": [],
				"typeProperties": {
					"schema": "MESEDI",
					"table": "FORMULASPECPROPACTUALVALUE"
				}
			},
			"dependsOn": []
		},
		{
			"name": "[concat(parameters('factoryName'), '/DS_TGT_FSCHARGEN')]",
			"type": "Microsoft.DataFactory/factories/datasets",
			"apiVersion": "2018-06-01",
			"properties": {
				"linkedServiceName": {
					"referenceName": "MES",
					"type": "LinkedServiceReference"
				},
				"folder": {
					"name": "MES_SKYLAND"
				},
				"annotations": [],
				"type": "OracleTable",
				"schema": [],
				"typeProperties": {
					"schema": "MESEDI",
					"table": "FSCHARGEN"
				}
			},
			"dependsOn": []
		}
	]
}