{
	"$schema": "http://schema.management.azure.com/schemas/2015-01-01/deploymentTemplate.json#",
	"contentVersion": "1.0.0.0",
	"parameters": {
		"factoryName": {
			"type": "string",
			"metadata": "Data Factory name",
			"defaultValue": "Dfact-DataIntegrationServices"
		},
		"ADLSG2_connectionString": {
			"type": "secureString",
			"metadata": "Secure string for 'connectionString' of 'ADLSG2'"
		},
		"AZSQLVM_connectionString": {
			"type": "secureString",
			"metadata": "Secure string for 'connectionString' of 'AZSQLVM'",
			"defaultValue": "Integrated Security=False;Data Source=AZU-MCPSQLUAT;Initial Catalog=AZURE_MIGRATION_DEV;User ID=ETLDBADMIN"
		},
		"BIOVIA_connectionString": {
			"type": "secureString",
			"metadata": "Secure string for 'connectionString' of 'BIOVIA'"
		},
		"Europe_DB_Connection_connectionString": {
			"type": "secureString",
			"metadata": "Secure string for 'connectionString' of 'Europe_DB_Connection'",
			"defaultValue": "Integrated Security=False;Encrypt=True;Connection Timeout=30;Data Source=sql-apps-eu-dev.database.windows.net;Initial Catalog=sqldb-apps-eu-dev;User ID=ETLDBAdmin"
		},
		"Global_DB_Connection_connectionString": {
			"type": "secureString",
			"metadata": "Secure string for 'connectionString' of 'Global_DB_Connection'",
			"defaultValue": "Integrated Security=False;Encrypt=True;Connection Timeout=30;Data Source=sql-apps-na-dev.database.windows.net;Initial Catalog=sqldb-apps-na-dev;User ID=ETLDBAdmin"
		},
		"LK_FAIRMOVE_EXT_password": {
			"type": "secureString",
			"metadata": "Secure string for 'password' of 'LK_FAIRMOVE_EXT'"
		},
		"SQL_AZURE_MIGRATION_VM_connectionString": {
			"type": "secureString",
			"metadata": "Secure string for 'connectionString' of 'SQL_AZURE_MIGRATION_VM'"
		},
		"DIS_ADLS_G2_properties_typeProperties_url": {
			"type": "string",
			"defaultValue": "https://disdatalakefabric.dfs.core.windows.net/"
		},
		"LK_BRONZE_BIOPLANT_properties_typeProperties_tenant": {
			"type": "string",
			"defaultValue": "7e315b15-f710-4dd7-adcb-2738eee4c5e3"
		},
		"LK_BRONZE_BIOPLANT_properties_typeProperties_servicePrincipalId": {
			"type": "string",
			"defaultValue": "9e106d51-022b-4dc2-a764-272076b35359"
		},
		"LK_BRONZE_CLINICAL_properties_typeProperties_tenant": {
			"type": "string",
			"defaultValue": "7e315b15-f710-4dd7-adcb-2738eee4c5e3"
		},
		"LK_BRONZE_CLINICAL_properties_typeProperties_servicePrincipalId": {
			"type": "string",
			"defaultValue": "9e106d51-022b-4dc2-a764-272076b35359"
		},
		"LK_BRZ_FACILITIES_properties_typeProperties_tenant": {
			"type": "string",
			"defaultValue": "7e315b15-f710-4dd7-adcb-2738eee4c5e3"
		},
		"LK_BRZ_FACILITIES_properties_typeProperties_servicePrincipalId": {
			"type": "string",
			"defaultValue": "9e106d51-022b-4dc2-a764-272076b35359"
		},
		"LK_FAIRMOVE_EXT_properties_typeProperties_host": {
			"type": "string",
			"defaultValue": "sftp.fairmove.ch"
		},
		"LK_FAIRMOVE_EXT_properties_typeProperties_userName": {
			"type": "string",
			"defaultValue": "incytedatahub"
		},
		"LK_GOLD_BIOPLANT_properties_typeProperties_tenant": {
			"type": "string",
			"defaultValue": "7e315b15-f710-4dd7-adcb-2738eee4c5e3"
		},
		"LK_GOLD_BIOPLANT_properties_typeProperties_servicePrincipalId": {
			"type": "string",
			"defaultValue": "9e106d51-022b-4dc2-a764-272076b35359"
		},
		"LK_SLV_FACILITIES_properties_typeProperties_tenant": {
			"type": "string",
			"defaultValue": "7e315b15-f710-4dd7-adcb-2738eee4c5e3"
		},
		"LK_SLV_FACILITIES_properties_typeProperties_servicePrincipalId": {
			"type": "string",
			"defaultValue": "9e106d51-022b-4dc2-a764-272076b35359"
		},
		"LS_KV_DIS_FABRIC_properties_typeProperties_baseUrl": {
			"type": "string",
			"defaultValue": "https://KV-DIS-FABRIC.vault.azure.net/"
		},
		"LS_ODATA_SAP_RCV_JE_properties_typeProperties_url": {
			"type": "string",
			"defaultValue": "https://vhincqs1ci.sap.incyte.com:44300/sap/opu/odata/sap/zrvc_je_cds/?sap-client=400"
		},
		"LS_ODATA_SAP_RCV_JE_properties_typeProperties_userName": {
			"type": "string",
			"defaultValue": "INFORMATICA"
		},
		"Ls_Rest_SN_properties_typeProperties_url": {
			"type": "string",
			"defaultValue": "https://incyte.service-now.com/api/now/table/sys_user?sysparm_fields=name,user_name,email,department.name,manager.name,manager.manager.name,manager.manager.manager.name"
		},
		"Ls_Rest_SN_properties_typeProperties_userName": {
			"type": "string",
			"defaultValue": "sn_powerbi_api"
		},
		"trigger1_properties_typeProperties_scope": {
			"type": "string",
			"defaultValue": "/subscriptions/7c0da57b-82ca-437f-9055-42628e8ec0a3/resourceGroups/RG-Informatica/providers/Microsoft.Storage/storageAccounts/disdatalakefabric"
		},
		"DIS_ADLS_properties_privateLinkResourceId": {
			"type": "string",
			"defaultValue": "/subscriptions/7c0da57b-82ca-437f-9055-42628e8ec0a3/resourceGroups/RG-Informatica/providers/Microsoft.Storage/storageAccounts/disdatalakefabric"
		},
		"DIS_ADLS_properties_groupId": {
			"type": "string",
			"defaultValue": "dfs"
		},
		"DIS_ADLS_properties_fqdns": {
			"type": "array",
			"defaultValue": [
				"disdatalakefabric.dfs.core.windows.net"
			]
		},
		"containerUri": {
			"type": "string",
			"metadata": "URI to storage account containing linked ARM templates"
		},
		"containerSasToken": {
			"type": "string",
			"metadata": "Sas token to storage account containing linked ARM templates"
		}
	},
	"variables": {
		"factoryId": "[concat('Microsoft.DataFactory/factories/', parameters('factoryName'))]"
	},
	"resources": [
		{
			"name": "Dfact-DataIntegrationServices_ArmTemplate_0",
			"type": "Microsoft.Resources/deployments",
			"apiVersion": "2018-02-01",
			"properties": {
				"mode": "incremental",
				"templateLink": {
					"uri": "[concat(parameters('containerUri'), '/ArmTemplate_0.json', parameters('containerSasToken'))]",
					"contentVersion": "1.0.0.0"
				},
				"parameters": {
					"factoryName": {
						"value": "[parameters('factoryName')]"
					},
					"ADLSG2_connectionString": {
						"value": "[parameters('ADLSG2_connectionString')]"
					},
					"AZSQLVM_connectionString": {
						"value": "[parameters('AZSQLVM_connectionString')]"
					},
					"BIOVIA_connectionString": {
						"value": "[parameters('BIOVIA_connectionString')]"
					},
					"LK_FAIRMOVE_EXT_password": {
						"value": "[parameters('LK_FAIRMOVE_EXT_password')]"
					},
					"SQL_AZURE_MIGRATION_VM_connectionString": {
						"value": "[parameters('SQL_AZURE_MIGRATION_VM_connectionString')]"
					},
					"LS_KV_DIS_FABRIC_properties_typeProperties_baseUrl": {
						"value": "[parameters('LS_KV_DIS_FABRIC_properties_typeProperties_baseUrl')]"
					},
					"trigger1_properties_typeProperties_scope": {
						"value": "[parameters('trigger1_properties_typeProperties_scope')]"
					},
					"LK_BRONZE_BIOPLANT_properties_typeProperties_tenant": {
						"value": "[parameters('LK_BRONZE_BIOPLANT_properties_typeProperties_tenant')]"
					},
					"LK_BRONZE_BIOPLANT_properties_typeProperties_servicePrincipalId": {
						"value": "[parameters('LK_BRONZE_BIOPLANT_properties_typeProperties_servicePrincipalId')]"
					},
					"LK_BRONZE_CLINICAL_properties_typeProperties_tenant": {
						"value": "[parameters('LK_BRONZE_CLINICAL_properties_typeProperties_tenant')]"
					},
					"LK_BRONZE_CLINICAL_properties_typeProperties_servicePrincipalId": {
						"value": "[parameters('LK_BRONZE_CLINICAL_properties_typeProperties_servicePrincipalId')]"
					},
					"LK_BRZ_FACILITIES_properties_typeProperties_tenant": {
						"value": "[parameters('LK_BRZ_FACILITIES_properties_typeProperties_tenant')]"
					},
					"LK_BRZ_FACILITIES_properties_typeProperties_servicePrincipalId": {
						"value": "[parameters('LK_BRZ_FACILITIES_properties_typeProperties_servicePrincipalId')]"
					},
					"LK_FAIRMOVE_EXT_properties_typeProperties_host": {
						"value": "[parameters('LK_FAIRMOVE_EXT_properties_typeProperties_host')]"
					},
					"LK_FAIRMOVE_EXT_properties_typeProperties_userName": {
						"value": "[parameters('LK_FAIRMOVE_EXT_properties_typeProperties_userName')]"
					},
					"LK_GOLD_BIOPLANT_properties_typeProperties_tenant": {
						"value": "[parameters('LK_GOLD_BIOPLANT_properties_typeProperties_tenant')]"
					},
					"LK_GOLD_BIOPLANT_properties_typeProperties_servicePrincipalId": {
						"value": "[parameters('LK_GOLD_BIOPLANT_properties_typeProperties_servicePrincipalId')]"
					},
					"LK_SLV_FACILITIES_properties_typeProperties_tenant": {
						"value": "[parameters('LK_SLV_FACILITIES_properties_typeProperties_tenant')]"
					},
					"LK_SLV_FACILITIES_properties_typeProperties_servicePrincipalId": {
						"value": "[parameters('LK_SLV_FACILITIES_properties_typeProperties_servicePrincipalId')]"
					},
					"LS_ODATA_SAP_RCV_JE_properties_typeProperties_url": {
						"value": "[parameters('LS_ODATA_SAP_RCV_JE_properties_typeProperties_url')]"
					},
					"LS_ODATA_SAP_RCV_JE_properties_typeProperties_userName": {
						"value": "[parameters('LS_ODATA_SAP_RCV_JE_properties_typeProperties_userName')]"
					},
					"Ls_Rest_SN_properties_typeProperties_url": {
						"value": "[parameters('Ls_Rest_SN_properties_typeProperties_url')]"
					},
					"Ls_Rest_SN_properties_typeProperties_userName": {
						"value": "[parameters('Ls_Rest_SN_properties_typeProperties_userName')]"
					}
				}
			},
			"dependsOn": []
		},
		{
			"name": "Dfact-DataIntegrationServices_ArmTemplate_1",
			"type": "Microsoft.Resources/deployments",
			"apiVersion": "2018-02-01",
			"properties": {
				"mode": "incremental",
				"templateLink": {
					"uri": "[concat(parameters('containerUri'), '/ArmTemplate_1.json', parameters('containerSasToken'))]",
					"contentVersion": "1.0.0.0"
				},
				"parameters": {
					"factoryName": {
						"value": "[parameters('factoryName')]"
					},
					"DIS_ADLS_properties_privateLinkResourceId": {
						"value": "[parameters('DIS_ADLS_properties_privateLinkResourceId')]"
					},
					"DIS_ADLS_properties_groupId": {
						"value": "[parameters('DIS_ADLS_properties_groupId')]"
					},
					"DIS_ADLS_properties_fqdns": {
						"value": "[parameters('DIS_ADLS_properties_fqdns')]"
					}
				}
			},
			"dependsOn": [
				"[resourceId('Microsoft.Resources/deployments', 'Dfact-DataIntegrationServices_ArmTemplate_0')]"
			]
		},
		{
			"name": "Dfact-DataIntegrationServices_ArmTemplate_2",
			"type": "Microsoft.Resources/deployments",
			"apiVersion": "2018-02-01",
			"properties": {
				"mode": "incremental",
				"templateLink": {
					"uri": "[concat(parameters('containerUri'), '/ArmTemplate_2.json', parameters('containerSasToken'))]",
					"contentVersion": "1.0.0.0"
				},
				"parameters": {
					"factoryName": {
						"value": "[parameters('factoryName')]"
					}
				}
			},
			"dependsOn": [
				"[resourceId('Microsoft.Resources/deployments', 'Dfact-DataIntegrationServices_ArmTemplate_1')]"
			]
		},
		{
			"name": "Dfact-DataIntegrationServices_ArmTemplate_3",
			"type": "Microsoft.Resources/deployments",
			"apiVersion": "2018-02-01",
			"properties": {
				"mode": "incremental",
				"templateLink": {
					"uri": "[concat(parameters('containerUri'), '/ArmTemplate_3.json', parameters('containerSasToken'))]",
					"contentVersion": "1.0.0.0"
				},
				"parameters": {
					"factoryName": {
						"value": "[parameters('factoryName')]"
					},
					"Europe_DB_Connection_connectionString": {
						"value": "[parameters('Europe_DB_Connection_connectionString')]"
					},
					"Global_DB_Connection_connectionString": {
						"value": "[parameters('Global_DB_Connection_connectionString')]"
					},
					"DIS_ADLS_G2_properties_typeProperties_url": {
						"value": "[parameters('DIS_ADLS_G2_properties_typeProperties_url')]"
					}
				}
			},
			"dependsOn": [
				"[resourceId('Microsoft.Resources/deployments', 'Dfact-DataIntegrationServices_ArmTemplate_2')]"
			]
		},
		{
			"name": "Dfact-DataIntegrationServices_ArmTemplate_4",
			"type": "Microsoft.Resources/deployments",
			"apiVersion": "2018-02-01",
			"properties": {
				"mode": "incremental",
				"templateLink": {
					"uri": "[concat(parameters('containerUri'), '/ArmTemplate_4.json', parameters('containerSasToken'))]",
					"contentVersion": "1.0.0.0"
				},
				"parameters": {
					"factoryName": {
						"value": "[parameters('factoryName')]"
					}
				}
			},
			"dependsOn": [
				"[resourceId('Microsoft.Resources/deployments', 'Dfact-DataIntegrationServices_ArmTemplate_3')]"
			]
		},
		{
			"name": "Dfact-DataIntegrationServices_ArmTemplate_5",
			"type": "Microsoft.Resources/deployments",
			"apiVersion": "2018-02-01",
			"properties": {
				"mode": "incremental",
				"templateLink": {
					"uri": "[concat(parameters('containerUri'), '/ArmTemplate_5.json', parameters('containerSasToken'))]",
					"contentVersion": "1.0.0.0"
				},
				"parameters": {
					"factoryName": {
						"value": "[parameters('factoryName')]"
					}
				}
			},
			"dependsOn": [
				"[resourceId('Microsoft.Resources/deployments', 'Dfact-DataIntegrationServices_ArmTemplate_4')]"
			]
		},
		{
			"name": "Dfact-DataIntegrationServices_ArmTemplate_6",
			"type": "Microsoft.Resources/deployments",
			"apiVersion": "2018-02-01",
			"properties": {
				"mode": "incremental",
				"templateLink": {
					"uri": "[concat(parameters('containerUri'), '/ArmTemplate_6.json', parameters('containerSasToken'))]",
					"contentVersion": "1.0.0.0"
				},
				"parameters": {
					"factoryName": {
						"value": "[parameters('factoryName')]"
					}
				}
			},
			"dependsOn": [
				"[resourceId('Microsoft.Resources/deployments', 'Dfact-DataIntegrationServices_ArmTemplate_5')]"
			]
		},
		{
			"name": "Dfact-DataIntegrationServices_ArmTemplate_7",
			"type": "Microsoft.Resources/deployments",
			"apiVersion": "2018-02-01",
			"properties": {
				"mode": "incremental",
				"templateLink": {
					"uri": "[concat(parameters('containerUri'), '/ArmTemplate_7.json', parameters('containerSasToken'))]",
					"contentVersion": "1.0.0.0"
				},
				"parameters": {
					"factoryName": {
						"value": "[parameters('factoryName')]"
					}
				}
			},
			"dependsOn": [
				"[resourceId('Microsoft.Resources/deployments', 'Dfact-DataIntegrationServices_ArmTemplate_6')]"
			]
		},
		{
			"name": "Dfact-DataIntegrationServices_ArmTemplate_8",
			"type": "Microsoft.Resources/deployments",
			"apiVersion": "2018-02-01",
			"properties": {
				"mode": "incremental",
				"templateLink": {
					"uri": "[concat(parameters('containerUri'), '/ArmTemplate_8.json', parameters('containerSasToken'))]",
					"contentVersion": "1.0.0.0"
				},
				"parameters": {
					"factoryName": {
						"value": "[parameters('factoryName')]"
					}
				}
			},
			"dependsOn": [
				"[resourceId('Microsoft.Resources/deployments', 'Dfact-DataIntegrationServices_ArmTemplate_7')]"
			]
		},
		{
			"name": "Dfact-DataIntegrationServices_ArmTemplate_9",
			"type": "Microsoft.Resources/deployments",
			"apiVersion": "2018-02-01",
			"properties": {
				"mode": "incremental",
				"templateLink": {
					"uri": "[concat(parameters('containerUri'), '/ArmTemplate_9.json', parameters('containerSasToken'))]",
					"contentVersion": "1.0.0.0"
				},
				"parameters": {
					"factoryName": {
						"value": "[parameters('factoryName')]"
					}
				}
			},
			"dependsOn": [
				"[resourceId('Microsoft.Resources/deployments', 'Dfact-DataIntegrationServices_ArmTemplate_8')]"
			]
		}
	]
}