{
	"$schema": "http://schema.management.azure.com/schemas/2015-01-01/deploymentTemplate.json#",
	"contentVersion": "1.0.0.0",
	"parameters": {
		"factoryName": {
			"type": "string",
			"metadata": "Data Factory name",
			"defaultValue": "Dfact-DataIntegrationServices"
		}
	},
	"variables": {
		"factoryId": "[concat('Microsoft.DataFactory/factories/', parameters('factoryName'))]"
	},
	"resources": [
		{
			"name": "[concat(parameters('factoryName'), '/pl_AMV_Minjuvi')]",
			"type": "Microsoft.DataFactory/factories/pipelines",
			"apiVersion": "2018-06-01",
			"properties": {
				"activities": [
					{
						"name": "Create csv",
						"type": "Copy",
						"state": "Inactive",
						"onInactiveMarkAs": "Succeeded",
						"dependsOn": [],
						"policy": {
							"timeout": "0.12:00:00",
							"retry": 0,
							"retryIntervalInSeconds": 30,
							"secureOutput": false,
							"secureInput": false
						},
						"userProperties": [],
						"typeProperties": {
							"source": {
								"type": "ExcelSource",
								"storeSettings": {
									"type": "AzureBlobFSReadSettings",
									"recursive": true,
									"enablePartitionDiscovery": false
								}
							},
							"sink": {
								"type": "DelimitedTextSink",
								"storeSettings": {
									"type": "AzureBlobFSWriteSettings"
								},
								"formatSettings": {
									"type": "DelimitedTextWriteSettings",
									"quoteAllText": true,
									"fileExtension": ".txt"
								}
							},
							"enableStaging": false,
							"translator": {
								"type": "TabularTranslator",
								"typeConversion": true,
								"typeConversionSettings": {
									"allowDataTruncation": true,
									"treatBooleanAsNumber": false
								}
							}
						},
						"inputs": [
							{
								"referenceName": "ds_Src_DE_AMV_Minjuvi",
								"type": "DatasetReference",
								"parameters": {}
							}
						],
						"outputs": [
							{
								"referenceName": "ds_Tgt_DE_AMV_Minjuvi",
								"type": "DatasetReference",
								"parameters": {}
							}
						]
					},
					{
						"name": "Data flow1",
						"type": "ExecuteDataFlow",
						"dependsOn": [
							{
								"activity": "Create csv",
								"dependencyConditions": [
									"Succeeded"
								]
							}
						],
						"policy": {
							"timeout": "0.12:00:00",
							"retry": 0,
							"retryIntervalInSeconds": 30,
							"secureOutput": false,
							"secureInput": false
						},
						"userProperties": [],
						"typeProperties": {
							"dataflow": {
								"referenceName": "df_AMV_Minjuvi",
								"type": "DataFlowReference",
								"parameters": {},
								"datasetParameters": {
									"source1": {},
									"sink1": {}
								}
							},
							"staging": {},
							"integrationRuntime": {
								"referenceName": "IR-AZURE-VNET",
								"type": "IntegrationRuntimeReference"
							},
							"traceLevel": "Fine"
						}
					}
				],
				"policy": {
					"elapsedTimeMetric": {}
				},
				"folder": {
					"name": "IDAC/Adhoc Requests/DE Reporting"
				},
				"annotations": []
			},
			"dependsOn": []
		},
		{
			"name": "[concat(parameters('factoryName'), '/pl_Comp_NORDICS')]",
			"type": "Microsoft.DataFactory/factories/pipelines",
			"apiVersion": "2018-06-01",
			"properties": {
				"activities": [
					{
						"name": "Data flow1",
						"type": "ExecuteDataFlow",
						"dependsOn": [
							{
								"activity": "Copy data1",
								"dependencyConditions": [
									"Succeeded"
								]
							}
						],
						"policy": {
							"timeout": "0.12:00:00",
							"retry": 0,
							"retryIntervalInSeconds": 30,
							"secureOutput": false,
							"secureInput": false
						},
						"userProperties": [],
						"typeProperties": {
							"dataflow": {
								"referenceName": "df_Comp_NORDICS",
								"type": "DataFlowReference",
								"parameters": {},
								"datasetParameters": {
									"source1": {},
									"sink1": {}
								}
							},
							"staging": {},
							"integrationRuntime": {
								"referenceName": "IR-AZURE-VNET",
								"type": "IntegrationRuntimeReference"
							},
							"traceLevel": "Fine"
						}
					},
					{
						"name": "Copy data1",
						"type": "Copy",
						"state": "Inactive",
						"onInactiveMarkAs": "Succeeded",
						"dependsOn": [],
						"policy": {
							"timeout": "0.12:00:00",
							"retry": 0,
							"retryIntervalInSeconds": 30,
							"secureOutput": false,
							"secureInput": false
						},
						"userProperties": [],
						"typeProperties": {
							"source": {
								"type": "ExcelSource",
								"storeSettings": {
									"type": "AzureBlobFSReadSettings",
									"recursive": true,
									"enablePartitionDiscovery": false
								}
							},
							"sink": {
								"type": "DelimitedTextSink",
								"storeSettings": {
									"type": "AzureBlobFSWriteSettings",
									"copyBehavior": "PreserveHierarchy"
								},
								"formatSettings": {
									"type": "DelimitedTextWriteSettings",
									"quoteAllText": true,
									"fileExtension": ".txt"
								}
							},
							"enableStaging": false,
							"translator": {
								"type": "TabularTranslator",
								"typeConversion": true,
								"typeConversionSettings": {
									"allowDataTruncation": true,
									"treatBooleanAsNumber": false
								}
							}
						},
						"inputs": [
							{
								"referenceName": "src_Comp_NORDICS",
								"type": "DatasetReference",
								"parameters": {}
							}
						],
						"outputs": [
							{
								"referenceName": "tgt_Comp_Nordics_csv",
								"type": "DatasetReference",
								"parameters": {}
							}
						]
					}
				],
				"policy": {
					"elapsedTimeMetric": {}
				},
				"folder": {
					"name": "IDAC/Adhoc Requests/EU_Competitor_DATA"
				},
				"annotations": []
			},
			"dependsOn": []
		},
		{
			"name": "[concat(parameters('factoryName'), '/pl_General_Ledger_Transactions')]",
			"type": "Microsoft.DataFactory/factories/pipelines",
			"apiVersion": "2018-06-01",
			"properties": {
				"activities": [
					{
						"name": "df_SAP_General_Ledger_Transactions",
						"type": "ExecuteDataFlow",
						"dependsOn": [],
						"policy": {
							"timeout": "0.12:00:00",
							"retry": 0,
							"retryIntervalInSeconds": 30,
							"secureOutput": false,
							"secureInput": false
						},
						"userProperties": [],
						"typeProperties": {
							"dataflow": {
								"referenceName": "df_SAP_General_Ledger_Transactions",
								"type": "DataFlowReference",
								"parameters": {},
								"datasetParameters": {
									"source1": {},
									"sink1": {}
								}
							},
							"staging": {},
							"integrationRuntime": {
								"referenceName": "IR-AZURE-VNET",
								"type": "IntegrationRuntimeReference"
							},
							"traceLevel": "Fine"
						}
					},
					{
						"name": "Copy data1",
						"type": "Copy",
						"dependsOn": [
							{
								"activity": "df_SAP_General_Ledger_Transactions",
								"dependencyConditions": [
									"Succeeded"
								]
							}
						],
						"policy": {
							"timeout": "0.12:00:00",
							"retry": 0,
							"retryIntervalInSeconds": 30,
							"secureOutput": false,
							"secureInput": false
						},
						"userProperties": [],
						"typeProperties": {
							"source": {
								"type": "BinarySource",
								"storeSettings": {
									"type": "AzureBlobFSReadSettings",
									"recursive": true
								},
								"formatSettings": {
									"type": "BinaryReadSettings"
								}
							},
							"sink": {
								"type": "BinarySink",
								"storeSettings": {
									"type": "SftpWriteSettings",
									"maxConcurrentConnections": 1,
									"operationTimeout": "01:00:00",
									"useTempFileRename": false
								}
							},
							"enableStaging": false,
							"logSettings": {
								"enableCopyActivityLog": true,
								"copyActivityLogSettings": {
									"logLevel": "Warning",
									"enableReliableLogging": false
								},
								"logLocationSettings": {
									"linkedServiceName": {
										"referenceName": "DIS_ADLS_G2",
										"type": "LinkedServiceReference"
									},
									"path": "log/SAP_Integration"
								}
							}
						},
						"inputs": [
							{
								"referenceName": "DS_TgtFiles_Gen_Ledger",
								"type": "DatasetReference",
								"parameters": {}
							}
						],
						"outputs": [
							{
								"referenceName": "DS_SFTP_Gen_Ledger",
								"type": "DatasetReference",
								"parameters": {}
							}
						]
					}
				],
				"policy": {
					"elapsedTimeMetric": {}
				},
				"folder": {
					"name": "SAP Integration"
				},
				"annotations": []
			},
			"dependsOn": []
		},
		{
			"name": "[concat(parameters('factoryName'), '/pl_Main_Controller')]",
			"type": "Microsoft.DataFactory/factories/pipelines",
			"apiVersion": "2018-06-01",
			"properties": {
				"activities": [
					{
						"name": "Execute SFTP to STG",
						"type": "ExecutePipeline",
						"dependsOn": [],
						"policy": {
							"secureInput": false
						},
						"userProperties": [],
						"typeProperties": {
							"pipeline": {
								"referenceName": "pl_SFTP_to_STG",
								"type": "PipelineReference"
							},
							"waitOnCompletion": true,
							"parameters": {}
						}
					},
					{
						"name": "Execute STG to MDI",
						"type": "ExecutePipeline",
						"dependsOn": [
							{
								"activity": "Execute SFTP to STG",
								"dependencyConditions": [
									"Succeeded"
								]
							}
						],
						"policy": {
							"secureInput": false
						},
						"userProperties": [],
						"typeProperties": {
							"pipeline": {
								"referenceName": "pl_STG_to_MDI",
								"type": "PipelineReference"
							},
							"waitOnCompletion": true,
							"parameters": {}
						}
					},
					{
						"name": "Execute MDU to MDM",
						"type": "ExecutePipeline",
						"dependsOn": [
							{
								"activity": "Execute SFTP to STG",
								"dependencyConditions": [
									"Succeeded"
								]
							}
						],
						"policy": {
							"secureInput": false
						},
						"userProperties": [],
						"typeProperties": {
							"pipeline": {
								"referenceName": "pl_MDU_to_MDM",
								"type": "PipelineReference"
							},
							"waitOnCompletion": true,
							"parameters": {}
						}
					},
					{
						"name": "Stored procedure LOAD_MDM_FILE_STATUS",
						"type": "SqlServerStoredProcedure",
						"dependsOn": [
							{
								"activity": "Execute MDU to MDM",
								"dependencyConditions": [
									"Succeeded"
								]
							},
							{
								"activity": "Execute STG to MDI",
								"dependencyConditions": [
									"Succeeded"
								]
							}
						],
						"policy": {
							"timeout": "0.12:00:00",
							"retry": 0,
							"retryIntervalInSeconds": 30,
							"secureOutput": false,
							"secureInput": false
						},
						"userProperties": [],
						"typeProperties": {
							"storedProcedureName": "[[MDI].[LOAD_MDM_FILE_STATUS]"
						},
						"linkedServiceName": {
							"referenceName": "AZSQLVM",
							"type": "LinkedServiceReference"
						}
					},
					{
						"name": "Stored procedure MDM LOAD_MDM_FILE_STATUS",
						"type": "SqlServerStoredProcedure",
						"dependsOn": [
							{
								"activity": "Stored procedure LOAD_MDM_FILE_STATUS",
								"dependencyConditions": [
									"Succeeded"
								]
							}
						],
						"policy": {
							"timeout": "0.12:00:00",
							"retry": 0,
							"retryIntervalInSeconds": 30,
							"secureOutput": false,
							"secureInput": false
						},
						"userProperties": [],
						"typeProperties": {
							"storedProcedureName": "[[MDM].[LOAD_MDM_FILE_STATUS]"
						},
						"linkedServiceName": {
							"referenceName": "AZSQLVM",
							"type": "LinkedServiceReference"
						}
					},
					{
						"name": "Stored procedure UPSERT_MDI_TO_MDU",
						"type": "SqlServerStoredProcedure",
						"dependsOn": [
							{
								"activity": "Stored procedure MDM LOAD_MDM_FILE_STATUS",
								"dependencyConditions": [
									"Succeeded"
								]
							}
						],
						"policy": {
							"timeout": "0.12:00:00",
							"retry": 0,
							"retryIntervalInSeconds": 30,
							"secureOutput": false,
							"secureInput": false
						},
						"userProperties": [],
						"typeProperties": {
							"storedProcedureName": "[[MDU].[UPSERT_MDI_TO_MDU]"
						},
						"linkedServiceName": {
							"referenceName": "AZSQLVM",
							"type": "LinkedServiceReference"
						}
					},
					{
						"name": "Archive Trinity Files",
						"type": "Copy",
						"dependsOn": [
							{
								"activity": "Execute STG to MDI",
								"dependencyConditions": [
									"Succeeded"
								]
							}
						],
						"policy": {
							"timeout": "0.12:00:00",
							"retry": 0,
							"retryIntervalInSeconds": 30,
							"secureOutput": false,
							"secureInput": false
						},
						"userProperties": [],
						"typeProperties": {
							"source": {
								"type": "BinarySource",
								"storeSettings": {
									"type": "AzureBlobFSReadSettings",
									"recursive": true
								},
								"formatSettings": {
									"type": "BinaryReadSettings"
								}
							},
							"sink": {
								"type": "BinarySink",
								"storeSettings": {
									"type": "AzureBlobFSWriteSettings",
									"copyBehavior": "PreserveHierarchy"
								}
							},
							"enableStaging": false
						},
						"inputs": [
							{
								"referenceName": "ds_Src_mediSpend_TRINITY_B",
								"type": "DatasetReference",
								"parameters": {}
							}
						],
						"outputs": [
							{
								"referenceName": "ds_Tgt_Trinity_Arch",
								"type": "DatasetReference",
								"parameters": {}
							}
						]
					},
					{
						"name": "Delete Src files",
						"type": "Delete",
						"dependsOn": [
							{
								"activity": "Archive Trinity Files",
								"dependencyConditions": [
									"Succeeded"
								]
							}
						],
						"policy": {
							"timeout": "0.12:00:00",
							"retry": 0,
							"retryIntervalInSeconds": 30,
							"secureOutput": false,
							"secureInput": false
						},
						"userProperties": [],
						"typeProperties": {
							"dataset": {
								"referenceName": "ds_Src_mediSpend_TRINITY_B",
								"type": "DatasetReference",
								"parameters": {}
							},
							"logStorageSettings": {
								"linkedServiceName": {
									"referenceName": "DIS_ADLS_G2",
									"type": "LinkedServiceReference"
								},
								"path": {
									"value": "@concat('log/Trinity/',utcNow())",
									"type": "Expression"
								}
							},
							"enableLogging": true,
							"storeSettings": {
								"type": "AzureBlobFSReadSettings",
								"recursive": true,
								"wildcardFileName": "*.csv",
								"enablePartitionDiscovery": false
							}
						}
					},
					{
						"name": "Failure Email",
						"type": "WebActivity",
						"dependsOn": [
							{
								"activity": "Stored procedure UPSERT_MDI_TO_MDU",
								"dependencyConditions": [
									"Skipped"
								]
							}
						],
						"policy": {
							"timeout": "0.12:00:00",
							"retry": 0,
							"retryIntervalInSeconds": 30,
							"secureOutput": false,
							"secureInput": false
						},
						"userProperties": [],
						"typeProperties": {
							"method": "POST",
							"headers": {},
							"url": "https://logic-dis-workflows.azurewebsites.net:443/api/SendEmailAlert/triggers/When_a_HTTP_request_is_received/invoke?api-version=2022-05-01&sp=%2Ftriggers%2FWhen_a_HTTP_request_is_received%2Frun&sv=1.0&sig=asaprmw36yWg1sZiAG2ea2JhlgAiekUnxzcGBpwcc90",
							"body": {
								"value": "{\n    \"title\": \"@{pipeline().Pipeline} Failed\",\n    \"message\": \"A Step in the @{pipeline().Pipeline} run Failed, please review below details for debugging.\",\n    \"color\": \"Red\",\n    \"dataFactoryName\": \"@{pipeline().DataFactory}\",\n    \"pipelineName\": \"@{pipeline().Pipeline}\",\n    \"pipelineRunId\": \"@{pipeline().RunId}\",\n    \"time\": \"@{utcNow()}\" ,\n    \"toaddress\": \"pgeorge@incyte.com;erangell@incyte.com\"\n}",
								"type": "Expression"
							}
						}
					}
				],
				"policy": {
					"elapsedTimeMetric": {}
				},
				"folder": {
					"name": "EVERY_15_MIN/Main_Controller"
				},
				"annotations": []
			},
			"dependsOn": []
		},
		{
			"name": "[concat(parameters('factoryName'), '/pl_Minjuvi_Market_Share')]",
			"type": "Microsoft.DataFactory/factories/pipelines",
			"apiVersion": "2018-06-01",
			"properties": {
				"activities": [
					{
						"name": "Copy data1",
						"type": "Copy",
						"dependsOn": [],
						"policy": {
							"timeout": "0.12:00:00",
							"retry": 0,
							"retryIntervalInSeconds": 30,
							"secureOutput": false,
							"secureInput": false
						},
						"userProperties": [],
						"typeProperties": {
							"source": {
								"type": "ExcelSource",
								"storeSettings": {
									"type": "AzureBlobFSReadSettings",
									"recursive": true,
									"enablePartitionDiscovery": false
								}
							},
							"sink": {
								"type": "DelimitedTextSink",
								"storeSettings": {
									"type": "AzureBlobFSWriteSettings"
								},
								"formatSettings": {
									"type": "DelimitedTextWriteSettings",
									"quoteAllText": true,
									"fileExtension": ".txt"
								}
							},
							"enableStaging": false,
							"translator": {
								"type": "TabularTranslator",
								"mappings": [
									{
										"source": {
											"name": "Country",
											"type": "String",
											"physicalType": "String"
										},
										"sink": {
											"name": "Country",
											"type": "String",
											"physicalType": "String"
										}
									},
									{
										"source": {
											"name": "Measure",
											"type": "String",
											"physicalType": "String"
										},
										"sink": {
											"name": "Measure",
											"type": "String",
											"physicalType": "String"
										}
									},
									{
										"source": {
											"name": "2018-12-01",
											"type": "String",
											"physicalType": "String"
										},
										"sink": {
											"name": "2018-12-01",
											"type": "String",
											"physicalType": "String"
										}
									},
									{
										"source": {
											"name": "2019-01-01",
											"type": "String",
											"physicalType": "String"
										},
										"sink": {
											"name": "2019-01-01",
											"type": "String",
											"physicalType": "String"
										}
									},
									{
										"source": {
											"name": "2019-02-01",
											"type": "String",
											"physicalType": "String"
										},
										"sink": {
											"name": "2019-02-01",
											"type": "String",
											"physicalType": "String"
										}
									},
									{
										"source": {
											"name": "2019-03-01",
											"type": "String",
											"physicalType": "String"
										},
										"sink": {
											"name": "2019-03-01",
											"type": "String",
											"physicalType": "String"
										}
									},
									{
										"source": {
											"name": "2019-04-01",
											"type": "String",
											"physicalType": "String"
										},
										"sink": {
											"name": "2019-04-01",
											"type": "String",
											"physicalType": "String"
										}
									},
									{
										"source": {
											"name": "2019-05-01",
											"type": "String",
											"physicalType": "String"
										},
										"sink": {
											"name": "2019-05-01",
											"type": "String",
											"physicalType": "String"
										}
									},
									{
										"source": {
											"name": "2019-06-01",
											"type": "String",
											"physicalType": "String"
										},
										"sink": {
											"name": "2019-06-01",
											"type": "String",
											"physicalType": "String"
										}
									},
									{
										"source": {
											"name": "2019-07-01",
											"type": "String",
											"physicalType": "String"
										},
										"sink": {
											"name": "2019-07-01",
											"type": "String",
											"physicalType": "String"
										}
									},
									{
										"source": {
											"name": "2019-08-01",
											"type": "String",
											"physicalType": "String"
										},
										"sink": {
											"name": "2019-08-01",
											"type": "String",
											"physicalType": "String"
										}
									},
									{
										"source": {
											"name": "2019-09-01",
											"type": "String",
											"physicalType": "String"
										},
										"sink": {
											"name": "2019-09-01",
											"type": "String",
											"physicalType": "String"
										}
									},
									{
										"source": {
											"name": "2019-10-01",
											"type": "String",
											"physicalType": "String"
										},
										"sink": {
											"name": "2019-10-01",
											"type": "String",
											"physicalType": "String"
										}
									},
									{
										"source": {
											"name": "2019-11-01",
											"type": "String",
											"physicalType": "String"
										},
										"sink": {
											"name": "2019-11-01",
											"type": "String",
											"physicalType": "String"
										}
									},
									{
										"source": {
											"name": "2019-12-01",
											"type": "String",
											"physicalType": "String"
										},
										"sink": {
											"name": "2019-12-01",
											"type": "String",
											"physicalType": "String"
										}
									},
									{
										"source": {
											"name": "2020-01-01",
											"type": "String",
											"physicalType": "String"
										},
										"sink": {
											"name": "2020-01-01",
											"type": "String",
											"physicalType": "String"
										}
									},
									{
										"source": {
											"name": "2020-02-01",
											"type": "String",
											"physicalType": "String"
										},
										"sink": {
											"name": "2020-02-01",
											"type": "String",
											"physicalType": "String"
										}
									},
									{
										"source": {
											"name": "2020-03-01",
											"type": "String",
											"physicalType": "String"
										},
										"sink": {
											"name": "2020-03-01",
											"type": "String",
											"physicalType": "String"
										}
									},
									{
										"source": {
											"name": "2020-04-01",
											"type": "String",
											"physicalType": "String"
										},
										"sink": {
											"name": "2020-04-01",
											"type": "String",
											"physicalType": "String"
										}
									},
									{
										"source": {
											"name": "2020-05-01",
											"type": "String",
											"physicalType": "String"
										},
										"sink": {
											"name": "2020-05-01",
											"type": "String",
											"physicalType": "String"
										}
									},
									{
										"source": {
											"name": "2020-06-01",
											"type": "String",
											"physicalType": "String"
										},
										"sink": {
											"name": "2020-06-01",
											"type": "String",
											"physicalType": "String"
										}
									},
									{
										"source": {
											"name": "2020-07-01",
											"type": "String",
											"physicalType": "String"
										},
										"sink": {
											"name": "2020-07-01",
											"type": "String",
											"physicalType": "String"
										}
									},
									{
										"source": {
											"name": "2020-08-01",
											"type": "String",
											"physicalType": "String"
										},
										"sink": {
											"name": "2020-08-01",
											"type": "String",
											"physicalType": "String"
										}
									},
									{
										"source": {
											"name": "2020-09-01",
											"type": "String",
											"physicalType": "String"
										},
										"sink": {
											"name": "2020-09-01",
											"type": "String",
											"physicalType": "String"
										}
									},
									{
										"source": {
											"name": "2020-10-01",
											"type": "String",
											"physicalType": "String"
										},
										"sink": {
											"name": "2020-10-01",
											"type": "String",
											"physicalType": "String"
										}
									},
									{
										"source": {
											"name": "2020-11-01",
											"type": "String",
											"physicalType": "String"
										},
										"sink": {
											"name": "2020-11-01",
											"type": "String",
											"physicalType": "String"
										}
									},
									{
										"source": {
											"name": "2020-12-01",
											"type": "String",
											"physicalType": "String"
										},
										"sink": {
											"name": "2020-12-01",
											"type": "String",
											"physicalType": "String"
										}
									},
									{
										"source": {
											"name": "2021-01-01",
											"type": "String",
											"physicalType": "String"
										},
										"sink": {
											"name": "2021-01-01",
											"type": "String",
											"physicalType": "String"
										}
									},
									{
										"source": {
											"name": "2021-02-01",
											"type": "String",
											"physicalType": "String"
										},
										"sink": {
											"name": "2021-02-01",
											"type": "String",
											"physicalType": "String"
										}
									},
									{
										"source": {
											"name": "2021-03-01",
											"type": "String",
											"physicalType": "String"
										},
										"sink": {
											"name": "2021-03-01",
											"type": "String",
											"physicalType": "String"
										}
									},
									{
										"source": {
											"name": "2021-04-01",
											"type": "String",
											"physicalType": "String"
										},
										"sink": {
											"name": "2021-04-01",
											"type": "String",
											"physicalType": "String"
										}
									},
									{
										"source": {
											"name": "2021-05-01",
											"type": "String",
											"physicalType": "String"
										},
										"sink": {
											"name": "2021-05-01",
											"type": "String",
											"physicalType": "String"
										}
									},
									{
										"source": {
											"name": "2021-06-01",
											"type": "String",
											"physicalType": "String"
										},
										"sink": {
											"name": "2021-06-01",
											"type": "String",
											"physicalType": "String"
										}
									},
									{
										"source": {
											"name": "2021-07-01",
											"type": "String",
											"physicalType": "String"
										},
										"sink": {
											"name": "2021-07-01",
											"type": "String",
											"physicalType": "String"
										}
									},
									{
										"source": {
											"name": "2021-08-01",
											"type": "String",
											"physicalType": "String"
										},
										"sink": {
											"name": "2021-08-01",
											"type": "String",
											"physicalType": "String"
										}
									},
									{
										"source": {
											"name": "2021-09-01",
											"type": "String",
											"physicalType": "String"
										},
										"sink": {
											"name": "2021-09-01",
											"type": "String",
											"physicalType": "String"
										}
									},
									{
										"source": {
											"name": "2021-10-01",
											"type": "String",
											"physicalType": "String"
										},
										"sink": {
											"name": "2021-10-01",
											"type": "String",
											"physicalType": "String"
										}
									},
									{
										"source": {
											"name": "2021-11-01",
											"type": "String",
											"physicalType": "String"
										},
										"sink": {
											"name": "2021-11-01",
											"type": "String",
											"physicalType": "String"
										}
									},
									{
										"source": {
											"name": "2021-12-01",
											"type": "String",
											"physicalType": "String"
										},
										"sink": {
											"name": "2021-12-01",
											"type": "String",
											"physicalType": "String"
										}
									},
									{
										"source": {
											"name": "2022-01-01",
											"type": "String",
											"physicalType": "String"
										},
										"sink": {
											"name": "2022-01-01",
											"type": "String",
											"physicalType": "String"
										}
									},
									{
										"source": {
											"name": "2022-02-01",
											"type": "String",
											"physicalType": "String"
										},
										"sink": {
											"name": "2022-02-01",
											"type": "String",
											"physicalType": "String"
										}
									},
									{
										"source": {
											"name": "2022-03-01",
											"type": "String",
											"physicalType": "String"
										},
										"sink": {
											"name": "2022-03-01",
											"type": "String",
											"physicalType": "String"
										}
									},
									{
										"source": {
											"name": "2022-04-01",
											"type": "String",
											"physicalType": "String"
										},
										"sink": {
											"name": "2022-04-01",
											"type": "String",
											"physicalType": "String"
										}
									},
									{
										"source": {
											"name": "2022-05-01",
											"type": "String",
											"physicalType": "String"
										},
										"sink": {
											"name": "2022-05-01",
											"type": "String",
											"physicalType": "String"
										}
									},
									{
										"source": {
											"name": "2022-06-01",
											"type": "String",
											"physicalType": "String"
										},
										"sink": {
											"name": "2022-06-01",
											"type": "String",
											"physicalType": "String"
										}
									},
									{
										"source": {
											"name": "2022-07-01",
											"type": "String",
											"physicalType": "String"
										},
										"sink": {
											"name": "2022-07-01",
											"type": "String",
											"physicalType": "String"
										}
									},
									{
										"source": {
											"name": "2022-08-01",
											"type": "String",
											"physicalType": "String"
										},
										"sink": {
											"name": "2022-08-01",
											"type": "String",
											"physicalType": "String"
										}
									},
									{
										"source": {
											"name": "2022-09-01",
											"type": "String",
											"physicalType": "String"
										},
										"sink": {
											"name": "2022-09-01",
											"type": "String",
											"physicalType": "String"
										}
									},
									{
										"source": {
											"name": "2022-10-01",
											"type": "String",
											"physicalType": "String"
										},
										"sink": {
											"name": "2022-10-01",
											"type": "String",
											"physicalType": "String"
										}
									},
									{
										"source": {
											"name": "2022-11-01",
											"type": "String",
											"physicalType": "String"
										},
										"sink": {
											"name": "2022-11-01",
											"type": "String",
											"physicalType": "String"
										}
									},
									{
										"source": {
											"name": "2022-12-01",
											"type": "String",
											"physicalType": "String"
										},
										"sink": {
											"name": "2022-12-01",
											"type": "String",
											"physicalType": "String"
										}
									},
									{
										"source": {
											"name": "2023-01-01",
											"type": "String",
											"physicalType": "String"
										},
										"sink": {
											"name": "2023-01-01",
											"type": "String",
											"physicalType": "String"
										}
									},
									{
										"source": {
											"name": "2023-02-01",
											"type": "String",
											"physicalType": "String"
										},
										"sink": {
											"name": "2023-02-01",
											"type": "String",
											"physicalType": "String"
										}
									},
									{
										"source": {
											"name": "2023-03-01",
											"type": "String",
											"physicalType": "String"
										},
										"sink": {
											"name": "2023-03-01",
											"type": "String",
											"physicalType": "String"
										}
									},
									{
										"source": {
											"name": "2023-04-01",
											"type": "String",
											"physicalType": "String"
										},
										"sink": {
											"name": "2023-04-01",
											"type": "String",
											"physicalType": "String"
										}
									},
									{
										"source": {
											"name": "2023-05-01",
											"type": "String",
											"physicalType": "String"
										},
										"sink": {
											"name": "2023-05-01",
											"type": "String",
											"physicalType": "String"
										}
									},
									{
										"source": {
											"name": "2023-06-01",
											"type": "String",
											"physicalType": "String"
										},
										"sink": {
											"name": "2023-06-01",
											"type": "String",
											"physicalType": "String"
										}
									},
									{
										"source": {
											"name": "2023-07-01",
											"type": "String",
											"physicalType": "String"
										},
										"sink": {
											"name": "2023-07-01",
											"type": "String",
											"physicalType": "String"
										}
									},
									{
										"source": {
											"name": "2023-08-01",
											"type": "String",
											"physicalType": "String"
										},
										"sink": {
											"name": "2023-08-01",
											"type": "String",
											"physicalType": "String"
										}
									},
									{
										"source": {
											"name": "2023-09-01",
											"type": "String",
											"physicalType": "String"
										},
										"sink": {
											"name": "2023-09-01",
											"type": "String",
											"physicalType": "String"
										}
									},
									{
										"source": {
											"name": "2023-10-01",
											"type": "String",
											"physicalType": "String"
										},
										"sink": {
											"name": "2023-10-01",
											"type": "String",
											"physicalType": "String"
										}
									},
									{
										"source": {
											"name": "2023-11-01",
											"type": "String",
											"physicalType": "String"
										},
										"sink": {
											"name": "2023-11-01",
											"type": "String",
											"physicalType": "String"
										}
									},
									{
										"source": {
											"name": "2023-12-01",
											"type": "String",
											"physicalType": "String"
										},
										"sink": {
											"name": "2023-12-01",
											"type": "String",
											"physicalType": "String"
										}
									},
									{
										"source": {
											"name": "2024-01-01",
											"type": "String",
											"physicalType": "String"
										},
										"sink": {
											"name": "2024-01-01",
											"type": "String",
											"physicalType": "String"
										}
									}
								],
								"typeConversion": true,
								"typeConversionSettings": {
									"allowDataTruncation": true,
									"treatBooleanAsNumber": false
								}
							}
						},
						"inputs": [
							{
								"referenceName": "srcMinjuviMktShare",
								"type": "DatasetReference",
								"parameters": {}
							}
						],
						"outputs": [
							{
								"referenceName": "tgtMinjuviMktShare",
								"type": "DatasetReference",
								"parameters": {}
							}
						]
					},
					{
						"name": "Data flow1",
						"type": "ExecuteDataFlow",
						"dependsOn": [
							{
								"activity": "Copy data1",
								"dependencyConditions": [
									"Succeeded"
								]
							}
						],
						"policy": {
							"timeout": "0.12:00:00",
							"retry": 0,
							"retryIntervalInSeconds": 30,
							"secureOutput": false,
							"secureInput": false
						},
						"userProperties": [],
						"typeProperties": {
							"dataflow": {
								"referenceName": "df_Minjuvi_MktShare",
								"type": "DataFlowReference",
								"parameters": {},
								"datasetParameters": {
									"source1": {},
									"sink1": {}
								}
							},
							"staging": {},
							"compute": {
								"coreCount": 8,
								"computeType": "General"
							},
							"traceLevel": "Fine"
						}
					}
				],
				"policy": {
					"elapsedTimeMetric": {}
				},
				"folder": {
					"name": "IDAC/Adhoc Requests/EU_Competitor_DATA"
				},
				"annotations": []
			},
			"dependsOn": []
		},
		{
			"name": "[concat(parameters('factoryName'), '/pl_XML_to_CSV')]",
			"type": "Microsoft.DataFactory/factories/pipelines",
			"apiVersion": "2018-06-01",
			"properties": {
				"activities": [
					{
						"name": "Data flow1",
						"type": "ExecuteDataFlow",
						"dependsOn": [],
						"policy": {
							"timeout": "0.12:00:00",
							"retry": 0,
							"retryIntervalInSeconds": 30,
							"secureOutput": false,
							"secureInput": false
						},
						"userProperties": [],
						"typeProperties": {
							"dataflow": {
								"referenceName": "df_XML_to_CSV",
								"type": "DataFlowReference",
								"parameters": {},
								"datasetParameters": {
									"source1": {},
									"sink1": {}
								}
							},
							"staging": {},
							"compute": {
								"coreCount": 8,
								"computeType": "General"
							},
							"traceLevel": "Fine"
						}
					}
				],
				"policy": {
					"elapsedTimeMetric": {}
				},
				"folder": {
					"name": "POC"
				},
				"annotations": [],
				"lastPublishTime": "2024-04-04T01:37:27Z"
			},
			"dependsOn": []
		}
	]
}