{
	"name": "IR-AZURE-VNET",
	"properties": {
		"type": "Managed",
		"description": "IR-AZURE-VNET",
		"typeProperties": {
			"computeProperties": {
				"location": "East US 2",
				"dataFlowProperties": {
					"computeType": "General",
					"coreCount": 8,
					"timeToLive": 10,
					"cleanup": false,
					"customProperties": []
				},
				"copyComputeScaleProperties": {
					"dataIntegrationUnit": 16,
					"timeToLive": 5
				},
				"pipelineExternalComputeScaleProperties": {
					"timeToLive": 60,
					"numberOfPipelineNodes": 2,
					"numberOfExternalNodes": 2
				}
			}
		},
		"managedVirtualNetwork": {
			"type": "ManagedVirtualNetworkReference",
			"referenceName": "default"
		}
	}
}