{
	"name": "API_FAC_FAIRMOVE",
	"properties": {
		"linkedServiceName": {
			"referenceName": "Europe_DB_Connection",
			"type": "LinkedServiceReference"
		},
		"folder": {
			"name": "Facilities"
		},
		"annotations": [],
		"type": "AzureSqlTable",
		"schema": [
			{
				"name": "API_FAC_SK",
				"type": "bigint",
				"precision": 19
			},
			{
				"name": "PersonnelNumber",
				"type": "nvarchar"
			},
			{
				"name": "ProfileName",
				"type": "nvarchar"
			},
			{
				"name": "AssignmentType",
				"type": "nvarchar"
			},
			{
				"name": "DtValidFrom",
				"type": "datetime2",
				"scale": 7
			},
			{
				"name": "DtValidTo",
				"type": "datetime2",
				"scale": 7
			},
			{
				"name": "CorrelationId",
				"type": "nvarchar"
			},
			{
				"name": "Status",
				"type": "nvarchar"
			},
			{
				"name": "TransactionId",
				"type": "uniqueidentifier"
			},
			{
				"name": "TranTimestamp",
				"type": "datetime2",
				"scale": 7
			}
		],
		"typeProperties": {
			"schema": "dbo",
			"table": "API_FAC_FAIRMOVE"
		}
	}
}