{
	"name": "BRZ_FAIRMOVE_PARKING_TBL",
	"properties": {
		"linkedServiceName": {
			"referenceName": "LK_BRZ_FACILITIES",
			"type": "LinkedServiceReference"
		},
		"folder": {
			"name": "Facilities"
		},
		"annotations": [],
		"type": "LakehouseTable",
		"schema": [
			{
				"name": "API_FAC_SK",
				"type": "integer"
			},
			{
				"name": "PersonnelNumber",
				"type": "string"
			},
			{
				"name": "ProfileName",
				"type": "string"
			},
			{
				"name": "AssignmentType",
				"type": "string"
			},
			{
				"name": "DtValidFrom",
				"type": "timestamp"
			},
			{
				"name": "DtValidTo",
				"type": "timestamp"
			},
			{
				"name": "CorrelationId",
				"type": "string"
			},
			{
				"name": "Status",
				"type": "string"
			},
			{
				"name": "TransactionId",
				"type": "string"
			},
			{
				"name": "TranTimestamp",
				"type": "timestamp"
			}
		],
		"typeProperties": {
			"table": "fairmove_parking"
		}
	}
}