{
	"name": "Credit_Notes",
	"properties": {
		"linkedServiceName": {
			"referenceName": "Global_DB_Connection",
			"type": "LinkedServiceReference"
		},
		"folder": {
			"name": "1.Informatica_Datasets"
		},
		"annotations": [],
		"type": "AzureSqlTable",
		"schema": [
			{
				"name": "COUNTRY",
				"type": "nvarchar"
			},
			{
				"name": "YearNumber",
				"type": "int",
				"precision": 10
			},
			{
				"name": "MONTH_CODE",
				"type": "int",
				"precision": 10
			},
			{
				"name": "SKU",
				"type": "nvarchar"
			},
			{
				"name": "CREDIT_NOTE",
				"type": "decimal",
				"precision": 38,
				"scale": 5
			},
			{
				"name": "CREATED_DT",
				"type": "datetime",
				"precision": 23,
				"scale": 3
			},
			{
				"name": "CREATED_BY",
				"type": "nvarchar"
			},
			{
				"name": "MODIFIED_DT",
				"type": "datetime",
				"precision": 23,
				"scale": 3
			},
			{
				"name": "MODIFIED_BY",
				"type": "nvarchar"
			},
			{
				"name": "ID",
				"type": "int",
				"precision": 10
			},
			{
				"name": "FLAG",
				"type": "nchar"
			},
			{
				"name": "Brand",
				"type": "nchar"
			},
			{
				"name": "Credit_Note_Act",
				"type": "decimal",
				"precision": 38,
				"scale": 5
			}
		],
		"typeProperties": {
			"schema": "dbo",
			"table": "CREDIT_NOTES"
		}
	}
}