{
	"name": "Customer_Master_Innomar",
	"properties": {
		"linkedServiceName": {
			"referenceName": "DIS_ADLS_G2",
			"type": "LinkedServiceReference"
		},
		"folder": {
			"name": "1.Informatica_Datasets/GlobalDWInvoice/DS_INNOMOR_FEED"
		},
		"annotations": [],
		"type": "DelimitedText",
		"typeProperties": {
			"location": {
				"type": "AzureBlobFSLocation",
				"fileName": "Customer_Master.txt",
				"folderPath": "FDWH",
				"fileSystem": "srcfiles"
			},
			"columnDelimiter": "|",
			"escapeChar": "\\",
			"firstRowAsHeader": false,
			"quoteChar": "\""
		},
		"schema": [
			{
				"name": "MCUSTSK",
				"type": "Number"
			},
			{
				"name": "Status",
				"type": "String"
			},
			{
				"name": "CUSTSPLRNBR",
				"type": "String"
			},
			{
				"name": "Type",
				"type": "Number"
			},
			{
				"name": "AliasforCUSTSPLRNBR",
				"type": "String"
			},
			{
				"name": "Name",
				"type": "String"
			},
			{
				"name": "ADDRline1",
				"type": "String"
			},
			{
				"name": "ADDRline2",
				"type": "String"
			},
			{
				"name": "ADDRline3",
				"type": "String"
			},
			{
				"name": "City",
				"type": "String"
			},
			{
				"name": "ST",
				"type": "String"
			},
			{
				"name": "ZipCD",
				"type": "String"
			},
			{
				"name": "Internalname",
				"type": "String"
			},
			{
				"name": "CNTRY",
				"type": "String"
			},
			{
				"name": "Area",
				"type": "String"
			},
			{
				"name": "NameCTGRY1",
				"type": "String"
			},
			{
				"name": "NameCTGRY2",
				"type": "String"
			},
			{
				"name": "NameCTGRY3",
				"type": "String"
			},
			{
				"name": "CreationDT",
				"type": "String"
			},
			{
				"name": "STPRVNCD",
				"type": "String"
			},
			{
				"name": "PhoneNBR1",
				"type": "String"
			},
			{
				"name": "PhoneNBR2",
				"type": "String"
			},
			{
				"name": "FaxNBR1",
				"type": "String"
			},
			{
				"name": "CreditLimit",
				"type": "String"
			},
			{
				"name": "ARGRP_SK",
				"type": "String"
			},
			{
				"name": "ARGRP",
				"type": "String"
			},
			{
				"name": "PYMTStatistCDW_STG_ICSGRP",
				"type": "String"
			},
			{
				"name": "STMTOfACCT",
				"type": "String"
			},
			{
				"name": "TermsOfPYMT_SK",
				"type": "String"
			},
			{
				"name": "TermsOfPYMT",
				"type": "String"
			},
			{
				"name": "CreditStatus",
				"type": "String"
			},
			{
				"name": "CSTCNTR",
				"type": "String"
			},
			{
				"name": "CNTCTPerson",
				"type": "String"
			},
			{
				"name": "DebtorADDRNBR",
				"type": "String"
			},
			{
				"name": "DebtorNBR",
				"type": "String"
			},
			{
				"name": "DeliveryADDRNBR",
				"type": "String"
			},
			{
				"name": "DeliveryCUSTNBR",
				"type": "String"
			},
			{
				"name": "ConfirmationADDRNBR",
				"type": "String"
			},
			{
				"name": "ConfirmationCUSTNBR",
				"type": "String"
			},
			{
				"name": "INVADDRNBR",
				"type": "String"
			},
			{
				"name": "INVCUSTNBR",
				"type": "String"
			},
			{
				"name": "CustomChain1",
				"type": "String"
			},
			{
				"name": "CustomChain2",
				"type": "String"
			},
			{
				"name": "CustomChain3",
				"type": "String"
			},
			{
				"name": "CustomChain4",
				"type": "String"
			},
			{
				"name": "CustomChain5",
				"type": "String"
			},
			{
				"name": "CustomChain6",
				"type": "String"
			},
			{
				"name": "CustomChain7",
				"type": "String"
			},
			{
				"name": "CustomChain8",
				"type": "String"
			},
			{
				"name": "CustomChain9",
				"type": "String"
			},
			{
				"name": "CustomClassification1",
				"type": "String"
			},
			{
				"name": "CustomClassification2",
				"type": "String"
			},
			{
				"name": "CustomClassification3",
				"type": "String"
			},
			{
				"name": "CustomClassification4",
				"type": "String"
			},
			{
				"name": "CustomClassification5",
				"type": "String"
			},
			{
				"name": "Termsofdelivery",
				"type": "String"
			},
			{
				"name": "MannerofTRNSPRT",
				"type": "String"
			},
			{
				"name": "Administrationfee",
				"type": "String"
			},
			{
				"name": "Invoicingfee",
				"type": "String"
			},
			{
				"name": "CUSTGRP",
				"type": "String"
			},
			{
				"name": "DiscountGRP",
				"type": "String"
			},
			{
				"name": "PriceGRP",
				"type": "String"
			},
			{
				"name": "Discountpercentage",
				"type": "String"
			},
			{
				"name": "SLSman",
				"type": "String"
			},
			{
				"name": "LSTINVDT",
				"type": "String"
			},
			{
				"name": "CurrentACCTBalance",
				"type": "String"
			},
			{
				"name": "FIELD67",
				"type": "String"
			},
			{
				"name": "FIELD68",
				"type": "String"
			},
			{
				"name": "FIELD69",
				"type": "String"
			},
			{
				"name": "FIELD70",
				"type": "String"
			},
			{
				"name": "FIELD71",
				"type": "String"
			},
			{
				"name": "FIELD72",
				"type": "String"
			},
			{
				"name": "FIELD73",
				"type": "String"
			},
			{
				"name": "FIELD74",
				"type": "String"
			},
			{
				"name": "FIELD75",
				"type": "String"
			},
			{
				"name": "FIELD76",
				"type": "String"
			}
		]
	}
}