{
	"name": "D_Distributor",
	"properties": {
		"linkedServiceName": {
			"referenceName": "Global_DB_Connection",
			"type": "LinkedServiceReference"
		},
		"annotations": [],
		"type": "AzureSqlTable",
		"schema": [
			{
				"name": "DISTRIBUTOR_KEY",
				"type": "int",
				"precision": 10
			},
			{
				"name": "DISTRIBUTOR_ID",
				"type": "nvarchar"
			},
			{
				"name": "DISTRIBUTOR_NAME",
				"type": "nvarchar"
			},
			{
				"name": "DISTRIBUTOR_GROUP",
				"type": "nvarchar"
			},
			{
				"name": "DISTRIBUTOR_GROUP_SNM",
				"type": "nvarchar"
			},
			{
				"name": "SRC_TYPE",
				"type": "nvarchar"
			},
			{
				"name": "CREATED_DT",
				"type": "datetime",
				"precision": 23,
				"scale": 3
			},
			{
				"name": "CREATED_BY",
				"type": "nvarchar"
			},
			{
				"name": "MODIFIED_DT",
				"type": "datetime",
				"precision": 23,
				"scale": 3
			},
			{
				"name": "MODIFIED_BY",
				"type": "nvarchar"
			},
			{
				"name": "ETL_ID",
				"type": "nvarchar"
			},
			{
				"name": "Address_Line1",
				"type": "nvarchar"
			},
			{
				"name": "Address_Line2",
				"type": "nvarchar"
			},
			{
				"name": "Address_Line3",
				"type": "nvarchar"
			},
			{
				"name": "City",
				"type": "nvarchar"
			},
			{
				"name": "State",
				"type": "nvarchar"
			},
			{
				"name": "Country",
				"type": "nvarchar"
			}
		],
		"typeProperties": {
			"schema": "dbo",
			"table": "D_Distributor_adf"
		}
	}
}