{
	"name": "Destination_Files",
	"properties": {
		"linkedServiceName": {
			"referenceName": "ADLSG2",
			"type": "LinkedServiceReference"
		},
		"folder": {
			"name": "1.Informatica_Datasets/Informatica_Datasets"
		},
		"annotations": [],
		"type": "DelimitedText",
		"typeProperties": {
			"location": {
				"type": "AzureBlobStorageLocation",
				"folderPath": "BudgetandForecast",
				"container": "globaldatawarehouse"
			},
			"columnDelimiter": ",",
			"escapeChar": "\\",
			"firstRowAsHeader": false,
			"quoteChar": "\""
		},
		"schema": []
	}
}