{
	"name": "DS_CDW_CONCUR_PRODUCT_COMPOUND",
	"properties": {
		"linkedServiceName": {
			"referenceName": "DIS_ADLS_G2",
			"type": "LinkedServiceReference"
		},
		"parameters": {
			"Filename": {
				"type": "string"
			}
		},
		"folder": {
			"name": "MediSpend"
		},
		"annotations": [],
		"type": "DelimitedText",
		"typeProperties": {
			"location": {
				"type": "AzureBlobFSLocation",
				"fileName": {
					"value": "@concat(dataset().FileName,formatDateTime(convertFromUtc(utcnow(),'Eastern Standard Time'),'yyyyMMdd'),'.txt')",
					"type": "Expression"
				},
				"folderPath": "TgtFiles_MEDI_CONCUR/Concur_Product_Compound/Decrypted",
				"fileSystem": "tgtfiles"
			},
			"columnDelimiter": ",",
			"encodingName": "UTF-8",
			"escapeChar": "\\",
			"firstRowAsHeader": false,
			"quoteChar": "\""
		},
		"schema": []
	}
}