{
	"name": "DS_CDW_MEDI_PRODUCT_COMPOUND",
	"properties": {
		"linkedServiceName": {
			"referenceName": "AZSQLVM",
			"type": "LinkedServiceReference"
		},
		"parameters": {
			"paramMCPSQLServer": {
				"type": "string"
			},
			"paramMCPSQLDB": {
				"type": "string"
			},
			"paramMCPSQLAccount": {
				"type": "string"
			},
			"paramMCPKVSecret": {
				"type": "string"
			}
		},
		"folder": {
			"name": "MediSpend"
		},
		"annotations": [],
		"type": "SqlServerTable",
		"schema": [],
		"typeProperties": {
			"schema": "MDS",
			"table": "CDW_MEDI_PRODUCT_COMPOUND"
		}
	}
}