{
	"name": "DS_D_Date",
	"properties": {
		"linkedServiceName": {
			"referenceName": "Global_DB_Connection",
			"type": "LinkedServiceReference"
		},
		"annotations": [],
		"type": "AzureSqlTable",
		"schema": [
			{
				"name": "DATE_KEY",
				"type": "datetime",
				"precision": 23,
				"scale": 3
			},
			{
				"name": "DATE_INT",
				"type": "int",
				"precision": 10
			},
			{
				"name": "DAY_OF_WEEK",
				"type": "nvarchar"
			},
			{
				"name": "DAY_OF_WEEK_NAME",
				"type": "nvarchar"
			},
			{
				"name": "WEEK_OF_YEAR",
				"type": "nvarchar"
			},
			{
				"name": "MONTH_OF_YEAR",
				"type": "nvarchar"
			},
			{
				"name": "MONTH_NAME",
				"type": "nvarchar"
			},
			{
				"name": "MONTH_YEAR",
				"type": "char"
			},
			{
				"name": "YEAR",
				"type": "nvarchar"
			},
			{
				"name": "QUARTER_OF_YEAR",
				"type": "char"
			},
			{
				"name": "QUARTER_YEAR",
				"type": "char"
			},
			{
				"name": "CURRENT_MTH_IND",
				"type": "char"
			},
			{
				"name": "CURRENT_QR_IND",
				"type": "char"
			},
			{
				"name": "CURRENT_YR_IND",
				"type": "char"
			},
			{
				"name": "MTD_IND",
				"type": "char"
			},
			{
				"name": "PMTD_IND",
				"type": "char"
			},
			{
				"name": "YTD_IND",
				"type": "char"
			},
			{
				"name": "PYTD_IND",
				"type": "char"
			},
			{
				"name": "QTD_IND",
				"type": "char"
			},
			{
				"name": "PQTD_IND",
				"type": "char"
			},
			{
				"name": "ROLLING_12_MONTHS_IND",
				"type": "char"
			},
			{
				"name": "ROLLING_90_DAYS_IND",
				"type": "char"
			},
			{
				"name": "NBR_WEEK_DAYS",
				"type": "int",
				"precision": 10
			},
			{
				"name": "WEEKDAYS",
				"type": "int",
				"precision": 10
			},
			{
				"name": "prev_rolling_90_days_ind",
				"type": "char"
			},
			{
				"name": "CREATED_DT",
				"type": "datetime",
				"precision": 23,
				"scale": 3
			},
			{
				"name": "CREATED_BY",
				"type": "nvarchar"
			},
			{
				"name": "MODIFIED_DT",
				"type": "datetime",
				"precision": 23,
				"scale": 3
			},
			{
				"name": "MODIFIED_BY",
				"type": "nvarchar"
			},
			{
				"name": "ETL_ID",
				"type": "nvarchar"
			},
			{
				"name": "WKTD_IND",
				"type": "varchar"
			},
			{
				"name": "4WK_IND",
				"type": "varchar"
			}
		],
		"typeProperties": {
			"schema": "dbo",
			"table": "D_Date"
		}
	}
}