{
	"name": "Ds_Eur_Fairmove_SFTP_Src",
	"properties": {
		"linkedServiceName": {
			"referenceName": "LK_FAIRMOVE_EXT",
			"type": "LinkedServiceReference"
		},
		"folder": {
			"name": "Facilities"
		},
		"annotations": [],
		"type": "DelimitedText",
		"typeProperties": {
			"location": {
				"type": "SftpLocation",
				"fileName": "fairmove-morges-full_0427010039.csv",
				"folderPath": "/PROD/ARCHIVE/"
			},
			"columnDelimiter": ",",
			"escapeChar": "\\",
			"firstRowAsHeader": true,
			"quoteChar": "\""
		},
		"schema": [
			{
				"name": "site_id;firstname;lastname;country_id;postal_code;city;street_and_number;email;contract_code;contract_start_at;external_reference;company_code;company_id;login",
				"type": "String"
			}
		]
	}
}