{
	"name": "Ds_Eur_Emp_SFTP_Tgt",
	"properties": {
		"linkedServiceName": {
			"referenceName": "LK_BRZ_FACILITIES",
			"type": "LinkedServiceReference"
		},
		"folder": {
			"name": "Facilities"
		},
		"annotations": [],
		"type": "DelimitedText",
		"typeProperties": {
			"location": {
				"type": "LakehouseLocation",
				"fileName": "PEOPLESOFT_EMPLOYEE.csv",
				"folderPath": "Fairmove"
			},
			"columnDelimiter": ",",
			"escapeChar": "\\",
			"firstRowAsHeader": true,
			"quoteChar": "\""
		},
		"schema": []
	}
}