{
	"name": "Ds_Eur_Emp_SFTP_Src",
	"properties": {
		"linkedServiceName": {
			"referenceName": "ADLSG2",
			"type": "LinkedServiceReference"
		},
		"folder": {
			"name": "Facilities"
		},
		"annotations": [],
		"type": "DelimitedText",
		"typeProperties": {
			"location": {
				"type": "AzureBlobStorageLocation",
				"fileName": "part-00000-53b9eed8-3f95-4e12-9f8a-b7bb71a67929-c000.csv",
				"container": "globaldatawarehouse"
			},
			"columnDelimiter": ",",
			"escapeChar": "\\",
			"firstRowAsHeader": true,
			"quoteChar": "\""
		},
		"schema": [
			{
				"name": "site_id;firstname;lastname;country_id;postal_code;city;street_and_number;email;contract_code;contract_start_at;external_reference;company_code;company_id;login",
				"type": "String"
			}
		]
	}
}