{
	"name": "DS_HEALTHCAREPROFESSIONAL",
	"properties": {
		"linkedServiceName": {
			"referenceName": "DIS_ADLS_G2",
			"type": "LinkedServiceReference"
		},
		"parameters": {
			"Filename": {
				"type": "string"
			}
		},
		"folder": {
			"name": "MediSpend"
		},
		"annotations": [],
		"type": "DelimitedText",
		"typeProperties": {
			"location": {
				"type": "AzureBlobFSLocation",
				"fileName": {
					"value": "@dataset().Filename",
					"type": "Expression"
				},
				"folderPath": "TgtFiles_MEDI_CONCUR/Global_VEEVA/SAP_Ariba",
				"fileSystem": "tgtfiles"
			},
			"columnDelimiter": ",",
			"encodingName": "WINDOWS-1252",
			"escapeChar": "\\",
			"firstRowAsHeader": true,
			"quoteChar": "\""
		},
		"schema": []
	}
}