{
	"name": "DS_INMR_INVOICE_XML_READ",
	"properties": {
		"linkedServiceName": {
			"referenceName": "DIS_ADLS_G2",
			"type": "LinkedServiceReference"
		},
		"parameters": {
			"filename": {
				"type": "string"
			}
		},
		"folder": {
			"name": "SAP_Integration"
		},
		"annotations": [],
		"type": "Xml",
		"typeProperties": {
			"location": {
				"type": "AzureBlobFSLocation",
				"fileName": {
					"value": "@dataset().filename",
					"type": "Expression"
				},
				"folderPath": "SAP_Integration/Innomar/Xml",
				"fileSystem": "srcfiles"
			}
		}
	}
}