{
	"name": "DS_LakeHouse_VW_EBRELEMENTCONTEXTINFORMATION_MES_SKYLAND",
	"properties": {
		"linkedServiceName": {
			"referenceName": "LK_GOLD_BIOPLANT",
			"type": "LinkedServiceReference"
		},
		"folder": {
			"name": "MES_SKYLAND"
		},
		"annotations": [],
		"type": "LakehouseTable",
		"schema": [
			{
				"name": "TYPE",
				"type": "string"
			},
			{
				"name": "KEY",
				"type": "string"
			},
			{
				"name": "DESC_",
				"type": "string"
			},
			{
				"name": "SDESC",
				"type": "string"
			},
			{
				"name": "TRANSDESC",
				"type": "string"
			},
			{
				"name": "TRANSSDESC",
				"type": "string"
			},
			{
				"name": "RECORDCREATEDATETIME",
				"type": "timestamp"
			},
			{
				"name": "RCORDCREATEDBY",
				"type": "string"
			},
			{
				"name": "SOURCESYSTEMNAME",
				"type": "string"
			}
		],
		"typeProperties": {
			"table": "VW_EBRELEMENTCONTEXTINFORMATION_MES_SKYLAND"
		}
	}
}