{
	"name": "DS_SRC_CDW_MEDI_PRODUCT_COMPOUND",
	"properties": {
		"linkedServiceName": {
			"referenceName": "DIS_ADLS_G2",
			"type": "LinkedServiceReference"
		},
		"annotations": [],
		"type": "DelimitedText",
		"typeProperties": {
			"location": {
				"type": "AzureBlobFSLocation",
				"folderPath": "Medispend_Concur/DAILY_INBOUND",
				"fileSystem": "srcfiles"
			},
			"columnDelimiter": "|",
			"escapeChar": "\\",
			"firstRowAsHeader": true,
			"quoteChar": "\""
		},
		"schema": [
			{
				"name": "ProductName|ProductIdentifier|ProductNDC|ProductAlternateName|FieldtoUseforReporting|ProductCoveredType|ProductTherapeuticArea|ProductDescription|ProductType|ProductCategory1|ProductCategory2|ProductCategory3|ProductCategory4|ProductCategory5|ProductDosage1|ProductDosage2|ProductDosage3|UnitsPerSample1|UnitsPerSample2|UnitsPerSample3|ProductOrganizationGroup1|GroupPropagate1|ProductOrganizationGroup2|GroupPropagate2|ProductOrganizationGroup3|GroupPropagate3",
				"type": "String"
			}
		]
	}
}