{
	"name": "Ds_SLV_Fairmove_data",
	"properties": {
		"linkedServiceName": {
			"referenceName": "LK_SLV_FACILITIES",
			"type": "LinkedServiceReference"
		},
		"folder": {
			"name": "Facilities"
		},
		"annotations": [],
		"type": "DelimitedText",
		"typeProperties": {
			"location": {
				"type": "LakehouseLocation",
				"fileName": "Fairmove_Parking.csv",
				"folderPath": "Fairmove"
			},
			"columnDelimiter": ",",
			"escapeChar": "\\",
			"firstRowAsHeader": true,
			"quoteChar": "\""
		},
		"schema": []
	}
}