{
	"name": "DS_Src_INVOICE_LINE",
	"properties": {
		"linkedServiceName": {
			"referenceName": "DIS_ADLS_G2",
			"type": "LinkedServiceReference"
		},
		"parameters": {
			"FilePath": {
				"type": "string"
			},
			"Filename": {
				"type": "string"
			}
		},
		"folder": {
			"name": "SAP_Integration"
		},
		"annotations": [],
		"type": "DelimitedText",
		"typeProperties": {
			"location": {
				"type": "AzureBlobFSLocation",
				"fileName": {
					"value": "@dataset().Filename",
					"type": "Expression"
				},
				"folderPath": {
					"value": "@dataset().FilePath",
					"type": "Expression"
				},
				"fileSystem": "srcfiles"
			},
			"columnDelimiter": "|",
			"escapeChar": "\\",
			"firstRowAsHeader": false,
			"quoteChar": "\""
		},
		"schema": []
	}
}