{
	"name": "F_DAILY_FORECAST",
	"properties": {
		"linkedServiceName": {
			"referenceName": "Global_DB_Connection",
			"type": "LinkedServiceReference"
		},
		"folder": {
			"name": "1.Informatica_Datasets/GlobalDWInvoice/FORECAST"
		},
		"annotations": [],
		"type": "AzureSqlTable",
		"schema": [
			{
				"name": "Day",
				"type": "date"
			},
			{
				"name": "Bottle_Forecast",
				"type": "int",
				"precision": 10
			},
			{
				"name": "Revenue_Forecast",
				"type": "decimal",
				"precision": 38,
				"scale": 6
			},
			{
				"name": "Revenue_Forecast_Gross",
				"type": "decimal",
				"precision": 38,
				"scale": 6
			},
			{
				"name": "Brand",
				"type": "nvarchar"
			},
			{
				"name": "Ship_to_country",
				"type": "nvarchar"
			},
			{
				"name": "Incyte_country",
				"type": "nvarchar"
			},
			{
				"name": "CREATED_DT",
				"type": "datetime",
				"precision": 23,
				"scale": 3
			},
			{
				"name": "CREATED_BY",
				"type": "nvarchar"
			},
			{
				"name": "MODIFIED_DT",
				"type": "datetime",
				"precision": 23,
				"scale": 3
			},
			{
				"name": "MODIFIED_BY",
				"type": "nvarchar"
			},
			{
				"name": "ETL_ID",
				"type": "nvarchar"
			}
		],
		"typeProperties": {
			"schema": "dbo",
			"table": "F_DAILY_FORECAST_ADF"
		}
	}
}