{
	"name": "F_INVOICE",
	"properties": {
		"linkedServiceName": {
			"referenceName": "Global_DB_Connection",
			"type": "LinkedServiceReference"
		},
		"folder": {
			"name": "1.Informatica_Datasets/GlobalDWInvoice"
		},
		"annotations": [],
		"type": "AzureSqlTable",
		"schema": [
			{
				"name": "Invoice_Key",
				"type": "int",
				"precision": 10
			},
			{
				"name": "Distributor_Key",
				"type": "int",
				"precision": 10
			},
			{
				"name": "Product_Key",
				"type": "int",
				"precision": 10
			},
			{
				"name": "Invoice_Dt_Key",
				"type": "int",
				"precision": 10
			},
			{
				"name": "Currency_Key",
				"type": "int",
				"precision": 10
			},
			{
				"name": "Price_Key",
				"type": "int",
				"precision": 10
			},
			{
				"name": "Country_Key",
				"type": "int",
				"precision": 10
			},
			{
				"name": "INVOICE_NUMBER",
				"type": "nvarchar"
			},
			{
				"name": "INVOICE_LINE_NUMBER",
				"type": "nvarchar"
			},
			{
				"name": "INVOICE_DATE",
				"type": "date"
			},
			{
				"name": "ORDER_NUMBER",
				"type": "decimal",
				"precision": 38,
				"scale": 2
			},
			{
				"name": "ORDER_LINE_NUMBER",
				"type": "decimal",
				"precision": 38,
				"scale": 2
			},
			{
				"name": "ORDER_DATE",
				"type": "date"
			},
			{
				"name": "ORDER_LINES_TOTAL",
				"type": "decimal",
				"precision": 38,
				"scale": 2
			},
			{
				"name": "ORDER_TOTAL",
				"type": "decimal",
				"precision": 38,
				"scale": 2
			},
			{
				"name": "TOTAL_AMOUNT_EXCLUDING_VAT",
				"type": "decimal",
				"precision": 38,
				"scale": 2
			},
			{
				"name": "TOTAL_TAX_AMOUNT",
				"type": "decimal",
				"precision": 38,
				"scale": 2
			},
			{
				"name": "TOTAL_AMOUNT_INCLUDING_VAT",
				"type": "decimal",
				"precision": 38,
				"scale": 2
			},
			{
				"name": "INVOICE_ADJUSTMENT_AMOUNT",
				"type": "decimal",
				"precision": 38,
				"scale": 2
			},
			{
				"name": "DUE_DATE",
				"type": "date"
			},
			{
				"name": "ORDER_TYPE",
				"type": "nvarchar"
			},
			{
				"name": "ORDER_TYPE_DESCRIPTION",
				"type": "nvarchar"
			},
			{
				"name": "SALES_PRICE",
				"type": "decimal",
				"precision": 38,
				"scale": 2
			},
			{
				"name": "QUANTITY",
				"type": "decimal",
				"precision": 38,
				"scale": 2
			},
			{
				"name": "AMOUNT",
				"type": "decimal",
				"precision": 38,
				"scale": 2
			},
			{
				"name": "AMOUNT_FILTERED",
				"type": "decimal",
				"precision": 38,
				"scale": 2
			},
			{
				"name": "RETAIL_PRICE",
				"type": "decimal",
				"precision": 38,
				"scale": 2
			},
			{
				"name": "NET_PRICE",
				"type": "decimal",
				"precision": 38,
				"scale": 2
			},
			{
				"name": "ORDER_CATEGORY",
				"type": "nvarchar"
			},
			{
				"name": "ORDER_CATEGORY_DESCRIPTION",
				"type": "nvarchar"
			},
			{
				"name": "SRC_SYSTEM",
				"type": "nvarchar"
			},
			{
				"name": "CREATED_DT",
				"type": "datetime",
				"precision": 23,
				"scale": 3
			},
			{
				"name": "CREATED_BY",
				"type": "nvarchar"
			},
			{
				"name": "MODIFIED_DT",
				"type": "datetime",
				"precision": 23,
				"scale": 3
			},
			{
				"name": "MODIFIED_BY",
				"type": "nvarchar"
			},
			{
				"name": "ETL_ID",
				"type": "nvarchar"
			},
			{
				"name": "INCYTE_COUNTRY",
				"type": "nvarchar"
			},
			{
				"name": "ACT_PRICE",
				"type": "decimal",
				"precision": 38,
				"scale": 2
			}
		],
		"typeProperties": {
			"schema": "dbo",
			"table": "F_INVOICE"
		}
	}
}