{
	"name": "F_PRICES_PI",
	"properties": {
		"linkedServiceName": {
			"referenceName": "Global_DB_Connection",
			"type": "LinkedServiceReference"
		},
		"folder": {
			"name": "1.Informatica_Datasets/GlobalDWInvoice"
		},
		"annotations": [],
		"type": "AzureSqlTable",
		"schema": [
			{
				"name": "PRICE_KEY",
				"type": "int",
				"precision": 10
			},
			{
				"name": "MONTH_YR",
				"type": "nvarchar"
			},
			{
				"name": "SKU",
				"type": "nvarchar"
			},
			{
				"name": "COUNTRY_CD",
				"type": "nvarchar"
			},
			{
				"name": "INCY_COUNTRY_CD",
				"type": "nvarchar"
			},
			{
				"name": "PRICE",
				"type": "decimal",
				"precision": 38,
				"scale": 12
			},
			{
				"name": "CREATED_DT",
				"type": "datetime",
				"precision": 23,
				"scale": 3
			},
			{
				"name": "CREATED_BY",
				"type": "nvarchar"
			},
			{
				"name": "MODIFIED_DT",
				"type": "datetime",
				"precision": 23,
				"scale": 3
			},
			{
				"name": "MODIFIED_BY",
				"type": "nvarchar"
			},
			{
				"name": "ETL_ID",
				"type": "nvarchar"
			},
			{
				"name": "BRAND",
				"type": "nvarchar"
			},
			{
				"name": "PRICE_ACT",
				"type": "decimal",
				"precision": 38,
				"scale": 12
			}
		],
		"typeProperties": {
			"schema": "dbo",
			"table": "F_PRICES_PI"
		}
	}
}