{
	"name": "iCore_brz_milestone_csv",
	"properties": {
		"linkedServiceName": {
			"referenceName": "LK_BRONZE_CLINICAL",
			"type": "LinkedServiceReference"
		},
		"annotations": [],
		"type": "DelimitedText",
		"typeProperties": {
			"location": {
				"type": "LakehouseLocation",
				"fileName": "Milestone.csv",
				"folderPath": "iCore_Zaiden/CSV"
			},
			"columnDelimiter": ",",
			"escapeChar": "\\",
			"firstRowAsHeader": true,
			"quoteChar": "\""
		},
		"schema": [
			{
				"name": "responseStatus",
				"type": "String"
			},
			{
				"name": "queryDescribe.object.name",
				"type": "String"
			},
			{
				"name": "queryDescribe.object.label",
				"type": "String"
			},
			{
				"name": "queryDescribe.object.label_plural",
				"type": "String"
			},
			{
				"name": "queryDescribe.fields.label",
				"type": "String"
			},
			{
				"name": "queryDescribe.fields.type",
				"type": "String"
			},
			{
				"name": "queryDescribe.fields.required",
				"type": "String"
			},
			{
				"name": "queryDescribe.fields.unique",
				"type": "String"
			},
			{
				"name": "queryDescribe.fields.name",
				"type": "String"
			},
			{
				"name": "queryDescribe.fields.status",
				"type": "String"
			},
			{
				"name": "queryDescribe.fields.encrypted",
				"type": "String"
			},
			{
				"name": "responseDetails.pagesize",
				"type": "String"
			},
			{
				"name": "responseDetails.pageoffset",
				"type": "String"
			},
			{
				"name": "responseDetails.size",
				"type": "String"
			},
			{
				"name": "responseDetails.total",
				"type": "String"
			},
			{
				"name": "data.site__v",
				"type": "String"
			},
			{
				"name": "data.site__vr.external_id__v",
				"type": "String"
			},
			{
				"name": "data.study_country__v",
				"type": "String"
			},
			{
				"name": "data.study_country__vr.external_id__v",
				"type": "String"
			},
			{
				"name": "data.study__v",
				"type": "String"
			},
			{
				"name": "data.study__vr.external_id__v",
				"type": "String"
			},
			{
				"name": "data.name__v",
				"type": "String"
			},
			{
				"name": "data.milestone_type__v",
				"type": "String"
			},
			{
				"name": "data.actual_start_date__v",
				"type": "String"
			},
			{
				"name": "data.actual_finish_date__v",
				"type": "String"
			},
			{
				"name": "queryDescribe.fields.max_length",
				"type": "String"
			},
			{
				"name": "queryDescribe.fields.picklist",
				"type": "String"
			}
		]
	}
}