{
	"name": "iCore_brz_site_json",
	"properties": {
		"linkedServiceName": {
			"referenceName": "LK_BRONZE_CLINICAL",
			"type": "LinkedServiceReference"
		},
		"annotations": [],
		"type": "Json",
		"typeProperties": {
			"location": {
				"type": "LakehouseLocation",
				"fileName": "Site.json",
				"folderPath": "iCore_Zaiden/JSON"
			}
		},
		"schema": {
			"type": "object",
			"properties": {
				"responseStatus": {
					"type": "string"
				},
				"queryDescribe": {
					"type": "object",
					"properties": {
						"object": {
							"type": "object",
							"properties": {
								"name": {
									"type": "string"
								},
								"label": {
									"type": "string"
								},
								"label_plural": {
									"type": "string"
								}
							}
						},
						"fields": {
							"type": "array",
							"items": {
								"type": "object",
								"properties": {
									"label": {
										"type": "string"
									},
									"type": {
										"type": "string"
									},
									"required": {
										"type": "boolean"
									},
									"unique": {
										"type": "boolean"
									},
									"name": {
										"type": "string"
									},
									"status": {
										"type": "array",
										"items": {
											"type": "string"
										}
									},
									"encrypted": {
										"type": "boolean"
									}
								}
							}
						}
					}
				},
				"responseDetails": {
					"type": "object",
					"properties": {
						"pagesize": {
							"type": "integer"
						},
						"pageoffset": {
							"type": "integer"
						},
						"size": {
							"type": "integer"
						},
						"total": {
							"type": "integer"
						}
					}
				},
				"data": {
					"type": "array",
					"items": {
						"type": "object",
						"properties": {
							"site__v": {
								"type": "string"
							},
							"site__vr.external_id__v": {
								"type": "string"
							},
							"study_country__v": {
								"type": "string"
							},
							"study_country__vr.external_id__v": {
								"type": "string"
							},
							"study__v": {
								"type": "string"
							},
							"study__vr.external_id__v": {
								"type": "string"
							},
							"name__v": {
								"type": "string"
							},
							"milestone_type__v": {
								"type": "array",
								"items": {
									"type": "string"
								}
							},
							"actual_start_date__v": {
								"type": "null"
							},
							"actual_finish_date__v": {
								"type": "string"
							}
						}
					}
				}
			}
		}
	}
}