{
	"name": "ICS_Blob_Storage",
	"properties": {
		"description": "we are trying to store ics files from fileshar to Blob",
		"linkedServiceName": {
			"referenceName": "ADLSG2",
			"type": "LinkedServiceReference"
		},
		"folder": {
			"name": "1.Informatica_Datasets/GlobalDWInvoice"
		},
		"annotations": [],
		"type": "DelimitedText",
		"typeProperties": {
			"location": {
				"type": "AzureBlobStorageLocation",
				"folderPath": "ICS_Source_Files",
				"container": "globaldatawarehouse"
			},
			"columnDelimiter": "|",
			"escapeChar": "\\",
			"firstRowAsHeader": true,
			"quoteChar": "\""
		},
		"schema": []
	}
}