{
	"name": "ICS_Product_master",
	"properties": {
		"linkedServiceName": {
			"referenceName": "DIS_ADLS_G2",
			"type": "LinkedServiceReference"
		},
		"folder": {
			"name": "1.Informatica_Datasets/GlobalDWInvoice"
		},
		"annotations": [],
		"type": "DelimitedText",
		"typeProperties": {
			"location": {
				"type": "AzureBlobFSLocation",
				"fileName": "Product_Master.txt",
				"folderPath": "FDWH",
				"fileSystem": "srcfiles"
			},
			"columnDelimiter": "|",
			"escapeChar": "\\",
			"firstRowAsHeader": false,
			"quoteChar": "\""
		},
		"schema": [
			{
				"name": "CSTCNTR",
				"type": "String"
			},
			{
				"name": "MPRDCTSK",
				"type": "String"
			},
			{
				"name": "Status",
				"type": "String"
			},
			{
				"name": "PRDCTCD",
				"type": "String"
			},
			{
				"name": "ShortNBR",
				"type": "String"
			},
			{
				"name": "DESCR",
				"type": "String"
			},
			{
				"name": "Internalname",
				"type": "String"
			},
			{
				"name": "PRDCTtype",
				"type": "String"
			},
			{
				"name": "CommodityCD",
				"type": "String"
			},
			{
				"name": "PRDCTGRP",
				"type": "String"
			},
			{
				"name": "ACCTGRP",
				"type": "String"
			},
			{
				"name": "PRDCTCTGRY1",
				"type": "String"
			},
			{
				"name": "PRDCTCTGRY2",
				"type": "String"
			},
			{
				"name": "PRDCTCTGRY3",
				"type": "String"
			},
			{
				"name": "FictitiousPRDCT",
				"type": "String"
			},
			{
				"name": "Timeaxis",
				"type": "String"
			},
			{
				"name": "Lot",
				"type": "String"
			},
			{
				"name": "SerialNBRtracking",
				"type": "String"
			},
			{
				"name": "CreationDT",
				"type": "Datetime"
			},
			{
				"name": "Stockunit",
				"type": "String"
			},
			{
				"name": "MainSPLRNBR",
				"type": "String"
			},
			{
				"name": "DefaultSLSunit",
				"type": "String"
			},
			{
				"name": "LSTpurchasecost",
				"type": "String"
			},
			{
				"name": "Averagepurchasecost",
				"type": "String"
			},
			{
				"name": "Standardcost",
				"type": "String"
			},
			{
				"name": "Userdefinednumericfield1",
				"type": "String"
			},
			{
				"name": "Userdefinednumericfield2",
				"type": "String"
			},
			{
				"name": "Userdefinedalphafield1",
				"type": "String"
			},
			{
				"name": "Userdefinedalphafield2",
				"type": "String"
			},
			{
				"name": "Lotsecuritydays",
				"type": "String"
			},
			{
				"name": "SellByDTFLG",
				"type": "String"
			},
			{
				"name": "Goodstype",
				"type": "String"
			},
			{
				"name": "ShipmentGRP",
				"type": "String"
			},
			{
				"name": "ItemSegment04",
				"type": "String"
			},
			{
				"name": "FIELD35",
				"type": "String"
			},
			{
				"name": "FIELD36",
				"type": "String"
			},
			{
				"name": "FIELD37",
				"type": "String"
			},
			{
				"name": "FIELD38",
				"type": "String"
			},
			{
				"name": "FIELD39",
				"type": "String"
			},
			{
				"name": "FIELD40",
				"type": "String"
			},
			{
				"name": "FIELD41",
				"type": "String"
			},
			{
				"name": "FIELD42",
				"type": "String"
			}
		]
	}
}