{
	"name": "Invoice_Header_ICS",
	"properties": {
		"linkedServiceName": {
			"referenceName": "DIS_ADLS_G2",
			"type": "LinkedServiceReference"
		},
		"folder": {
			"name": "1.Informatica_Datasets/GlobalDWInvoice"
		},
		"annotations": [],
		"type": "DelimitedText",
		"typeProperties": {
			"location": {
				"type": "AzureBlobFSLocation",
				"fileName": "Invoice_Header.txt",
				"folderPath": "ICS_Source_Files",
				"fileSystem": "globaldatawarehouse"
			},
			"columnDelimiter": "|",
			"escapeChar": "\\",
			"firstRowAsHeader": false,
			"quoteChar": "\""
		},
		"schema": [
			{
				"name": "RCDNBR",
				"type": "String"
			},
			{
				"name": "CSTCNTR",
				"type": "String"
			},
			{
				"name": "INVNBR",
				"type": "String"
			},
			{
				"name": "Type",
				"type": "String"
			},
			{
				"name": "INVYR",
				"type": "String"
			},
			{
				"name": "ORDNBR",
				"type": "String"
			},
			{
				"name": "INVDT",
				"type": "Datetime"
			},
			{
				"name": "CUSTNBRSK",
				"type": "String"
			},
			{
				"name": "CUSTName",
				"type": "String"
			},
			{
				"name": "CUSTNBR",
				"type": "String"
			},
			{
				"name": "INVCUSTNBRSK",
				"type": "Number"
			},
			{
				"name": "INVCUSTNBR",
				"type": "String"
			},
			{
				"name": "TermsOfPYMTSK",
				"type": "Number"
			},
			{
				"name": "TermsOfPYMT",
				"type": "String"
			},
			{
				"name": "TermsOfPYMTDESCR",
				"type": "String"
			},
			{
				"name": "TermsOfDeliverySK",
				"type": "Number"
			},
			{
				"name": "TermsOfDelivery",
				"type": "String"
			},
			{
				"name": "MannerOfTRNSPRTSK",
				"type": "Number"
			},
			{
				"name": "MannerOfTRNSPRT",
				"type": "String"
			},
			{
				"name": "MannerOfTRNSPRTDESCR",
				"type": "String"
			},
			{
				"name": "ORDReference",
				"type": "String"
			},
			{
				"name": "ORDDT",
				"type": "Datetime"
			},
			{
				"name": "ORDLinesTotal",
				"type": "Number"
			},
			{
				"name": "ORDTotal",
				"type": "Number"
			},
			{
				"name": "INVAMTExcludingVAT",
				"type": "Number"
			},
			{
				"name": "INVTaxAMT",
				"type": "Number"
			},
			{
				"name": "INVAMTIncludingVAT",
				"type": "Number"
			},
			{
				"name": "INVAdjustmentAMT",
				"type": "Number"
			},
			{
				"name": "DueDT",
				"type": "Datetime"
			},
			{
				"name": "HandlerSK",
				"type": "String"
			},
			{
				"name": "Handler",
				"type": "String"
			},
			{
				"name": "Goodsmarking",
				"type": "String"
			},
			{
				"name": "CUSTsSPLRsORDNBRReference",
				"type": "String"
			},
			{
				"name": "CNTRY",
				"type": "String"
			},
			{
				"name": "RSNCDSK",
				"type": "String"
			},
			{
				"name": "RSNCD",
				"type": "String"
			},
			{
				"name": "RSNCDDESCR",
				"type": "String"
			},
			{
				"name": "DebtorNBRSK",
				"type": "String"
			},
			{
				"name": "DebtorNBR",
				"type": "String"
			},
			{
				"name": "ReferenceNBR",
				"type": "String"
			},
			{
				"name": "EDITradingPartnerID",
				"type": "String"
			},
			{
				"name": "CUSTORDPONBR",
				"type": "String"
			},
			{
				"name": "INVDT_TimeCdSK",
				"type": "Number"
			},
			{
				"name": "ORDDT_TimeCdSK",
				"type": "Number"
			},
			{
				"name": "DueDT_TimeCdSK",
				"type": "Number"
			},
			{
				"name": "FIELD46",
				"type": "String"
			},
			{
				"name": "FIELD47",
				"type": "String"
			},
			{
				"name": "FIELD48",
				"type": "String"
			},
			{
				"name": "FIELD49",
				"type": "String"
			},
			{
				"name": "FIELD50",
				"type": "String"
			},
			{
				"name": "FIELD51",
				"type": "String"
			},
			{
				"name": "FIELD52",
				"type": "String"
			},
			{
				"name": "FIELD53",
				"type": "String"
			}
		]
	}
}