{
	"name": "Invoice_Line_ICS",
	"properties": {
		"linkedServiceName": {
			"referenceName": "DIS_ADLS_G2",
			"type": "LinkedServiceReference"
		},
		"folder": {
			"name": "1.Informatica_Datasets/GlobalDWInvoice"
		},
		"annotations": [],
		"type": "DelimitedText",
		"typeProperties": {
			"location": {
				"type": "AzureBlobFSLocation",
				"fileName": "Invoice_Line.txt",
				"folderPath": "ICS_Source_Files",
				"fileSystem": "globaldatawarehouse"
			},
			"columnDelimiter": "|",
			"escapeChar": "\\",
			"firstRowAsHeader": false,
			"quoteChar": "\""
		},
		"schema": [
			{
				"name": "RCDNBR",
				"type": "Number"
			},
			{
				"name": "CSTCNTR",
				"type": "String"
			},
			{
				"name": "INVNBR",
				"type": "String"
			},
			{
				"name": "INVLINENBR",
				"type": "String"
			},
			{
				"name": "TYPE",
				"type": "String"
			},
			{
				"name": "INVYR",
				"type": "String"
			},
			{
				"name": "ORDNBR",
				"type": "String"
			},
			{
				"name": "ORDLINENBR",
				"type": "String"
			},
			{
				"name": "PRDCTCDSK",
				"type": "String"
			},
			{
				"name": "PRDCTCD",
				"type": "String"
			},
			{
				"name": "PRDCTCDDESCR",
				"type": "String"
			},
			{
				"name": "QTY",
				"type": "Number"
			},
			{
				"name": "INVDT",
				"type": "Datetime"
			},
			{
				"name": "CUSTSK",
				"type": "Number"
			},
			{
				"name": "CUSTNBR",
				"type": "String"
			},
			{
				"name": "INVDQTYSLSUNIT",
				"type": "String"
			},
			{
				"name": "UNIT",
				"type": "String"
			},
			{
				"name": "DELIVERYDT",
				"type": "Datetime"
			},
			{
				"name": "SLSPRICE",
				"type": "Number"
			},
			{
				"name": "DISCOUNTPERCENTAGE",
				"type": "String"
			},
			{
				"name": "DISCOUNTAMT",
				"type": "String"
			},
			{
				"name": "AMT",
				"type": "String"
			},
			{
				"name": "FREEOFCHARGE",
				"type": "String"
			},
			{
				"name": "RETAILPRICE",
				"type": "String"
			},
			{
				"name": "TRANTYPE",
				"type": "String"
			},
			{
				"name": "COSTPRICE",
				"type": "Number"
			},
			{
				"name": "PRDCTGRPSK",
				"type": "Number"
			},
			{
				"name": "PRDCTGRP",
				"type": "String"
			},
			{
				"name": "PRDCTACCTGRP",
				"type": "String"
			},
			{
				"name": "PRDCTCTGRY1SK",
				"type": "String"
			},
			{
				"name": "PRDCTCTGRY1",
				"type": "String"
			},
			{
				"name": "PRDCTCTGRY2SK",
				"type": "String"
			},
			{
				"name": "PRDCTCTGRY2",
				"type": "String"
			},
			{
				"name": "PRDCTCTGRY3SK",
				"type": "Number"
			},
			{
				"name": "PRDCTCTGRY3",
				"type": "String"
			},
			{
				"name": "PRDCTCTGRY4SK",
				"type": "Number"
			},
			{
				"name": "PRDCTCTGRY4",
				"type": "String"
			},
			{
				"name": "PRDCTCTGRY5SK",
				"type": "Number"
			},
			{
				"name": "PRDCTCTGRY5",
				"type": "String"
			},
			{
				"name": "PRDCTCTGRY6SK",
				"type": "Number"
			},
			{
				"name": "PRDCTCTGRY6",
				"type": "String"
			},
			{
				"name": "CUSTGRP",
				"type": "String"
			},
			{
				"name": "CUSTACCTGRP",
				"type": "String"
			},
			{
				"name": "CUSTCTGRY1SK",
				"type": "Number"
			},
			{
				"name": "CUSTCTGRY1",
				"type": "String"
			},
			{
				"name": "CUSTCTGRY2SK",
				"type": "Number"
			},
			{
				"name": "CUSTCTGRY2",
				"type": "String"
			},
			{
				"name": "CUSTCTGRY3SK",
				"type": "Number"
			},
			{
				"name": "CUSTCTGRY3",
				"type": "String"
			},
			{
				"name": "DISCOUNTGRPSK",
				"type": "Number"
			},
			{
				"name": "DISCOUNTGRP",
				"type": "String"
			},
			{
				"name": "DISCOUNTGRPDESCR",
				"type": "String"
			},
			{
				"name": "CNTRY",
				"type": "String"
			},
			{
				"name": "AREASK",
				"type": "Number"
			},
			{
				"name": "AREA",
				"type": "String"
			},
			{
				"name": "AREADESCR",
				"type": "String"
			},
			{
				"name": "WRHSSK",
				"type": "Number"
			},
			{
				"name": "WRHSNBR",
				"type": "String"
			},
			{
				"name": "ORDTYPESK",
				"type": "Number"
			},
			{
				"name": "ORDTYPE",
				"type": "String"
			},
			{
				"name": "ORDTYPEDESCR",
				"type": "String"
			},
			{
				"name": "SPLRNBR",
				"type": "String"
			},
			{
				"name": "ORDDISCOUNTPERCENTAGE",
				"type": "String"
			},
			{
				"name": "NETPRICE",
				"type": "Number"
			},
			{
				"name": "REQUESTEDDELIVERYDT",
				"type": "Datetime"
			},
			{
				"name": "ACCTINGPERIOD",
				"type": "String"
			},
			{
				"name": "INVCUSTNBRSK",
				"type": "String"
			},
			{
				"name": "INVCUSTNBR",
				"type": "String"
			},
			{
				"name": "PRDCTTYPE",
				"type": "String"
			},
			{
				"name": "ORDDT",
				"type": "Datetime"
			},
			{
				"name": "NETSLSVALUE",
				"type": "Number"
			},
			{
				"name": "DEBTORNBRSK",
				"type": "Number"
			},
			{
				"name": "DEBTORNBR",
				"type": "String"
			},
			{
				"name": "TOTALAMT",
				"type": "Number"
			},
			{
				"name": "DENIALOFCREDITRSNCD",
				"type": "String"
			},
			{
				"name": "DENIALOFCREDITRSNCDDESCR",
				"type": "String"
			},
			{
				"name": "CUSTORDPONBR",
				"type": "String"
			},
			{
				"name": "INVDT_TIMECDSK",
				"type": "String"
			},
			{
				"name": "DELIVERYDT_TIMECDSK",
				"type": "Number"
			},
			{
				"name": "REQUESTEDDELIVERYDT_TIMECDSK",
				"type": "Number"
			},
			{
				"name": "ORDDT_TIMECDSK",
				"type": "Number"
			},
			{
				"name": "FIELD82",
				"type": "String"
			},
			{
				"name": "FIELD83",
				"type": "String"
			},
			{
				"name": "FIELD84",
				"type": "String"
			},
			{
				"name": "FIELD85",
				"type": "String"
			},
			{
				"name": "FIELD86",
				"type": "String"
			},
			{
				"name": "FIELD87",
				"type": "String"
			},
			{
				"name": "FIELD88",
				"type": "String"
			},
			{
				"name": "FIELD89",
				"type": "String"
			}
		]
	}
}