{
	"name": "Japan_Budget",
	"properties": {
		"linkedServiceName": {
			"referenceName": "DIS_ADLS_G2",
			"type": "LinkedServiceReference"
		},
		"folder": {
			"name": "1.Informatica_Datasets/GlobalDWInvoice/DAILY_BUDGET"
		},
		"annotations": [],
		"type": "DelimitedText",
		"typeProperties": {
			"location": {
				"type": "AzureBlobFSLocation",
				"fileName": "Japan_Budget.csv",
				"folderPath": "FDWH",
				"fileSystem": "srcfiles"
			},
			"columnDelimiter": ",",
			"escapeChar": "\\",
			"firstRowAsHeader": true,
			"quoteChar": "\""
		},
		"schema": [
			{
				"name": "Month_Year",
				"type": "String"
			},
			{
				"name": "Revenue_BUD",
				"type": "String"
			},
			{
				"name": "Revenue_BUD_Gross",
				"type": "String"
			},
			{
				"name": "Brand",
				"type": "String"
			},
			{
				"name": "Ship_to_country",
				"type": "String"
			},
			{
				"name": "Incyte_country",
				"type": "String"
			}
		]
	}
}