{
	"name": "OT_CORRECTION",
	"properties": {
		"linkedServiceName": {
			"referenceName": "Global_DB_Connection",
			"type": "LinkedServiceReference"
		},
		"folder": {
			"name": "1.Informatica_Datasets/GlobalDWInvoice"
		},
		"annotations": [],
		"type": "AzureSqlTable",
		"schema": [
			{
				"name": "Country",
				"type": "varchar"
			},
			{
				"name": "Territory",
				"type": "varchar"
			},
			{
				"name": "ShipDate",
				"type": "date"
			},
			{
				"name": "SKU",
				"type": "varchar"
			},
			{
				"name": "brand",
				"type": "varchar"
			},
			{
				"name": "Bottles",
				"type": "varchar"
			}
		],
		"typeProperties": {
			"schema": "dbo",
			"table": "OT_CORRECTION"
		}
	}
}