{
	"name": "PARALLEL_IMPORT_TERR",
	"properties": {
		"linkedServiceName": {
			"referenceName": "Global_DB_Connection",
			"type": "LinkedServiceReference"
		},
		"folder": {
			"name": "1.Informatica_Datasets/GlobalDWInvoice"
		},
		"annotations": [],
		"type": "AzureSqlTable",
		"schema": [
			{
				"name": "COUNTRY",
				"type": "nvarchar"
			},
			{
				"name": "Territory",
				"type": "nvarchar"
			},
			{
				"name": "Month_Yr",
				"type": "nvarchar"
			},
			{
				"name": "SKU",
				"type": "nvarchar"
			},
			{
				"name": "Actuals",
				"type": "decimal",
				"precision": 38,
				"scale": 2
			},
			{
				"name": "Targets",
				"type": "decimal",
				"precision": 38,
				"scale": 2
			},
			{
				"name": "Actuals_LY",
				"type": "decimal",
				"precision": 38,
				"scale": 2
			},
			{
				"name": "CREATED_DT",
				"type": "datetime",
				"precision": 23,
				"scale": 3
			},
			{
				"name": "CREATED_BY",
				"type": "nvarchar"
			},
			{
				"name": "MODIFIED_DT",
				"type": "datetime",
				"precision": 23,
				"scale": 3
			},
			{
				"name": "MODIFIED_BY",
				"type": "nvarchar"
			},
			{
				"name": "ID",
				"type": "int",
				"precision": 10
			}
		],
		"typeProperties": {
			"schema": "dbo",
			"table": "Parallel_Import_terr"
		}
	}
}