{
	"name": "Sales_Order_Header",
	"properties": {
		"linkedServiceName": {
			"referenceName": "DIS_ADLS_G2",
			"type": "LinkedServiceReference"
		},
		"folder": {
			"name": "1.Informatica_Datasets/GlobalDWInvoice"
		},
		"annotations": [],
		"type": "DelimitedText",
		"typeProperties": {
			"location": {
				"type": "AzureBlobFSLocation",
				"fileName": "Sales_Order_Header.txt",
				"folderPath": "ICS_Source_Files",
				"fileSystem": "globaldatawarehouse"
			},
			"columnDelimiter": "|",
			"escapeChar": "\\",
			"firstRowAsHeader": false,
			"quoteChar": "\""
		},
		"schema": [
			{
				"name": "CSTCNTR",
				"type": "String"
			},
			{
				"name": "Status",
				"type": "String"
			},
			{
				"name": "ORDNBR",
				"type": "String"
			},
			{
				"name": "CUSTName",
				"type": "String"
			},
			{
				"name": "Type",
				"type": "String"
			},
			{
				"name": "ORDTypeSK",
				"type": "String"
			},
			{
				"name": "ORDtype",
				"type": "String"
			},
			{
				"name": "ORDtypeDESCR",
				"type": "String"
			},
			{
				"name": "ORDDT",
				"type": "Datetime"
			},
			{
				"name": "CUSTSK",
				"type": "Number"
			},
			{
				"name": "CUSTNBR",
				"type": "String"
			},
			{
				"name": "DeliveryADDRNBR",
				"type": "String"
			},
			{
				"name": "INVCUSTNBR",
				"type": "String"
			},
			{
				"name": "CUSTreference",
				"type": "String"
			},
			{
				"name": "HandlerSK",
				"type": "Number"
			},
			{
				"name": "Handler",
				"type": "String"
			},
			{
				"name": "DiscountGRPSK",
				"type": "Number"
			},
			{
				"name": "DiscountGRP",
				"type": "String"
			},
			{
				"name": "DiscountGRPDESCR",
				"type": "String"
			},
			{
				"name": "HoldORD",
				"type": "String"
			},
			{
				"name": "Creditstatus",
				"type": "String"
			},
			{
				"name": "TermsOfPYMTSK",
				"type": "Number"
			},
			{
				"name": "TermsofPYMT",
				"type": "String"
			},
			{
				"name": "TermsofPYMTDESCR",
				"type": "String"
			},
			{
				"name": "TermsOfDeliverySK",
				"type": "Number"
			},
			{
				"name": "TermsOfDelivery",
				"type": "String"
			},
			{
				"name": "MannerOfTRNSPRTSK",
				"type": "Number"
			},
			{
				"name": "MannerofTRNSPRT",
				"type": "String"
			},
			{
				"name": "MannerofTRNSPRTDESCR",
				"type": "String"
			},
			{
				"name": "Freightfee",
				"type": "Number"
			},
			{
				"name": "Administrationfee",
				"type": "Number"
			},
			{
				"name": "INVfee",
				"type": "Number"
			},
			{
				"name": "WRHSSK",
				"type": "Number"
			},
			{
				"name": "WRHSNBR",
				"type": "String"
			},
			{
				"name": "Deliverytime",
				"type": "String"
			},
			{
				"name": "CUSTGRPSK",
				"type": "Number"
			},
			{
				"name": "CUSTGRP",
				"type": "String"
			},
			{
				"name": "CUSTGRPDESCR",
				"type": "String"
			},
			{
				"name": "ORDvalue",
				"type": "String"
			},
			{
				"name": "ORDstatus",
				"type": "String"
			},
			{
				"name": "CUSTsSPLRsORDNBRReference",
				"type": "String"
			},
			{
				"name": "CUSTsORDPONBR",
				"type": "String"
			},
			{
				"name": "Goodsmarking",
				"type": "String"
			},
			{
				"name": "HoldINV",
				"type": "String"
			},
			{
				"name": "EDIcreated",
				"type": "String"
			},
			{
				"name": "ReturnRSNSK",
				"type": "String"
			},
			{
				"name": "RSNCD",
				"type": "String"
			},
			{
				"name": "RSNCDDESCR",
				"type": "String"
			},
			{
				"name": "DebtorNBRSK",
				"type": "Number"
			},
			{
				"name": "DebtorNBR",
				"type": "String"
			},
			{
				"name": "TotalAMTexcludingVAT",
				"type": "String"
			},
			{
				"name": "TotalTaxAMT",
				"type": "String"
			},
			{
				"name": "TotalAMTincludingVAT",
				"type": "String"
			},
			{
				"name": "ORDCTGRYSK",
				"type": "String"
			},
			{
				"name": "ORDCTGRY",
				"type": "String"
			},
			{
				"name": "ORDCTGRYDESCR",
				"type": "String"
			},
			{
				"name": "ACCTGRPSK",
				"type": "Number"
			},
			{
				"name": "CUSTACCTGRP",
				"type": "String"
			},
			{
				"name": "ACCTGRPDESCR",
				"type": "String"
			},
			{
				"name": "ThirdPartyName",
				"type": "String"
			},
			{
				"name": "ThirdPartyZipCD",
				"type": "String"
			},
			{
				"name": "ThirdPartyCUSTNBR",
				"type": "String"
			},
			{
				"name": "ThirdPartyCUSTORDNBR",
				"type": "String"
			},
			{
				"name": "ThirdPartyORDRefNBR",
				"type": "String"
			},
			{
				"name": "Form222NBR",
				"type": "String"
			},
			{
				"name": "Form222IssueDT",
				"type": "Datetime"
			},
			{
				"name": "EDITradingPartnerID",
				"type": "String"
			},
			{
				"name": "ProgramType",
				"type": "String"
			},
			{
				"name": "ORDDT_TimeCdSK",
				"type": "String"
			},
			{
				"name": "DeliveryTime_TimeCdSK",
				"type": "String"
			},
			{
				"name": "FIELD71",
				"type": "String"
			},
			{
				"name": "FIELD72",
				"type": "String"
			},
			{
				"name": "FIELD73",
				"type": "String"
			},
			{
				"name": "FIELD74",
				"type": "String"
			},
			{
				"name": "FIELD75",
				"type": "String"
			},
			{
				"name": "FIELD76",
				"type": "String"
			},
			{
				"name": "FIELD77",
				"type": "String"
			},
			{
				"name": "FIELD78",
				"type": "String"
			}
		]
	}
}