{
	"name": "STG_Product_IDAC",
	"properties": {
		"linkedServiceName": {
			"referenceName": "Global_DB_Connection",
			"type": "LinkedServiceReference"
		},
		"annotations": [],
		"type": "AzureSqlTable",
		"schema": [
			{
				"name": "PRODUCT_KEY",
				"type": "int",
				"precision": 10
			},
			{
				"name": "SKU",
				"type": "nvarchar"
			},
			{
				"name": "SKU_ID",
				"type": "nvarchar"
			},
			{
				"name": "PRODUCT_NAME",
				"type": "nvarchar"
			},
			{
				"name": "PRODUCT_STATUS",
				"type": "nvarchar"
			},
			{
				"name": "CREATED_DT",
				"type": "datetime",
				"precision": 23,
				"scale": 3
			},
			{
				"name": "CREATED_BY",
				"type": "nvarchar"
			},
			{
				"name": "MODIFIED_DT",
				"type": "datetime",
				"precision": 23,
				"scale": 3
			},
			{
				"name": "MODIFIED_BY",
				"type": "nvarchar"
			},
			{
				"name": "ETL_ID",
				"type": "nvarchar"
			}
		],
		"typeProperties": {
			"schema": "dbo",
			"table": "STG_PRODUCT_IDAC_adf"
		}
	}
}