{
	"name": "STG_INV_HDR_INMR",
	"properties": {
		"linkedServiceName": {
			"referenceName": "Global_DB_Connection",
			"type": "LinkedServiceReference"
		},
		"folder": {
			"name": "1.Informatica_Datasets/GlobalDWInvoice/DS_INNOMOR_FEED"
		},
		"annotations": [],
		"type": "AzureSqlTable",
		"schema": [
			{
				"name": "inv_hdr_id",
				"type": "int",
				"precision": 10
			},
			{
				"name": "RCDNBR",
				"type": "int",
				"precision": 10
			},
			{
				"name": "CSTCNTR",
				"type": "varchar"
			},
			{
				"name": "INVNBR",
				"type": "int",
				"precision": 10
			},
			{
				"name": "TYPE",
				"type": "int",
				"precision": 10
			},
			{
				"name": "INVYR",
				"type": "int",
				"precision": 10
			},
			{
				"name": "ORDNBR",
				"type": "int",
				"precision": 10
			},
			{
				"name": "INVDT",
				"type": "varchar"
			},
			{
				"name": "CUSTNBRSK",
				"type": "int",
				"precision": 10
			},
			{
				"name": "CUSTNM",
				"type": "varchar"
			},
			{
				"name": "CUSTNBR",
				"type": "varchar"
			},
			{
				"name": "INVCUSTNBRSK",
				"type": "int",
				"precision": 10
			},
			{
				"name": "INVCUSTNBR",
				"type": "varchar"
			},
			{
				"name": "TERMSOFPYMTSK",
				"type": "int",
				"precision": 10
			},
			{
				"name": "TERMSOFPYMT",
				"type": "varchar"
			},
			{
				"name": "TERMSOFPYMTDESCR",
				"type": "varchar"
			},
			{
				"name": "TERMSOFDELIVERYSK",
				"type": "int",
				"precision": 10
			},
			{
				"name": "TERMSOFDELIVERY",
				"type": "varchar"
			},
			{
				"name": "MANNEROFTRNSPRTSK",
				"type": "int",
				"precision": 10
			},
			{
				"name": "MANNEROFTRNSPRT",
				"type": "varchar"
			},
			{
				"name": "MANNEROFTRNSPRTDESCR",
				"type": "varchar"
			},
			{
				"name": "ORDREFERENCE",
				"type": "varchar"
			},
			{
				"name": "ORDDT",
				"type": "varchar"
			},
			{
				"name": "ORDLINESTOTAL",
				"type": "money",
				"precision": 19,
				"scale": 4
			},
			{
				"name": "ORDTOTAL",
				"type": "money",
				"precision": 19,
				"scale": 4
			},
			{
				"name": "INVAMTEXCLUDINGVAT",
				"type": "money",
				"precision": 19,
				"scale": 4
			},
			{
				"name": "INVTAXAMT",
				"type": "money",
				"precision": 19,
				"scale": 4
			},
			{
				"name": "INVAMTINCLUDINGVAT",
				"type": "money",
				"precision": 19,
				"scale": 4
			},
			{
				"name": "INVADJUSTMENTAMT",
				"type": "money",
				"precision": 19,
				"scale": 4
			},
			{
				"name": "DUEDT",
				"type": "varchar"
			},
			{
				"name": "HANDLERSK",
				"type": "int",
				"precision": 10
			},
			{
				"name": "HANDLER",
				"type": "varchar"
			},
			{
				"name": "GOODSMARKING",
				"type": "varchar"
			},
			{
				"name": "CUSTSSPLRSORDNBRREFERENCE",
				"type": "varchar"
			},
			{
				"name": "CNTRY",
				"type": "varchar"
			},
			{
				"name": "RSNCDSK",
				"type": "int",
				"precision": 10
			},
			{
				"name": "RSNCD",
				"type": "varchar"
			},
			{
				"name": "RSNCDDESCR",
				"type": "varchar"
			},
			{
				"name": "DEBTORNBRSK",
				"type": "int",
				"precision": 10
			},
			{
				"name": "DEBTORNBR",
				"type": "varchar"
			},
			{
				"name": "REFERENCENBR",
				"type": "int",
				"precision": 10
			},
			{
				"name": "EDITRADINGPARTNERID",
				"type": "varchar"
			},
			{
				"name": "CUSTORDPONBR",
				"type": "varchar"
			},
			{
				"name": "INVDT_TIMECDSK",
				"type": "int",
				"precision": 10
			},
			{
				"name": "ORDDT_TIMECDSK",
				"type": "int",
				"precision": 10
			},
			{
				"name": "DUEDT_TIMECDSK",
				"type": "int",
				"precision": 10
			},
			{
				"name": "CREATED_DT",
				"type": "datetime",
				"precision": 23,
				"scale": 3
			},
			{
				"name": "CREATED_BY",
				"type": "nvarchar"
			},
			{
				"name": "MODIFIED_DT",
				"type": "datetime",
				"precision": 23,
				"scale": 3
			},
			{
				"name": "MODIFIED_BY",
				"type": "nvarchar"
			},
			{
				"name": "ETL_ID",
				"type": "nvarchar"
			}
		],
		"typeProperties": {
			"schema": "dbo",
			"table": "STG_INV_HDR_INMR"
		}
	}
}