{
	"name": "stg_distributor_IDAC",
	"properties": {
		"linkedServiceName": {
			"referenceName": "Global_DB_Connection",
			"type": "LinkedServiceReference"
		},
		"annotations": [],
		"type": "AzureSqlTable",
		"schema": [
			{
				"name": "ACCOUNT_KEY",
				"type": "int",
				"precision": 10
			},
			{
				"name": "VENDOR_ID",
				"type": "nvarchar"
			},
			{
				"name": "ACCOUNT_ID",
				"type": "nvarchar"
			},
			{
				"name": "ACCOUNT_NAME",
				"type": "nvarchar"
			},
			{
				"name": "ADDRESS",
				"type": "nvarchar"
			},
			{
				"name": "CITY",
				"type": "nvarchar"
			},
			{
				"name": "COUNTRY",
				"type": "nvarchar"
			},
			{
				"name": "POSTAL_CODE",
				"type": "nvarchar"
			},
			{
				"name": "PHONE_NUMBER",
				"type": "nvarchar"
			},
			{
				"name": "FAX",
				"type": "nvarchar"
			},
			{
				"name": "ACCOUNT_TYPE",
				"type": "nvarchar"
			},
			{
				"name": "CREATED_DT",
				"type": "datetime",
				"precision": 23,
				"scale": 3
			},
			{
				"name": "CREATED_BY",
				"type": "nvarchar"
			},
			{
				"name": "MODIFIED_DT",
				"type": "datetime",
				"precision": 23,
				"scale": 3
			},
			{
				"name": "MODIFIED_BY",
				"type": "nvarchar"
			},
			{
				"name": "ETL_ID",
				"type": "int",
				"precision": 10
			},
			{
				"name": "Address_Line1",
				"type": "nvarchar"
			},
			{
				"name": "Address_Line2",
				"type": "nvarchar"
			},
			{
				"name": "Address_Line3",
				"type": "nvarchar"
			}
		],
		"typeProperties": {
			"schema": "dbo",
			"table": "Stg_Distributor_IDAC_adf"
		}
	}
}