{
	"name": "STG_Product_INMR",
	"properties": {
		"linkedServiceName": {
			"referenceName": "Global_DB_Connection",
			"type": "LinkedServiceReference"
		},
		"annotations": [],
		"type": "AzureSqlTable",
		"schema": [
			{
				"name": "PRDCT_KEY",
				"type": "int",
				"precision": 10
			},
			{
				"name": "PRDCT_CD",
				"type": "nvarchar"
			},
			{
				"name": "DESCR",
				"type": "nvarchar"
			},
			{
				"name": "PRDCT_INTERNAL_NM",
				"type": "nvarchar"
			},
			{
				"name": "PRDCTtype",
				"type": "nvarchar"
			},
			{
				"name": "CommodityCD",
				"type": "nvarchar"
			},
			{
				"name": "PRDCTCTGRY1",
				"type": "nvarchar"
			},
			{
				"name": "CREATED_DT",
				"type": "datetime",
				"precision": 23,
				"scale": 3
			},
			{
				"name": "CREATED_BY",
				"type": "nvarchar"
			},
			{
				"name": "MODIFIED_DT",
				"type": "datetime",
				"precision": 23,
				"scale": 3
			},
			{
				"name": "MODIFIED_BY",
				"type": "nvarchar"
			},
			{
				"name": "ETL_ID",
				"type": "nvarchar"
			}
		],
		"typeProperties": {
			"schema": "dbo",
			"table": "STG_Product_INMR"
		}
	}
}