{
	"name": "STG_INV_LINE_INNOMAR",
	"properties": {
		"linkedServiceName": {
			"referenceName": "Global_DB_Connection",
			"type": "LinkedServiceReference"
		},
		"folder": {
			"name": "1.Informatica_Datasets/GlobalDWInvoice/DS_INNOMOR_FEED"
		},
		"annotations": [],
		"type": "AzureSqlTable",
		"schema": [
			{
				"name": "INV_LINE_ID",
				"type": "int",
				"precision": 10
			},
			{
				"name": "RCDNBR",
				"type": "int",
				"precision": 10
			},
			{
				"name": "CSTCNTR",
				"type": "varchar"
			},
			{
				"name": "INVNBR",
				"type": "int",
				"precision": 10
			},
			{
				"name": "INVLINENBR",
				"type": "int",
				"precision": 10
			},
			{
				"name": "TYPE",
				"type": "int",
				"precision": 10
			},
			{
				"name": "INVYR",
				"type": "int",
				"precision": 10
			},
			{
				"name": "ORDNBR",
				"type": "int",
				"precision": 10
			},
			{
				"name": "ORDLINENBR",
				"type": "int",
				"precision": 10
			},
			{
				"name": "PRODCDSK",
				"type": "int",
				"precision": 10
			},
			{
				"name": "PRODCD",
				"type": "varchar"
			},
			{
				"name": "PRODCDDESCR",
				"type": "varchar"
			},
			{
				"name": "QTY",
				"type": "int",
				"precision": 10
			},
			{
				"name": "INVDT",
				"type": "varchar"
			},
			{
				"name": "CUSTSK",
				"type": "int",
				"precision": 10
			},
			{
				"name": "CUSTNBR",
				"type": "varchar"
			},
			{
				"name": "INVDQTYSLSUNIT",
				"type": "int",
				"precision": 10
			},
			{
				"name": "UNIT",
				"type": "varchar"
			},
			{
				"name": "DELIVERYDT",
				"type": "datetime",
				"precision": 23,
				"scale": 3
			},
			{
				"name": "SLSPRICE",
				"type": "money",
				"precision": 19,
				"scale": 4
			},
			{
				"name": "DISCOUNTPERCENTAGE",
				"type": "int",
				"precision": 10
			},
			{
				"name": "DISCOUNTAMT",
				"type": "money",
				"precision": 19,
				"scale": 4
			},
			{
				"name": "AMT",
				"type": "money",
				"precision": 19,
				"scale": 4
			},
			{
				"name": "FREEOFCHARGE",
				"type": "varchar"
			},
			{
				"name": "RETAILPRICE",
				"type": "money",
				"precision": 19,
				"scale": 4
			},
			{
				"name": "TRANTYPE",
				"type": "int",
				"precision": 10
			},
			{
				"name": "COSTPRICE",
				"type": "money",
				"precision": 19,
				"scale": 4
			},
			{
				"name": "PRODGRPSK",
				"type": "int",
				"precision": 10
			},
			{
				"name": "PRODGRP",
				"type": "varchar"
			},
			{
				"name": "PRODACCTGRP",
				"type": "varchar"
			},
			{
				"name": "PRODCTGRY1SK",
				"type": "int",
				"precision": 10
			},
			{
				"name": "PRODCTGRY1",
				"type": "varchar"
			},
			{
				"name": "PRODCTGRY2SK",
				"type": "int",
				"precision": 10
			},
			{
				"name": "PRODCTGRY2",
				"type": "varchar"
			},
			{
				"name": "PRODCTGRY3SK",
				"type": "int",
				"precision": 10
			},
			{
				"name": "PRODCTGRY3",
				"type": "varchar"
			},
			{
				"name": "PRODCTGRY4SK",
				"type": "int",
				"precision": 10
			},
			{
				"name": "PRODCTGRY4",
				"type": "varchar"
			},
			{
				"name": "PRODCTGRY5SK",
				"type": "int",
				"precision": 10
			},
			{
				"name": "PRODCTGRY5",
				"type": "varchar"
			},
			{
				"name": "PRODCTGRY6SK",
				"type": "int",
				"precision": 10
			},
			{
				"name": "PRODCTGRY6",
				"type": "varchar"
			},
			{
				"name": "CUSTGRP",
				"type": "varchar"
			},
			{
				"name": "CUSTACCTGRP",
				"type": "varchar"
			},
			{
				"name": "CUSTCTGRY1SK",
				"type": "int",
				"precision": 10
			},
			{
				"name": "CUSTCTGRY1",
				"type": "varchar"
			},
			{
				"name": "CUSTCTGRY2SK",
				"type": "int",
				"precision": 10
			},
			{
				"name": "CUSTCTGRY2",
				"type": "varchar"
			},
			{
				"name": "CUSTCTGRY3SK",
				"type": "int",
				"precision": 10
			},
			{
				"name": "CUSTCTGRY3",
				"type": "varchar"
			},
			{
				"name": "DISCOUNTGRPSK",
				"type": "int",
				"precision": 10
			},
			{
				"name": "DISCOUNTGRP",
				"type": "varchar"
			},
			{
				"name": "DISCOUNTGRPDESCR",
				"type": "varchar"
			},
			{
				"name": "CNTRY",
				"type": "varchar"
			},
			{
				"name": "AREASK",
				"type": "int",
				"precision": 10
			},
			{
				"name": "AREA",
				"type": "varchar"
			},
			{
				"name": "AREADESCR",
				"type": "varchar"
			},
			{
				"name": "WRHSSK",
				"type": "int",
				"precision": 10
			},
			{
				"name": "WRHSNBR",
				"type": "varchar"
			},
			{
				"name": "ORDTYPESK",
				"type": "int",
				"precision": 10
			},
			{
				"name": "ORDTYPE",
				"type": "varchar"
			},
			{
				"name": "ORDTYPEDESCR",
				"type": "varchar"
			},
			{
				"name": "SPLRNBR",
				"type": "varchar"
			},
			{
				"name": "ORDDISCOUNTPERCENTAGE",
				"type": "int",
				"precision": 10
			},
			{
				"name": "NETPRICE",
				"type": "money",
				"precision": 19,
				"scale": 4
			},
			{
				"name": "REQUESTEDDELIVERYDT",
				"type": "datetime",
				"precision": 23,
				"scale": 3
			},
			{
				"name": "ACCTINGPERIOD",
				"type": "int",
				"precision": 10
			},
			{
				"name": "INVCUSTNBRSK",
				"type": "int",
				"precision": 10
			},
			{
				"name": "INVCUSTNBR",
				"type": "varchar"
			},
			{
				"name": "PRODTYPE",
				"type": "varchar"
			},
			{
				"name": "ORDDT",
				"type": "datetime",
				"precision": 23,
				"scale": 3
			},
			{
				"name": "NETSLSVALUE",
				"type": "money",
				"precision": 19,
				"scale": 4
			},
			{
				"name": "DEBTORNBRSK",
				"type": "int",
				"precision": 10
			},
			{
				"name": "DEBTORNBR",
				"type": "varchar"
			},
			{
				"name": "TOTALAMT",
				"type": "money",
				"precision": 19,
				"scale": 4
			},
			{
				"name": "DENIALOFCREDITRSNCD",
				"type": "varchar"
			},
			{
				"name": "DENIALOFCREDITRSNCDDESCR",
				"type": "varchar"
			},
			{
				"name": "CUSTORDPONBR",
				"type": "varchar"
			},
			{
				"name": "INVDT_TIMECDSK",
				"type": "int",
				"precision": 10
			},
			{
				"name": "DELIVERYDT_TIMECDSK",
				"type": "int",
				"precision": 10
			},
			{
				"name": "REQUESTEDDELIVERYDT_TIMECDSK",
				"type": "int",
				"precision": 10
			},
			{
				"name": "ORDDT_TIMECDSK",
				"type": "int",
				"precision": 10
			},
			{
				"name": "CREATED_DT",
				"type": "datetime",
				"precision": 23,
				"scale": 3
			},
			{
				"name": "CREATED_BY",
				"type": "nvarchar"
			},
			{
				"name": "MODIFIED_DT",
				"type": "datetime",
				"precision": 23,
				"scale": 3
			},
			{
				"name": "MODIFIED_BY",
				"type": "nvarchar"
			},
			{
				"name": "ETL_ID",
				"type": "nvarchar"
			}
		],
		"typeProperties": {
			"schema": "dbo",
			"table": "STG_INV_LINE_INMR"
		}
	}
}