{
	"name": "STG_SLS_ORD_HRD_INNOMAR",
	"properties": {
		"linkedServiceName": {
			"referenceName": "Global_DB_Connection",
			"type": "LinkedServiceReference"
		},
		"folder": {
			"name": "1.Informatica_Datasets/GlobalDWInvoice/DS_INNOMOR_FEED"
		},
		"annotations": [],
		"type": "AzureSqlTable",
		"schema": [
			{
				"name": "SALES_ID",
				"type": "int",
				"precision": 10
			},
			{
				"name": "CSTCNTR",
				"type": "char"
			},
			{
				"name": "STATUS",
				"type": "varchar"
			},
			{
				"name": "ORDNBR",
				"type": "int",
				"precision": 10
			},
			{
				"name": "CUSTNM",
				"type": "varchar"
			},
			{
				"name": "TYPE",
				"type": "varchar"
			},
			{
				"name": "ORDTYPESK",
				"type": "int",
				"precision": 10
			},
			{
				"name": "ORDTYPE",
				"type": "varchar"
			},
			{
				"name": "ORDTYPEDESCR",
				"type": "varchar"
			},
			{
				"name": "ORDDT",
				"type": "datetime",
				"precision": 23,
				"scale": 3
			},
			{
				"name": "CUSTSK",
				"type": "int",
				"precision": 10
			},
			{
				"name": "CUSTNBR",
				"type": "varchar"
			},
			{
				"name": "DELIVERYADDRNBR",
				"type": "int",
				"precision": 10
			},
			{
				"name": "INVCUSTNBR",
				"type": "varchar"
			},
			{
				"name": "CUSTREFERENCE",
				"type": "varchar"
			},
			{
				"name": "HANDLERSK",
				"type": "int",
				"precision": 10
			},
			{
				"name": "HANDLER",
				"type": "varchar"
			},
			{
				"name": "DISCOUNTGRPSK",
				"type": "int",
				"precision": 10
			},
			{
				"name": "DISCOUNTGRP",
				"type": "varchar"
			},
			{
				"name": "DISCOUNTGRPDESCR",
				"type": "varchar"
			},
			{
				"name": "HOLDORD",
				"type": "varchar"
			},
			{
				"name": "CREDITSTATUS",
				"type": "varchar"
			},
			{
				"name": "TERMSOFPYMTSK",
				"type": "int",
				"precision": 10
			},
			{
				"name": "TERMSOFPYMT",
				"type": "varchar"
			},
			{
				"name": "TERMSOFPYMTDESCR",
				"type": "varchar"
			},
			{
				"name": "TERMSOFDELIVERYSK",
				"type": "int",
				"precision": 10
			},
			{
				"name": "TERMSOFDELIVERY",
				"type": "varchar"
			},
			{
				"name": "MANNEROFTRNSPRTSK",
				"type": "int",
				"precision": 10
			},
			{
				"name": "MANNEROFTRNSPRT",
				"type": "varchar"
			},
			{
				"name": "MANNEROFTRNSPRTDESCR",
				"type": "varchar"
			},
			{
				"name": "FREIGHTFEE",
				"type": "money",
				"precision": 19,
				"scale": 4
			},
			{
				"name": "ADMINISTRATIONFEE",
				"type": "money",
				"precision": 19,
				"scale": 4
			},
			{
				"name": "INVFEE",
				"type": "money",
				"precision": 19,
				"scale": 4
			},
			{
				"name": "WRHSSK",
				"type": "int",
				"precision": 10
			},
			{
				"name": "WRHSNBR",
				"type": "varchar"
			},
			{
				"name": "DELIVERYTIME",
				"type": "datetime",
				"precision": 23,
				"scale": 3
			},
			{
				"name": "CUSTGRPSK",
				"type": "int",
				"precision": 10
			},
			{
				"name": "CUSTGRP",
				"type": "varchar"
			},
			{
				"name": "CUSTGRPDESCR",
				"type": "varchar"
			},
			{
				"name": "ORDVALUE",
				"type": "money",
				"precision": 19,
				"scale": 4
			},
			{
				"name": "ORDSTATUS",
				"type": "int",
				"precision": 10
			},
			{
				"name": "CUSTSSPLRSORDNBRREFERENCE",
				"type": "varchar"
			},
			{
				"name": "CUSTSORDPONBR",
				"type": "varchar"
			},
			{
				"name": "GOODSMARKING",
				"type": "varchar"
			},
			{
				"name": "HOLDINV",
				"type": "varchar"
			},
			{
				"name": "EDICREATED",
				"type": "varchar"
			},
			{
				"name": "RETURNRSNSK",
				"type": "int",
				"precision": 10
			},
			{
				"name": "RSNCD",
				"type": "varchar"
			},
			{
				"name": "RSNCDDESCR",
				"type": "varchar"
			},
			{
				"name": "DEBTORNBRSK",
				"type": "int",
				"precision": 10
			},
			{
				"name": "DEBTORNBR",
				"type": "varchar"
			},
			{
				"name": "TOTALAMTEXCLUDINGVAT",
				"type": "money",
				"precision": 19,
				"scale": 4
			},
			{
				"name": "TOTALTAXAMT",
				"type": "money",
				"precision": 19,
				"scale": 4
			},
			{
				"name": "TOTALAMTINCLUDINGVAT",
				"type": "money",
				"precision": 19,
				"scale": 4
			},
			{
				"name": "ORDCTGRYSK",
				"type": "int",
				"precision": 10
			},
			{
				"name": "ORDCTGRY",
				"type": "varchar"
			},
			{
				"name": "ORDCTGRYDESCR",
				"type": "varchar"
			},
			{
				"name": "ACCTGRPSK",
				"type": "int",
				"precision": 10
			},
			{
				"name": "CUSTACCTGRP",
				"type": "varchar"
			},
			{
				"name": "ACCTGRPDESCR",
				"type": "varchar"
			},
			{
				"name": "THIRDPARTYNM",
				"type": "varchar"
			},
			{
				"name": "THIRDPARTYZIPCD",
				"type": "varchar"
			},
			{
				"name": "THIRDPARTYCUSTNBR",
				"type": "varchar"
			},
			{
				"name": "THIRDPARTYCUSTORDNBR",
				"type": "varchar"
			},
			{
				"name": "THIRDPARTYORDREFNBR",
				"type": "varchar"
			},
			{
				"name": "FORM222NBR",
				"type": "varchar"
			},
			{
				"name": "FORM222ISSUEDT",
				"type": "datetime",
				"precision": 23,
				"scale": 3
			},
			{
				"name": "EDITRADINGPARTNERID",
				"type": "varchar"
			},
			{
				"name": "PROGRAMTYPE",
				"type": "varchar"
			},
			{
				"name": "ORDDT_TIMECDSK",
				"type": "int",
				"precision": 10
			},
			{
				"name": "DELIVERYTIME_TIMECDSK",
				"type": "int",
				"precision": 10
			},
			{
				"name": "CREATED_DT",
				"type": "datetime",
				"precision": 23,
				"scale": 3
			},
			{
				"name": "CREATED_BY",
				"type": "nvarchar"
			},
			{
				"name": "MODIFIED_DT",
				"type": "datetime",
				"precision": 23,
				"scale": 3
			},
			{
				"name": "MODIFIED_BY",
				"type": "nvarchar"
			},
			{
				"name": "ETL_ID",
				"type": "nvarchar"
			}
		],
		"typeProperties": {
			"schema": "dbo",
			"table": "STG_SLS_ORD_HDR_INMR"
		}
	}
}