{
	"name": "Dfact-DataIntegrationServices",
	"properties": {
		"globalParameters": {
			"hyp_inbound_ftp_path": {
				"type": "string",
				"value": "/etlagent/Outbound/"
			}
		},
		"globalConfigurations": {
			"factoryStagingLSReferenceName": "DIS_ADLS_G2",
			"factoryStagingLSType": "LinkedServiceReference"
		}
	},
	"location": "eastus2",
	"identity": {
		"type": "SystemAssigned",
		"principalId": "09d35ba1-0f04-4637-9fe5-7e33047a13d9",
		"tenantId": "7e315b15-f710-4dd7-adcb-2738eee4c5e3"
	}
}