{
	"name": "AZSQLVM",
	"properties": {
		"annotations": [],
		"type": "SqlServer",
		"typeProperties": {
			"connectionString": "Integrated Security=False;Data Source=AZU-MCPSQLUAT;Initial Catalog=AZURE_MIGRATION_DEV;User ID=ETLDBADMIN",
			"password": {
				"type": "AzureKeyVaultSecret",
				"store": {
					"referenceName": "LS_KV_DIS_FABRIC",
					"type": "LinkedServiceReference"
				},
				"secretName": "TrinityDev"
			}
		},
		"connectVia": {
			"referenceName": "IR-ONPREM-SELFHOSTED",
			"type": "IntegrationRuntimeReference"
		}
	},
	"type": "Microsoft.DataFactory/factories/linkedservices"
}