{
	"name": "Europe_DB_Connection",
	"properties": {
		"description": "we are trying connect to to europe datawarehouse",
		"annotations": [],
		"type": "AzureSqlDatabase",
		"typeProperties": {
			"connectionString": "Integrated Security=False;Encrypt=True;Connection Timeout=30;Data Source=sql-apps-eu-dev.database.windows.net;Initial Catalog=sqldb-apps-eu-dev;User ID=ETLDBAdmin",
			"password": {
				"type": "AzureKeyVaultSecret",
				"store": {
					"referenceName": "LS_KV_DIS_FABRIC",
					"type": "LinkedServiceReference"
				},
				"secretName": "EUDWDEV"
			}
		},
		"connectVia": {
			"referenceName": "IR-AZURE-VNET",
			"type": "IntegrationRuntimeReference"
		}
	},
	"type": "Microsoft.DataFactory/factories/linkedservices"
}