{
	"name": "Global_DB_Connection",
	"properties": {
		"description": "Connection to Global DW database (Development)",
		"annotations": [],
		"type": "AzureSqlDatabase",
		"typeProperties": {
			"connectionString": "Integrated Security=False;Encrypt=True;Connection Timeout=30;Data Source=sql-apps-na-dev.database.windows.net;Initial Catalog=sqldb-apps-na-dev;User ID=ETLDBAdmin",
			"password": {
				"type": "AzureKeyVaultSecret",
				"store": {
					"referenceName": "LS_KV_DIS_FABRIC",
					"type": "LinkedServiceReference"
				},
				"secretName": "GlobaldevDB"
			}
		},
		"connectVia": {
			"referenceName": "IR-AZURE-VNET",
			"type": "IntegrationRuntimeReference"
		}
	}
}