{
	"name": "LK_BRONZE_CLINICAL",
	"type": "Microsoft.DataFactory/factories/linkedservices",
	"properties": {
		"annotations": [],
		"type": "Lakehouse",
		"typeProperties": {
			"workspaceId": "6cb3c161-b7ae-4542-9d05-64cdc9dbd829",
			"artifactId": "7638e078-0f6a-4d75-82b7-357a01e58e88",
			"tenant": "7e315b15-f710-4dd7-adcb-2738eee4c5e3",
			"servicePrincipalId": "9e106d51-022b-4dc2-a764-272076b35359",
			"servicePrincipalCredentialType": "ServicePrincipalKey",
			"servicePrincipalCredential": {
				"type": "AzureKeyVaultSecret",
				"store": {
					"referenceName": "LS_KV_DIS_FABRIC",
					"type": "LinkedServiceReference"
				},
				"secretName": "Fabric-APP-Secrete"
			}
		}
	}
}