{
	"name": "LK_BRZ_FACILITIES",
	"properties": {
		"annotations": [],
		"type": "Lakehouse",
		"typeProperties": {
			"workspaceId": "9f44ae69-b5ba-4f1f-9691-b8a53134fa5a",
			"artifactId": "88f14dc8-2dc7-4275-a769-19add81052cc",
			"tenant": "7e315b15-f710-4dd7-adcb-2738eee4c5e3",
			"servicePrincipalId": "9e106d51-022b-4dc2-a764-272076b35359",
			"servicePrincipalCredentialType": "ServicePrincipalKey",
			"servicePrincipalCredential": {
				"type": "AzureKeyVaultSecret",
				"store": {
					"referenceName": "LS_KV_DIS_FABRIC",
					"type": "LinkedServiceReference"
				},
				"secretName": "Fabric-APP-Secrete"
			}
		}
	}
}