{
	"name": "LK_BRONZE_BIOPLANT",
	"type": "Microsoft.DataFactory/factories/linkedservices",
	"properties": {
		"annotations": [],
		"type": "Lakehouse",
		"typeProperties": {
			"workspaceId": "2e3c0c58-4639-4543-a84c-f6c58c266f32",
			"artifactId": "dc6331f1-f4a4-4132-94a0-4d5a6c1ada9a",
			"tenant": "7e315b15-f710-4dd7-adcb-2738eee4c5e3",
			"servicePrincipalId": "9e106d51-022b-4dc2-a764-272076b35359",
			"servicePrincipalCredentialType": "ServicePrincipalKey",
			"servicePrincipalCredential": {
				"type": "AzureKeyVaultSecret",
				"store": {
					"referenceName": "LS_KV_DIS_FABRIC",
					"type": "LinkedServiceReference"
				},
				"secretName": "Fabric-APP-Secrete"
			}
		}
	}
}