{
	"name": "LK_GOLD_BIOPLANT",
	"properties": {
		"annotations": [],
		"type": "Lakehouse",
		"typeProperties": {
			"workspaceId": "2e3c0c58-4639-4543-a84c-f6c58c266f32",
			"artifactId": "f36ffbda-b818-4a38-95c6-bcdb7865d912",
			"tenant": "7e315b15-f710-4dd7-adcb-2738eee4c5e3",
			"servicePrincipalId": "9e106d51-022b-4dc2-a764-272076b35359",
			"servicePrincipalCredentialType": "ServicePrincipalKey",
			"servicePrincipalCredential": {
				"type": "AzureKeyVaultSecret",
				"store": {
					"referenceName": "LS_KV_DIS_FABRIC",
					"type": "LinkedServiceReference"
				},
				"secretName": "Fabric-APP-Secrete"
			}
		}
	}
}