{
	"name": "LS_ODATA_SAP_RCV_JE",
	"properties": {
		"annotations": [],
		"type": "OData",
		"typeProperties": {
			"url": "https://vhincqs1ci.sap.incyte.com:44300/sap/opu/odata/sap/zrvc_je_cds/?sap-client=400",
			"authenticationType": "Basic",
			"userName": "INFORMATICA",
			"password": {
				"type": "AzureKeyVaultSecret",
				"store": {
					"referenceName": "LS_KV_DIS_FABRIC",
					"type": "LinkedServiceReference"
				},
				"secretName": "SAP-INFORMATICA-QA"
			}
		},
		"connectVia": {
			"referenceName": "IR-ONPREM-SELFHOSTED",
			"type": "IntegrationRuntimeReference"
		}
	}
}