{
	"name": "Ls_Rest_SN",
	"properties": {
		"annotations": [],
		"type": "RestService",
		"typeProperties": {
			"url": "https://incyte.service-now.com/api/now/table/sys_user?sysparm_fields=name,user_name,email,department.name,manager.name,manager.manager.name,manager.manager.manager.name",
			"enableServerCertificateValidation": true,
			"authenticationType": "Basic",
			"userName": "sn_powerbi_api",
			"password": {
				"type": "AzureKeyVaultSecret",
				"store": {
					"referenceName": "LS_KV_DIS_FABRIC",
					"type": "LinkedServiceReference"
				},
				"secretName": "SNPBIAPI"
			}
		},
		"connectVia": {
			"referenceName": "IR-ONPREM-SELFHOSTED",
			"type": "IntegrationRuntimeReference"
		}
	}
}