{
	"name": "df_DAILY_BUDGET",
	"properties": {
		"folder": {
			"name": "Informatica_Dataflows"
		},
		"type": "MappingDataFlow",
		"typeProperties": {
			"sources": [
				{
					"dataset": {
						"referenceName": "Zynyz_us_Daily_Budget",
						"type": "DatasetReference"
					},
					"name": "ZynyzUSDailyBudget"
				},
				{
					"dataset": {
						"referenceName": "Realm_Budget",
						"type": "DatasetReference"
					},
					"name": "RealmBudget"
				},
				{
					"dataset": {
						"referenceName": "Global_DW_Connection",
						"type": "DatasetReference"
					},
					"name": "DimDate"
				},
				{
					"dataset": {
						"referenceName": "Japan_Budget",
						"type": "DatasetReference"
					},
					"name": "JapanBudget"
				},
				{
					"dataset": {
						"referenceName": "Europe_DW_Connection",
						"type": "DatasetReference"
					},
					"name": "EUFTarget"
				},
				{
					"dataset": {
						"referenceName": "Jakafi_us_Daily_Budgets",
						"type": "DatasetReference"
					},
					"name": "JakafiUSDailyBudget"
				},
				{
					"dataset": {
						"referenceName": "Pemi_us_Daily_Budgets",
						"type": "DatasetReference"
					},
					"name": "PemiUSDailyBudget"
				},
				{
					"dataset": {
						"referenceName": "Opzelura_us_Daily_Budgets",
						"type": "DatasetReference"
					},
					"name": "OpzeluraUSDailyBudget"
				},
				{
					"dataset": {
						"referenceName": "Monjuvi_us_Daily_Budgets",
						"type": "DatasetReference"
					},
					"name": "MonjuviUSDailyBudget"
				}
			],
			"sinks": [
				{
					"dataset": {
						"referenceName": "F_DAILY_BUDGET",
						"type": "DatasetReference"
					},
					"name": "FDAILYBUDGET"
				}
			],
			"transformations": [
				{
					"name": "derivedZynyzBudgets"
				},
				{
					"name": "joinRealmBudget"
				},
				{
					"name": "DerivedColumnRevenueFCTRealmBudget"
				},
				{
					"name": "selectRealmBudget"
				},
				{
					"name": "joinJapanBudget"
				},
				{
					"name": "derivedJakafiUSDailyBudget"
				},
				{
					"name": "derivedPemiUSDailyBudget"
				},
				{
					"name": "derivedOpzeluraUSDailyBudget"
				},
				{
					"name": "derivedMonjuviUSDailyBudget"
				},
				{
					"name": "DerivedRevenueFCTJapanBudget"
				},
				{
					"name": "selectJapanBudget"
				},
				{
					"name": "union"
				},
				{
					"name": "totalbudgetsderived"
				},
				{
					"name": "DerivedEUFTarget"
				},
				{
					"name": "derivedDimDate"
				}
			],
			"scriptLines": [
				"parameters{",
				"     etl_id as string ('123'),",
				"     created_by as string ('siva')",
				"}",
				"source(output(",
				"          Day as string,",
				"          Bottle_Budget as string,",
				"          Revenue_Budget as string,",
				"          Revenue_Budget_Gross as string,",
				"          Brand as string,",
				"          Ship_to_country as string,",
				"          Incyte_country as string",
				"     ),",
				"     allowSchemaDrift: true,",
				"     validateSchema: false,",
				"     ignoreNoFilesFound: false) ~> ZynyzUSDailyBudget",
				"source(output(",
				"          Month_Year as string,",
				"          Revenue_BUD as string,",
				"          Revenue_BUD_Gross as string,",
				"          Brand as string,",
				"          Ship_to_country as string,",
				"          Incyte_country as string",
				"     ),",
				"     allowSchemaDrift: true,",
				"     validateSchema: false,",
				"     ignoreNoFilesFound: false) ~> RealmBudget",
				"source(output(",
				"          date_key as string,",
				"          month_year as string,",
				"          nbr_week_days as integer,",
				"          weekdays as integer",
				"     ),",
				"     allowSchemaDrift: true,",
				"     validateSchema: false,",
				"     isolationLevel: 'READ_UNCOMMITTED',",
				"     query: 'select distinct FORMAT(date_key, \\'MM/dd/yyyy\\') as date_key ,  rtrim(ltrim(month_year)) as month_year,nbr_week_days, weekdays \\nfrom d_date',",
				"     format: 'query') ~> DimDate",
				"source(output(",
				"          Month_Year as string,",
				"          Revenue_BUD as string,",
				"          Revenue_BUD_Gross as string,",
				"          Brand as string,",
				"          Ship_to_country as string,",
				"          Incyte_country as string",
				"     ),",
				"     allowSchemaDrift: true,",
				"     validateSchema: false,",
				"     ignoreNoFilesFound: false) ~> JapanBudget",
				"source(output(",
				"          Day as date,",
				"          Bottle_Budget as decimal(38,6),",
				"          Revenue_Budget as decimal(38,6),",
				"          Revenue_Budget_Gross as decimal(38,6),",
				"          Brand as string,",
				"          Ship_to_country as string,",
				"          Incyte_country as string",
				"     ),",
				"     allowSchemaDrift: true,",
				"     validateSchema: false,",
				"     isolationLevel: 'READ_UNCOMMITTED',",
				"     query: '--Target\\n\\nselect\\ncast(date_key as date) as Day,\\nsum(b.BOTTLE_TGT)*weekdays/nbr_week_days as Bottle_Budget,\\nsum(b.REVENUE_TGT)*weekdays/nbr_week_days as Revenue_Budget,\\nsum(b.REVENUE_TGT)*weekdays/nbr_week_days as Revenue_Budget_Gross,\\nb.BRAND as Brand,\\nCASE WHEN b.ShiP_To_Cntry = \\'UK\\' THEN \\'GB\\' ELSE b.ShiP_To_Cntry END as Ship_to_country,\\nINCY_COUNTRY_CD as Incyte_country\\nfrom F_TARGET as b\\njoin (select distinct date_key, month_year, month_of_year, year, nbr_week_days, weekdays from d_date) as d\\non b.month_yr = d.month_year\\ngroup by\\ndate_key,\\nweekdays,\\nCASE WHEN b.ShiP_To_Cntry = \\'UK\\' THEN \\'GB\\' ELSE b.ShiP_To_Cntry END,\\nINCY_COUNTRY_CD ,\\nb.BRAND,\\nnbr_week_days\\n\\nunion all\\n\\n--PI Target\\n\\nselect\\ncast(date_key as date) as Day,\\nsum(b.BOTTLE_TGT)*weekdays/nbr_week_days as Bottle_Budget,\\nsum(b.REVENUE_TGT)*weekdays/nbr_week_days as Revenue_Budget,\\nsum(b.REVENUE_TGT)*weekdays/nbr_week_days as Revenue_Budget_Gross,\\nb.BRAND as Brand,\\nCASE WHEN b.ShiP_To_Cntry = \\'UK\\' THEN \\'GB\\' ELSE b.ShiP_To_Cntry END as Ship_to_country,\\nINCY_COUNTRY_CD as Incyte_country\\nfrom F_TARGET_PI as b\\njoin (select distinct date_key, month_year, month_of_year, year, nbr_week_days, weekdays from d_date) as d\\non b.month_yr = d.month_year\\ngroup by\\ndate_key,\\nweekdays,\\nCASE WHEN b.ShiP_To_Cntry = \\'UK\\' THEN \\'GB\\' ELSE b.ShiP_To_Cntry END,\\nINCY_COUNTRY_CD ,\\nb.BRAND,\\nnbr_week_days\\n\\n',",
				"     format: 'query') ~> EUFTarget",
				"source(output(",
				"          Day as string,",
				"          Bottle_Budget as string,",
				"          Revenue_Budget as string,",
				"          Revenue_Budget_Gross as string,",
				"          Brand as string,",
				"          Ship_to_country as string,",
				"          Incyte_country as string",
				"     ),",
				"     allowSchemaDrift: true,",
				"     validateSchema: false,",
				"     ignoreNoFilesFound: false) ~> JakafiUSDailyBudget",
				"source(output(",
				"          Day as string,",
				"          Bottle_Budget as string,",
				"          Revenue_Budget as string,",
				"          Revenue_Budget_Gross as string,",
				"          Brand as string,",
				"          Ship_to_country as string,",
				"          Incyte_country as string",
				"     ),",
				"     allowSchemaDrift: true,",
				"     validateSchema: false,",
				"     ignoreNoFilesFound: false) ~> PemiUSDailyBudget",
				"source(output(",
				"          Day as string,",
				"          Bottle_Budget as string,",
				"          Revenue_Budget as string,",
				"          Revenue_Budget_Gross as string,",
				"          Brand as string,",
				"          Ship_to_country as string,",
				"          Incyte_country as string",
				"     ),",
				"     allowSchemaDrift: true,",
				"     validateSchema: false,",
				"     ignoreNoFilesFound: false) ~> OpzeluraUSDailyBudget",
				"source(output(",
				"          Day as string,",
				"          Bottle_Budget as string,",
				"          Revenue_Budget as string,",
				"          Revenue_Budget_Gross as string,",
				"          Brand as string,",
				"          Ship_to_country as string,",
				"          Incyte_country as string",
				"     ),",
				"     allowSchemaDrift: true,",
				"     validateSchema: false,",
				"     ignoreNoFilesFound: false) ~> MonjuviUSDailyBudget",
				"ZynyzUSDailyBudget derive(Day = iif(",
				"    length(Day) == 8,",
				"    toDate(Day, 'M/d/yyyy'),",
				"    iif(",
				"        length(Day) == 9 && substring(Day, 1, 1) == '/' && substring(Day, 4, 1) == '/',",
				"        toDate(Day, 'M/dd/yyyy'),",
				"        iif(",
				"            length(Day) == 9 && substring(Day, 2, 1) == '/',",
				"            toDate(Day, 'MM/d/yyyy'),",
				"            toDate(Day, 'MM/dd/yyyy')",
				"        )",
				"    )",
				"),",
				"          Bottle_Budget = iif(    mod(toFloat(Bottle_Budget), 1) >= 0.5,    toString(toInteger(toFloat(Bottle_Budget)) + 1),    toString(toInteger(toFloat(Bottle_Budget))))) ~> derivedZynyzBudgets",
				"RealmBudget, derivedDimDate join(rtrim(ltrim(RealmBudget@Month_Year)) == rtrim(ltrim(DimDate@month_year)),",
				"     joinType:'inner',",
				"     matchType:'exact',",
				"     ignoreSpaces: false,",
				"     broadcast: 'auto')~> joinRealmBudget",
				"joinRealmBudget derive(Revenue_BUD = toString((toDecimal(Revenue_BUD,32,8) * weekdays) /nbr_week_days),",
				"          Revenue_BUD_Gross = toString((toDecimal(Revenue_BUD_Gross,32,8) * weekdays) /nbr_week_days),",
				"          Bottle_Budget = toString(null())) ~> DerivedColumnRevenueFCTRealmBudget",
				"DerivedColumnRevenueFCTRealmBudget select(mapColumn(",
				"          Revenue_Budget = Revenue_BUD,",
				"          Revenue_Budget_Gross = Revenue_BUD_Gross,",
				"          Brand,",
				"          Ship_to_country,",
				"          Incyte_country,",
				"          Day = date_key,",
				"          Bottle_Budget",
				"     ),",
				"     skipDuplicateMapInputs: true,",
				"     skipDuplicateMapOutputs: true) ~> selectRealmBudget",
				"JapanBudget, derivedDimDate join(JapanBudget@Month_Year == DimDate@month_year,",
				"     joinType:'inner',",
				"     matchType:'exact',",
				"     ignoreSpaces: false,",
				"     broadcast: 'auto')~> joinJapanBudget",
				"JakafiUSDailyBudget derive(Day = iif(",
				"    length(Day) == 8,",
				"    toDate(Day, 'M/d/yyyy'),",
				"    iif(",
				"        length(Day) == 9 && substring(Day, 1, 1) == '/' && substring(Day, 4, 1) == '/',",
				"        toDate(Day, 'M/dd/yyyy'),",
				"        iif(",
				"            length(Day) == 9 && substring(Day, 2, 1) == '/',",
				"            toDate(Day, 'MM/d/yyyy'),",
				"            toDate(Day, 'MM/dd/yyyy')",
				"        )",
				"    )",
				"),",
				"          Bottle_Budget = iif(    mod(toFloat(Bottle_Budget), 1) >= 0.5,    toString(toInteger(toFloat(Bottle_Budget)) + 1),    toString(toInteger(toFloat(Bottle_Budget))))) ~> derivedJakafiUSDailyBudget",
				"PemiUSDailyBudget derive(Day = iif(",
				"    length(Day) == 8,",
				"    toDate(Day, 'M/d/yyyy'),",
				"    iif(",
				"        length(Day) == 9 && substring(Day, 1, 1) == '/' && substring(Day, 4, 1) == '/',",
				"        toDate(Day, 'M/dd/yyyy'),",
				"        iif(",
				"            length(Day) == 9 && substring(Day, 2, 1) == '/',",
				"            toDate(Day, 'MM/d/yyyy'),",
				"            toDate(Day, 'MM/dd/yyyy')",
				"        )",
				"    )",
				"),",
				"          Bottle_Budget = iif(    mod(toFloat(Bottle_Budget), 1) >= 0.5,    toString(toInteger(toFloat(Bottle_Budget)) + 1),    toString(toInteger(toFloat(Bottle_Budget))))) ~> derivedPemiUSDailyBudget",
				"OpzeluraUSDailyBudget derive(Day = iif(",
				"    length(Day) == 8,",
				"    toDate(Day, 'M/d/yyyy'),",
				"    iif(",
				"        length(Day) == 9 && substring(Day, 1, 1) == '/' && substring(Day, 4, 1) == '/',",
				"        toDate(Day, 'M/dd/yyyy'),",
				"        iif(",
				"            length(Day) == 9 && substring(Day, 2, 1) == '/',",
				"            toDate(Day, 'MM/d/yyyy'),",
				"            toDate(Day, 'MM/dd/yyyy')",
				"        )",
				"    )",
				"),",
				"          Bottle_Budget = iif(    mod(toFloat(Bottle_Budget), 1) >= 0.5,    toString(toInteger(toFloat(Bottle_Budget)) + 1),    toString(toInteger(toFloat(Bottle_Budget))))) ~> derivedOpzeluraUSDailyBudget",
				"MonjuviUSDailyBudget derive(Day = iif(",
				"    length(Day) == 8,",
				"    toDate(Day, 'M/d/yyyy'),",
				"    iif(",
				"        length(Day) == 9 && substring(Day, 1, 1) == '/' && substring(Day, 4, 1) == '/',",
				"        toDate(Day, 'M/dd/yyyy'),",
				"        iif(",
				"            length(Day) == 9 && substring(Day, 2, 1) == '/',",
				"            toDate(Day, 'MM/d/yyyy'),",
				"            toDate(Day, 'MM/dd/yyyy')",
				"        )",
				"    )",
				"),",
				"          Bottle_Budget = iif(    mod(toFloat(Bottle_Budget), 1) >= 0.5,    toString(toInteger(toFloat(Bottle_Budget)) + 1),    toString(toInteger(toFloat(Bottle_Budget))))) ~> derivedMonjuviUSDailyBudget",
				"joinJapanBudget derive(Revenue_BUD = toString((toDecimal(Revenue_BUD,32,8) * weekdays) /nbr_week_days),",
				"          Revenue_BUD_Gross = toString((toDecimal(Revenue_BUD_Gross,32,8) * weekdays) /nbr_week_days),",
				"          Bottle_Budget = toString(null())) ~> DerivedRevenueFCTJapanBudget",
				"DerivedRevenueFCTJapanBudget select(mapColumn(",
				"          Day = date_key,",
				"          Bottle_Budget,",
				"          Revenue_Budget = Revenue_BUD,",
				"          Revenue_Budget_Gross = Revenue_BUD_Gross,",
				"          Brand,",
				"          Ship_to_country,",
				"          Incyte_country",
				"     ),",
				"     skipDuplicateMapInputs: true,",
				"     skipDuplicateMapOutputs: true) ~> selectJapanBudget",
				"derivedZynyzBudgets, DerivedEUFTarget, derivedJakafiUSDailyBudget, derivedPemiUSDailyBudget, derivedOpzeluraUSDailyBudget, derivedMonjuviUSDailyBudget, selectRealmBudget, selectJapanBudget union(byName: true)~> union",
				"union derive(CREATED_DT = currentDate(),",
				"          ETL_ID = $etl_id,",
				"          CREATED_BY = $created_by) ~> totalbudgetsderived",
				"EUFTarget derive(Bottle_Budget = iif(\r",
				"    or(\r",
				"        mod(toFloat(Bottle_Budget), 1) >= 0.5,\r",
				"        mod(toFloat(Bottle_Budget), 1) <= -0.5\r",
				"    ),\r",
				"    toString(toInteger(toFloat(Bottle_Budget)) + iif(greater(toFloat(Bottle_Budget),0),1,-1)),\r",
				"    toString(toInteger(toFloat(Bottle_Budget)))\r",
				"),",
				"          Revenue_Budget = toString(Revenue_Budget),",
				"          Revenue_Budget_Gross = toString(Revenue_Budget_Gross)) ~> DerivedEUFTarget",
				"DimDate derive(date_key = toDate(date_key, 'MM/dd/yyyy')) ~> derivedDimDate",
				"totalbudgetsderived sink(allowSchemaDrift: true,",
				"     validateSchema: false,",
				"     deletable:false,",
				"     insertable:true,",
				"     updateable:false,",
				"     upsertable:false,",
				"     truncate:true,",
				"     format: 'table',",
				"     skipDuplicateMapInputs: true,",
				"     skipDuplicateMapOutputs: true,",
				"     errorHandlingOption: 'stopOnFirstError',",
				"     mapColumn(",
				"          Day,",
				"          Bottle_Budget,",
				"          Revenue_Budget,",
				"          Revenue_Budget_Gross,",
				"          Brand,",
				"          Ship_to_country,",
				"          Incyte_country,",
				"          CREATED_DT,",
				"          ETL_ID,",
				"          CREATED_BY",
				"     )) ~> FDAILYBUDGET"
			]
		}
	}
}