{
	"name": "df_DAILY_FORECAST",
	"properties": {
		"folder": {
			"name": "Informatica_Dataflows"
		},
		"type": "MappingDataFlow",
		"typeProperties": {
			"sources": [
				{
					"dataset": {
						"referenceName": "Zynyz_us_Daily_Forecast",
						"type": "DatasetReference"
					},
					"name": "ZynyzUSDailyForecast"
				},
				{
					"dataset": {
						"referenceName": "Realm_Forecast",
						"type": "DatasetReference"
					},
					"name": "RealmForecast"
				},
				{
					"dataset": {
						"referenceName": "Global_DW_Connection",
						"type": "DatasetReference"
					},
					"name": "DimDate"
				},
				{
					"dataset": {
						"referenceName": "Japan_Forecast",
						"type": "DatasetReference"
					},
					"name": "JapanForecast"
				},
				{
					"dataset": {
						"referenceName": "Europe_DW_Connection",
						"type": "DatasetReference"
					},
					"name": "EUFTarget"
				},
				{
					"dataset": {
						"referenceName": "Jakafi_us_Daily_Forecast",
						"type": "DatasetReference"
					},
					"name": "JakafiUSDailyForecast"
				},
				{
					"dataset": {
						"referenceName": "Pemi_us_Daily_Forecast",
						"type": "DatasetReference"
					},
					"name": "PemiUSDailyForecast"
				},
				{
					"dataset": {
						"referenceName": "opzelura_us_Daily_Forecast",
						"type": "DatasetReference"
					},
					"name": "OpzeluraUSDailyForecast"
				},
				{
					"dataset": {
						"referenceName": "Monjuvi_us_Daily_Forecast",
						"type": "DatasetReference"
					},
					"name": "MonjuviUSDailyForecast"
				}
			],
			"sinks": [
				{
					"dataset": {
						"referenceName": "F_DAILY_FORECAST",
						"type": "DatasetReference"
					},
					"name": "FDAILYFORECAST"
				}
			],
			"transformations": [
				{
					"name": "derivedZynyzUSDailyForecast"
				},
				{
					"name": "joinRealmForecast"
				},
				{
					"name": "DerivedColumnRevenueFCTRealmForecast"
				},
				{
					"name": "selectRealmForeCast"
				},
				{
					"name": "joinJapanForecast"
				},
				{
					"name": "derivedJakafiUSDailyForecast"
				},
				{
					"name": "derivedPemiUSDailyForecast"
				},
				{
					"name": "derivedOpzeluraUSDailyForecast"
				},
				{
					"name": "derivedMonjuviUSDailyForecast"
				},
				{
					"name": "DerivedRevenueFCTJapanForecast"
				},
				{
					"name": "selectJapanForecast"
				},
				{
					"name": "union"
				},
				{
					"name": "derivedZynyzUSDailyForecast1"
				},
				{
					"name": "DerivedEUFTarget"
				},
				{
					"name": "derivedDimDate"
				}
			],
			"scriptLines": [
				"parameters{",
				"     etl_id as string ('123'),",
				"     created_by as string ('siva')",
				"}",
				"source(output(",
				"          Day as string,",
				"          Bottle_FCT as string,",
				"          Revenue_FCT as string,",
				"          Revenue_FCT_Gross as string,",
				"          Brand as string,",
				"          Ship_to_country as string,",
				"          Incyte_country as string",
				"     ),",
				"     allowSchemaDrift: true,",
				"     validateSchema: false,",
				"     ignoreNoFilesFound: false) ~> ZynyzUSDailyForecast",
				"source(output(",
				"          Month_Year as string,",
				"          Revenue_FCT as string,",
				"          Revenue_FCT_Gross as string,",
				"          Brand as string,",
				"          Ship_to_country as string,",
				"          Incyte_country as string",
				"     ),",
				"     allowSchemaDrift: true,",
				"     validateSchema: false,",
				"     ignoreNoFilesFound: false) ~> RealmForecast",
				"source(output(",
				"          date_key as string,",
				"          month_year as string,",
				"          nbr_week_days as integer,",
				"          weekdays as integer",
				"     ),",
				"     allowSchemaDrift: true,",
				"     validateSchema: false,",
				"     isolationLevel: 'READ_UNCOMMITTED',",
				"     query: 'select distinct FORMAT(date_key, \\'MM/dd/yyyy\\') as date_key ,  rtrim(ltrim(month_year)) as month_year,nbr_week_days, weekdays \\nfrom d_date',",
				"     format: 'query') ~> DimDate",
				"source(output(",
				"          Month_Year as string,",
				"          Revenue_FCT as string,",
				"          Revenue_FCT_Gross as string,",
				"          Brand as string,",
				"          Ship_to_country as string,",
				"          Incyte_country as string",
				"     ),",
				"     allowSchemaDrift: true,",
				"     validateSchema: false,",
				"     ignoreNoFilesFound: false) ~> JapanForecast",
				"source(output(",
				"          Day as date,",
				"          Bottle_FCT as decimal(38,6),",
				"          Revenue_FCT as decimal(38,6),",
				"          Revenue_FCT_Gross as decimal(38,6),",
				"          Brand as string,",
				"          Ship_to_country as string,",
				"          Incyte_country as string",
				"     ),",
				"     allowSchemaDrift: true,",
				"     validateSchema: false,",
				"     isolationLevel: 'READ_UNCOMMITTED',",
				"     query: 'select\\ncast(date_key as date) as Day,\\nsum(b.Bottle_FRCST)*weekdays/nbr_week_days as Bottle_FCT,\\nsum(b.FRCST )*weekdays/nbr_week_days as Revenue_FCT,\\nsum(b.FRCST )*weekdays/nbr_week_days as Revenue_FCT_Gross,\\nb.BRAND as Brand,\\nCASE WHEN b.Incy_Country_CD = \\'UK\\' THEN \\'GB\\' ELSE b.Incy_Country_CD END as Ship_to_country,\\nINCY_COUNTRY_CD as Incyte_country\\nfrom vw_fcst_export as b\\njoin ( select distinct date_key, month_year, month_of_year, year, nbr_week_days, weekdays from d_date) as d\\non b.month_yr = d.month_year\\ngroup by\\ndate_key,\\nweekdays,\\nCASE WHEN b.Incy_Country_CD = \\'UK\\' THEN \\'GB\\' ELSE b.Incy_Country_CD END ,\\nINCY_COUNTRY_CD ,\\nb.BRAND,\\nnbr_week_days',",
				"     format: 'query') ~> EUFTarget",
				"source(output(",
				"          Day as string,",
				"          Bottle_FCT as string,",
				"          Revenue_FCT as string,",
				"          Revenue_FCT_Gross as string,",
				"          Brand as string,",
				"          Ship_to_country as string,",
				"          Incyte_country as string",
				"     ),",
				"     allowSchemaDrift: true,",
				"     validateSchema: false,",
				"     ignoreNoFilesFound: false) ~> JakafiUSDailyForecast",
				"source(output(",
				"          Day as string,",
				"          Bottle_FCT as string,",
				"          Revenue_FCT as string,",
				"          Revenue_FCT_Gross as string,",
				"          Brand as string,",
				"          Ship_to_country as string,",
				"          Incyte_country as string",
				"     ),",
				"     allowSchemaDrift: true,",
				"     validateSchema: false,",
				"     ignoreNoFilesFound: false) ~> PemiUSDailyForecast",
				"source(output(",
				"          Day as string,",
				"          Bottle_FCT as string,",
				"          Revenue_FCT as string,",
				"          Revenue_FCT_Gross as string,",
				"          Brand as string,",
				"          Ship_to_country as string,",
				"          Incyte_country as string",
				"     ),",
				"     allowSchemaDrift: true,",
				"     validateSchema: false,",
				"     ignoreNoFilesFound: false) ~> OpzeluraUSDailyForecast",
				"source(output(",
				"          Day as string,",
				"          Bottle_FCT as string,",
				"          Revenue_FCT as string,",
				"          Revenue_FCT_Gross as string,",
				"          Brand as string,",
				"          Ship_to_country as string,",
				"          Incyte_country as string",
				"     ),",
				"     allowSchemaDrift: true,",
				"     validateSchema: false,",
				"     ignoreNoFilesFound: false) ~> MonjuviUSDailyForecast",
				"ZynyzUSDailyForecast derive(Day = iif(",
				"    length(Day) == 8,",
				"    toDate(Day, 'M/d/yyyy'),",
				"    iif(",
				"        length(Day) == 9 && substring(Day, 1, 1) == '/' && substring(Day, 4, 1) == '/',",
				"        toDate(Day, 'M/dd/yyyy'),",
				"        iif(",
				"            length(Day) == 9 && substring(Day, 2, 1) == '/',",
				"            toDate(Day, 'MM/d/yyyy'),",
				"            toDate(Day, 'MM/dd/yyyy')",
				"        )",
				"    )",
				"),",
				"          Bottle_FCT = iif(    mod(toFloat(Bottle_FCT), 1) >= 0.5,    toString(toInteger(toFloat(Bottle_FCT)) + 1),    toString(toInteger(toFloat(Bottle_FCT))))) ~> derivedZynyzUSDailyForecast",
				"RealmForecast, derivedDimDate join(rtrim(ltrim(RealmForecast@Month_Year)) == rtrim(ltrim(DimDate@month_year)),",
				"     joinType:'inner',",
				"     matchType:'exact',",
				"     ignoreSpaces: false,",
				"     broadcast: 'auto')~> joinRealmForecast",
				"joinRealmForecast derive(Revenue_FCT = toString((toDecimal(Revenue_FCT,32,8) * weekdays) /nbr_week_days),",
				"          Revenue_FCT_Gross = toString((toDecimal(Revenue_FCT_Gross,32,8) * weekdays) /nbr_week_days),",
				"          Bottle_FCT = toString(null())) ~> DerivedColumnRevenueFCTRealmForecast",
				"DerivedColumnRevenueFCTRealmForecast select(mapColumn(",
				"          Revenue_FCT,",
				"          Revenue_FCT_Gross,",
				"          Brand,",
				"          Ship_to_country,",
				"          Incyte_country,",
				"          Day = date_key,",
				"          Bottle_FCT",
				"     ),",
				"     skipDuplicateMapInputs: true,",
				"     skipDuplicateMapOutputs: true) ~> selectRealmForeCast",
				"JapanForecast, derivedDimDate join(JapanForecast@Month_Year == DimDate@month_year,",
				"     joinType:'inner',",
				"     matchType:'exact',",
				"     ignoreSpaces: false,",
				"     broadcast: 'auto')~> joinJapanForecast",
				"JakafiUSDailyForecast derive(Day = iif(",
				"    length(Day) == 8,",
				"    toDate(Day, 'M/d/yyyy'),",
				"    iif(",
				"        length(Day) == 9 && substring(Day, 1, 1) == '/' && substring(Day, 4, 1) == '/',",
				"        toDate(Day, 'M/dd/yyyy'),",
				"        iif(",
				"            length(Day) == 9 && substring(Day, 2, 1) == '/',",
				"            toDate(Day, 'MM/d/yyyy'),",
				"            toDate(Day, 'MM/dd/yyyy')",
				"        )",
				"    )",
				"),",
				"          Bottle_FCT = iif(    mod(toFloat(Bottle_FCT), 1) >= 0.5,    toString(toInteger(toFloat(Bottle_FCT)) + 1),    toString(toInteger(toFloat(Bottle_FCT))))) ~> derivedJakafiUSDailyForecast",
				"PemiUSDailyForecast derive(Day = iif(",
				"    length(Day) == 8,",
				"    toDate(Day, 'M/d/yyyy'),",
				"    iif(",
				"        length(Day) == 9 && substring(Day, 1, 1) == '/' && substring(Day, 4, 1) == '/',",
				"        toDate(Day, 'M/dd/yyyy'),",
				"        iif(",
				"            length(Day) == 9 && substring(Day, 2, 1) == '/',",
				"            toDate(Day, 'MM/d/yyyy'),",
				"            toDate(Day, 'MM/dd/yyyy')",
				"        )",
				"    )",
				"),",
				"          Bottle_FCT = iif(    mod(toFloat(Bottle_FCT), 1) >= 0.5,    toString(toInteger(toFloat(Bottle_FCT)) + 1),    toString(toInteger(toFloat(Bottle_FCT))))) ~> derivedPemiUSDailyForecast",
				"OpzeluraUSDailyForecast derive(Day = iif(",
				"    length(Day) == 8,",
				"    toDate(Day, 'M/d/yyyy'),",
				"    iif(",
				"        length(Day) == 9 && substring(Day, 1, 1) == '/' && substring(Day, 4, 1) == '/',",
				"        toDate(Day, 'M/dd/yyyy'),",
				"        iif(",
				"            length(Day) == 9 && substring(Day, 2, 1) == '/',",
				"            toDate(Day, 'MM/d/yyyy'),",
				"            toDate(Day, 'MM/dd/yyyy')",
				"        )",
				"    )",
				"),",
				"          Bottle_FCT = iif(    mod(toFloat(Bottle_FCT), 1) >= 0.5,    toString(toInteger(toFloat(Bottle_FCT)) + 1),    toString(toInteger(toFloat(Bottle_FCT))))) ~> derivedOpzeluraUSDailyForecast",
				"MonjuviUSDailyForecast derive(Day = iif(",
				"    length(Day) == 8,",
				"    toDate(Day, 'M/d/yyyy'),",
				"    iif(",
				"        length(Day) == 9 && substring(Day, 1, 1) == '/' && substring(Day, 4, 1) == '/',",
				"        toDate(Day, 'M/dd/yyyy'),",
				"        iif(",
				"            length(Day) == 9 && substring(Day, 2, 1) == '/',",
				"            toDate(Day, 'MM/d/yyyy'),",
				"            toDate(Day, 'MM/dd/yyyy')",
				"        )",
				"    )",
				"),",
				"          Bottle_FCT = iif(    mod(toFloat(Bottle_FCT), 1) >= 0.5,    toString(toInteger(toFloat(Bottle_FCT)) + 1),    toString(toInteger(toFloat(Bottle_FCT))))) ~> derivedMonjuviUSDailyForecast",
				"joinJapanForecast derive(Revenue_FCT = toString((toDecimal(Revenue_FCT,32,8) * weekdays) /nbr_week_days),",
				"          Revenue_FCT_Gross = toString((toDecimal(Revenue_FCT_Gross,32,8) * weekdays) /nbr_week_days),",
				"          Bottle_FCT = toString(null())) ~> DerivedRevenueFCTJapanForecast",
				"DerivedRevenueFCTJapanForecast select(mapColumn(",
				"          Day = date_key,",
				"          Bottle_FCT,",
				"          Revenue_FCT,",
				"          Revenue_FCT_Gross,",
				"          Brand,",
				"          Ship_to_country,",
				"          Incyte_country",
				"     ),",
				"     skipDuplicateMapInputs: true,",
				"     skipDuplicateMapOutputs: true) ~> selectJapanForecast",
				"derivedZynyzUSDailyForecast, DerivedEUFTarget, derivedJakafiUSDailyForecast, derivedPemiUSDailyForecast, derivedOpzeluraUSDailyForecast, derivedMonjuviUSDailyForecast, selectRealmForeCast, selectJapanForecast union(byName: true)~> union",
				"union derive(CREATED_DT = currentDate(),",
				"          ETL_ID = $etl_id,",
				"          CREATED_BY = $created_by) ~> derivedZynyzUSDailyForecast1",
				"EUFTarget derive(Bottle_FCT = iif(",
				"    or(",
				"        mod(toFloat(Bottle_FCT), 1) >= 0.5,",
				"        mod(toFloat(Bottle_FCT), 1) <= -0.5",
				"    ),",
				"    toString(toInteger(toFloat(Bottle_FCT)) + iif(greater(toFloat(Bottle_FCT),0),1,-1)),",
				"    toString(toInteger(toFloat(Bottle_FCT)))",
				"),",
				"          Revenue_FCT = toString(Revenue_FCT),",
				"          Revenue_FCT_Gross = toString(Revenue_FCT_Gross)) ~> DerivedEUFTarget",
				"DimDate derive(date_key = toDate(date_key, 'MM/dd/yyyy')) ~> derivedDimDate",
				"derivedZynyzUSDailyForecast1 sink(allowSchemaDrift: true,",
				"     validateSchema: false,",
				"     input(",
				"          Day as date,",
				"          Bottle_Forecast as integer,",
				"          Revenue_Forecast as decimal(38,6),",
				"          Revenue_Forecast_Gross as decimal(38,6),",
				"          Brand as string,",
				"          Ship_to_country as string,",
				"          Incyte_country as string,",
				"          CREATED_DT as timestamp,",
				"          CREATED_BY as string,",
				"          MODIFIED_DT as timestamp,",
				"          MODIFIED_BY as string,",
				"          ETL_ID as string",
				"     ),",
				"     deletable:false,",
				"     insertable:true,",
				"     updateable:false,",
				"     upsertable:false,",
				"     truncate:true,",
				"     format: 'table',",
				"     skipDuplicateMapInputs: true,",
				"     skipDuplicateMapOutputs: true,",
				"     errorHandlingOption: 'stopOnFirstError',",
				"     mapColumn(",
				"          Day,",
				"          Bottle_Forecast = Bottle_FCT,",
				"          Revenue_Forecast = Revenue_FCT,",
				"          Revenue_Forecast_Gross = Revenue_FCT_Gross,",
				"          Brand,",
				"          Ship_to_country,",
				"          Incyte_country,",
				"          CREATED_DT,",
				"          CREATED_BY,",
				"          ETL_ID",
				"     )) ~> FDAILYFORECAST"
			]
		}
	}
}