{
	"name": "df_LOAD_D_PRODUCT_INMR",
	"properties": {
		"folder": {
			"name": "Informatica_Dataflows"
		},
		"type": "MappingDataFlow",
		"typeProperties": {
			"sources": [
				{
					"dataset": {
						"referenceName": "Global_DW_Connection",
						"type": "DatasetReference"
					},
					"name": "StgProductInnomar"
				},
				{
					"dataset": {
						"referenceName": "STG_D_PRODUCT",
						"type": "DatasetReference"
					},
					"name": "DimProduct"
				}
			],
			"sinks": [
				{
					"dataset": {
						"referenceName": "STG_D_PRODUCT",
						"type": "DatasetReference"
					},
					"name": "LoadDimProductInsert"
				},
				{
					"dataset": {
						"referenceName": "STG_D_PRODUCT",
						"type": "DatasetReference"
					},
					"name": "LoadDimProductUpdate"
				}
			],
			"transformations": [
				{
					"name": "lookup"
				},
				{
					"name": "derivedColumns"
				},
				{
					"name": "INSERTUPDATE"
				},
				{
					"name": "UPDATE"
				}
			],
			"scriptLines": [
				"parameters{",
				"     Created_BY as string,",
				"     ETL_ID as string",
				"}",
				"source(output(",
				"          PRODUCT_CD as string,",
				"          PRODUCT_DESC as string,",
				"          PRODUCT_CTGRY as string,",
				"          BRAND_NAME as string,",
				"          STRENGTH as string,",
				"          SRC_TYPE as string",
				"     ),",
				"     allowSchemaDrift: true,",
				"     validateSchema: false,",
				"     isolationLevel: 'READ_UNCOMMITTED',",
				"     query: 'select  \\n  trim(replace(prdct_Cd,\\'    R\\',\\'\\')) as PRODUCT_CD,\\n  descr as PRODUCT_DESC,\\n  prdctctgry1 as PRODUCT_CTGRY,\\n  case \\n     when upper(descr) like \\'%JAKAFI%\\'   then \\'JAKAFI\\'\\n     when upper(descr) like \\'%PEMAZYRE%\\' then \\'PEMAZYRE\\'\\n     when upper(descr) like \\'%OPZELURA%\\' then \\'OPZELURA\\'\\n     when upper(descr) like \\'%MINJUVI%\\' then \\'MINJUVI\\'\\n     else \\'\\'\\n  end as BRAND_NAME,\\n  case\\n     when (SUBSTRING(descr, CHARINDEX(\\'mg\\',descr)-4, CHARINDEX(\\'mg\\',descr)+255 )) like \\'% 5mg%60%\\' then \\'5mg_60\\'\\n     when (SUBSTRING(descr, CHARINDEX(\\'mg\\',descr)-4, CHARINDEX(\\'mg\\',descr)+255 )) like \\'% 10mg%60%\\' then \\'10mg_60\\'\\n     when (SUBSTRING(descr, CHARINDEX(\\'mg\\',descr)-4, CHARINDEX(\\'mg\\',descr)+255 )) like \\'% 15%mg%60%\\'    then \\'15mg_60\\'\\n     when (SUBSTRING(descr, CHARINDEX(\\'mg\\',descr)-4, CHARINDEX(\\'mg\\',descr)+255 )) like \\'% 20%mg%60%\\'    then \\'20mg_60\\'\\n     when (SUBSTRING(descr, CHARINDEX(\\'mg\\',descr)-4, CHARINDEX(\\'mg\\',descr)+255 )) like \\'% 25%mg%60%\\'    then \\'25mg_60\\'\\n     when (SUBSTRING(descr, CHARINDEX(\\'mg\\',descr)-4, CHARINDEX(\\'mg\\',descr)+255 )) like \\'%200%mg%\\'    then \\'200mg\\'\\n     when descr like \\'%9.0mg%\\'    then \\'9mg\\'\\n     when descr like \\'%4.5mg%\\'    then \\'4.5mg\\'\\n     when descr like \\'%13.5mg%\\'  then \\'13.5mg\\'\\n     when descr like \\'%1.5%\\' then \\'1.5%\\'\\n     else \\'Other\\'\\n  end as STRENGTH,\\n\\'Innomar\\' as SRC_TYPE\\nfrom stg_product_inmr where prdctctgry1 not in (\\'UNFIN\\',\\'SAMP\\')',",
				"     format: 'query') ~> StgProductInnomar",
				"source(output(",
				"          PRODUCT_KEY as integer,",
				"          PRODUCT_CD as string,",
				"          PRODUCT_DESC as string,",
				"          PRODUCT_CTGRY as string,",
				"          BRAND_NAME as string,",
				"          STRENGTH as string,",
				"          SRC_TYPE as string,",
				"          CREATED_DT as timestamp,",
				"          CREATED_BY as string,",
				"          MODIFIED_DT as timestamp,",
				"          MODIFIED_BY as string,",
				"          ETL_ID as string",
				"     ),",
				"     allowSchemaDrift: true,",
				"     validateSchema: false,",
				"     isolationLevel: 'READ_UNCOMMITTED',",
				"     format: 'table') ~> DimProduct",
				"StgProductInnomar, DimProduct lookup(StgProductInnomar@PRODUCT_CD == DimProduct@PRODUCT_CD",
				"     && StgProductInnomar@SRC_TYPE == DimProduct@SRC_TYPE,",
				"     multiple: false,",
				"     pickup: 'any',",
				"     broadcast: 'auto')~> lookup",
				"lookup derive(SOURCE_DATA = md5(concat(coalesce(StgProductInnomar@PRODUCT_DESC,'1'),coalesce(StgProductInnomar@PRODUCT_CTGRY,'1')\r",
				",coalesce(StgProductInnomar@BRAND_NAME,'1'),coalesce(StgProductInnomar@STRENGTH,'1'))),",
				"          LOOKUP_DATA = md5(concat(coalesce(DimProduct@PRODUCT_DESC,'1'),coalesce(DimProduct@PRODUCT_CTGRY,'1')\r",
				",coalesce(DimProduct@BRAND_NAME,'1'),coalesce(DimProduct@STRENGTH,'1'))),",
				"          Derived_CREATED_DT = currentTimestamp(),",
				"          Derived_CREATED_BY = $Created_BY,",
				"          Derived_ETL_ID = $ETL_ID) ~> derivedColumns",
				"derivedColumns split(isNull(PRODUCT_KEY),",
				"     !isNull(PRODUCT_KEY) && iif(SOURCE_DATA==LOOKUP_DATA,false(),true()),",
				"     disjoint: false) ~> INSERTUPDATE@(INSERT, UPDATE)",
				"INSERTUPDATE@UPDATE alterRow(updateIf(1==1)) ~> UPDATE",
				"INSERTUPDATE@INSERT sink(allowSchemaDrift: true,",
				"     validateSchema: false,",
				"     deletable:false,",
				"     insertable:true,",
				"     updateable:false,",
				"     upsertable:false,",
				"     format: 'table',",
				"     skipDuplicateMapInputs: true,",
				"     skipDuplicateMapOutputs: true,",
				"     errorHandlingOption: 'stopOnFirstError',",
				"     mapColumn(",
				"          PRODUCT_CD = INSERTUPDATE@INSERT@PRODUCT_CD,",
				"          PRODUCT_DESC = INSERTUPDATE@INSERT@PRODUCT_DESC,",
				"          PRODUCT_CTGRY = INSERTUPDATE@INSERT@PRODUCT_CTGRY,",
				"          BRAND_NAME = INSERTUPDATE@INSERT@BRAND_NAME,",
				"          STRENGTH = INSERTUPDATE@INSERT@STRENGTH,",
				"          SRC_TYPE = INSERTUPDATE@INSERT@SRC_TYPE,",
				"          CREATED_DT = Derived_CREATED_DT,",
				"          CREATED_BY = Derived_CREATED_BY,",
				"          ETL_ID = Derived_ETL_ID",
				"     )) ~> LoadDimProductInsert",
				"UPDATE sink(allowSchemaDrift: true,",
				"     validateSchema: false,",
				"     deletable:false,",
				"     insertable:false,",
				"     updateable:true,",
				"     upsertable:false,",
				"     keys:['PRODUCT_KEY'],",
				"     format: 'table',",
				"     skipDuplicateMapInputs: true,",
				"     skipDuplicateMapOutputs: true,",
				"     errorHandlingOption: 'stopOnFirstError',",
				"     mapColumn(",
				"          PRODUCT_CD = INSERTUPDATE@UPDATE@PRODUCT_CD,",
				"          PRODUCT_DESC = INSERTUPDATE@UPDATE@PRODUCT_DESC,",
				"          PRODUCT_CTGRY = INSERTUPDATE@UPDATE@PRODUCT_CTGRY,",
				"          BRAND_NAME = INSERTUPDATE@UPDATE@BRAND_NAME,",
				"          STRENGTH = INSERTUPDATE@UPDATE@STRENGTH,",
				"          SRC_TYPE = INSERTUPDATE@UPDATE@SRC_TYPE,",
				"          PRODUCT_KEY,",
				"          MODIFIED_DT = Derived_CREATED_DT,",
				"          MODIFIED_BY = Derived_CREATED_BY,",
				"          ETL_ID = Derived_ETL_ID",
				"     )) ~> LoadDimProductUpdate"
			]
		}
	}
}