{
	"name": "df_LOAD_D_DISTRIBUTOR",
	"properties": {
		"folder": {
			"name": "Informatica_Dataflows"
		},
		"type": "MappingDataFlow",
		"typeProperties": {
			"sources": [
				{
					"dataset": {
						"referenceName": "stg_distributor_IDAC",
						"type": "DatasetReference"
					},
					"name": "StgDistributorIDAC"
				},
				{
					"dataset": {
						"referenceName": "Global_DW_Connection",
						"type": "DatasetReference"
					},
					"name": "StgDistributorICS"
				},
				{
					"dataset": {
						"referenceName": "D_Distributor",
						"type": "DatasetReference"
					},
					"name": "DimDistributor"
				}
			],
			"sinks": [
				{
					"dataset": {
						"referenceName": "D_Distributor",
						"type": "DatasetReference"
					},
					"name": "DimDistributorInsert"
				},
				{
					"dataset": {
						"referenceName": "D_Distributor",
						"type": "DatasetReference"
					},
					"name": "DimDistributorUpdate"
				}
			],
			"transformations": [
				{
					"name": "derivedColumns"
				},
				{
					"name": "selectIDACColumns"
				},
				{
					"name": "union"
				},
				{
					"name": "lookup"
				},
				{
					"name": "auditColumns"
				},
				{
					"name": "INSERTUPDATE"
				},
				{
					"name": "UPDATE"
				}
			],
			"scriptLines": [
				"parameters{",
				"     CreatedBY as string ('test'),",
				"     ETL_ID as string",
				"}",
				"source(output(",
				"          ACCOUNT_KEY as integer,",
				"          VENDOR_ID as string,",
				"          ACCOUNT_ID as string,",
				"          ACCOUNT_NAME as string,",
				"          ADDRESS as string,",
				"          CITY as string,",
				"          COUNTRY as string,",
				"          POSTAL_CODE as string,",
				"          PHONE_NUMBER as string,",
				"          FAX as string,",
				"          ACCOUNT_TYPE as string,",
				"          CREATED_DT as timestamp,",
				"          CREATED_BY as string,",
				"          MODIFIED_DT as timestamp,",
				"          MODIFIED_BY as string,",
				"          ETL_ID as integer,",
				"          Address_Line1 as string,",
				"          Address_Line2 as string,",
				"          Address_Line3 as string",
				"     ),",
				"     allowSchemaDrift: true,",
				"     validateSchema: false,",
				"     isolationLevel: 'READ_UNCOMMITTED',",
				"     format: 'table') ~> StgDistributorIDAC",
				"source(output(",
				"          distributor_id as string,",
				"          distributor_name as string,",
				"          distributor_grp as string,",
				"          distributor_grp_snm as string,",
				"          Address_1 as string,",
				"          Address_2 as string,",
				"          Address_3 as string,",
				"          City as string,",
				"          State as string,",
				"          Country as string,",
				"          SRC_TYPE as string",
				"     ),",
				"     allowSchemaDrift: true,",
				"     validateSchema: false,",
				"     isolationLevel: 'READ_UNCOMMITTED',",
				"     query: 'SELECT \\n  coalesce(d.distributor_id, dg.distributor_id) As distributor_id,\\n  coalesce(d.distributor_name, dg.distributor_name) As distributor_name,\\n  dg.DISTRIBUTOR_GROUP as distributor_grp,\\n  dg.DISTRIBUTOR_GROUP_SHORT_NAME as distributor_grp_snm,\\n  d.Address_Line1 as Address_1,\\n  d.Address_Line2 as Address_2,\\n  d.Address_Line3 as Address_3,\\n  d.City as City ,\\n  d.State as State, \\n  d.Country as Country,\\n\\'ICS\\' as SRC_TYPE\\nFROM \\n  stg_distributor_ics d\\n  full outer JOIN stg_distributor_grp_ics dg on\\n    d.distributor_id = dg.distributor_id\\nwhere \\n  1=1',",
				"     format: 'query') ~> StgDistributorICS",
				"source(output(",
				"          DISTRIBUTOR_KEY as integer,",
				"          DISTRIBUTOR_ID as string,",
				"          DISTRIBUTOR_NAME as string,",
				"          DISTRIBUTOR_GROUP as string,",
				"          DISTRIBUTOR_GROUP_SNM as string,",
				"          SRC_TYPE as string,",
				"          CREATED_DT as timestamp,",
				"          CREATED_BY as string,",
				"          MODIFIED_DT as timestamp,",
				"          MODIFIED_BY as string,",
				"          ETL_ID as string,",
				"          Address_Line1 as string,",
				"          Address_Line2 as string,",
				"          Address_Line3 as string,",
				"          City as string,",
				"          State as string,",
				"          Country as string",
				"     ),",
				"     allowSchemaDrift: true,",
				"     validateSchema: false,",
				"     isolationLevel: 'READ_UNCOMMITTED',",
				"     format: 'table') ~> DimDistributor",
				"StgDistributorIDAC derive(State = 'NA',",
				"          SRC_Type = 'IDAC',",
				"          IDAC_Distributor_ID = iif(isNull(VENDOR_ID)||VENDOR_ID=='',ACCOUNT_ID,concat(ACCOUNT_ID,'_',VENDOR_ID)),",
				"          Distributor_Grp = toString(null()),",
				"          Distributor_grp_snm = toString(null())) ~> derivedColumns",
				"derivedColumns select(mapColumn(",
				"          distributor_name = ACCOUNT_NAME,",
				"          City = CITY,",
				"          Country = COUNTRY,",
				"          Address_1 = Address_Line1,",
				"          Address_2 = Address_Line2,",
				"          Address_3 = Address_Line3,",
				"          State,",
				"          SRC_TYPE = SRC_Type,",
				"          distributor_id = IDAC_Distributor_ID,",
				"          distributor_grp = Distributor_Grp,",
				"          distributor_grp_snm = Distributor_grp_snm",
				"     ),",
				"     skipDuplicateMapInputs: true,",
				"     skipDuplicateMapOutputs: true) ~> selectIDACColumns",
				"selectIDACColumns, StgDistributorICS union(byName: true)~> union",
				"union, DimDistributor lookup(union@distributor_id == DimDistributor@DISTRIBUTOR_ID",
				"     && union@SRC_TYPE == DimDistributor@SRC_TYPE,",
				"     multiple: false,",
				"     pickup: 'any',",
				"     broadcast: 'auto')~> lookup",
				"lookup derive(SOURCE_DATA = md5(concat(coalesce(union@distributor_name,'1'),coalesce(distributor_grp,'1'),coalesce(distributor_grp_snm,'1')\r",
				",coalesce(Address_1,'1'),coalesce(Address_2,'1'),coalesce(Address_3,'1')\r",
				",coalesce(union@City,'1'),coalesce(union@State,'1'),coalesce(union@Country,'1'))),",
				"          LOOKUP_DATA = md5(concat(coalesce(DimDistributor@DISTRIBUTOR_NAME,'1'),coalesce(DISTRIBUTOR_GROUP,'1'),coalesce(DISTRIBUTOR_GROUP_SNM,'1')\r",
				",coalesce(Address_Line1,'1'),coalesce(Address_Line2,'1'),coalesce(Address_Line3,'1')\r",
				",coalesce(DimDistributor@City,'1'),coalesce(DimDistributor@State,'1'),coalesce(DimDistributor@Country,'1'))),",
				"          Derived_Created_BY = $CreatedBY,",
				"          Derived_ETL_ID = $ETL_ID,",
				"          Derived_Created_DT = currentTimestamp()) ~> auditColumns",
				"auditColumns split(isNull(DISTRIBUTOR_KEY),",
				"     !isNull(DISTRIBUTOR_KEY) && iif(SOURCE_DATA==LOOKUP_DATA,false(),true()),",
				"     disjoint: false) ~> INSERTUPDATE@(INSERT, UPDATE)",
				"INSERTUPDATE@UPDATE alterRow(updateIf(1==1)) ~> UPDATE",
				"INSERTUPDATE@INSERT sink(allowSchemaDrift: true,",
				"     validateSchema: false,",
				"     input(",
				"          DISTRIBUTOR_KEY as integer,",
				"          DISTRIBUTOR_ID as string,",
				"          DISTRIBUTOR_NAME as string,",
				"          DISTRIBUTOR_GROUP as string,",
				"          DISTRIBUTOR_GROUP_SNM as string,",
				"          SRC_TYPE as string,",
				"          CREATED_DT as timestamp,",
				"          CREATED_BY as string,",
				"          MODIFIED_DT as timestamp,",
				"          MODIFIED_BY as string,",
				"          ETL_ID as string,",
				"          Address_Line1 as string,",
				"          Address_Line2 as string,",
				"          Address_Line3 as string,",
				"          City as string,",
				"          State as string,",
				"          Country as string",
				"     ),",
				"     deletable:false,",
				"     insertable:true,",
				"     updateable:false,",
				"     upsertable:false,",
				"     format: 'table',",
				"     skipDuplicateMapInputs: true,",
				"     skipDuplicateMapOutputs: true,",
				"     errorHandlingOption: 'stopOnFirstError',",
				"     mapColumn(",
				"          DISTRIBUTOR_ID = INSERTUPDATE@INSERT@distributor_id,",
				"          DISTRIBUTOR_NAME = INSERTUPDATE@INSERT@distributor_name,",
				"          DISTRIBUTOR_GROUP = distributor_grp,",
				"          DISTRIBUTOR_GROUP_SNM = distributor_grp_snm,",
				"          SRC_TYPE = INSERTUPDATE@INSERT@SRC_TYPE,",
				"          CREATED_DT = Derived_Created_DT,",
				"          CREATED_BY = Derived_Created_BY,",
				"          ETL_ID = Derived_ETL_ID,",
				"          Address_Line1 = Address_1,",
				"          Address_Line2 = Address_2,",
				"          Address_Line3 = Address_3,",
				"          City = INSERTUPDATE@INSERT@City,",
				"          State = INSERTUPDATE@INSERT@State,",
				"          Country = INSERTUPDATE@INSERT@Country",
				"     )) ~> DimDistributorInsert",
				"UPDATE sink(allowSchemaDrift: true,",
				"     validateSchema: false,",
				"     input(",
				"          DISTRIBUTOR_KEY as integer,",
				"          DISTRIBUTOR_ID as string,",
				"          DISTRIBUTOR_NAME as string,",
				"          DISTRIBUTOR_GROUP as string,",
				"          DISTRIBUTOR_GROUP_SNM as string,",
				"          SRC_TYPE as string,",
				"          CREATED_DT as timestamp,",
				"          CREATED_BY as string,",
				"          MODIFIED_DT as timestamp,",
				"          MODIFIED_BY as string,",
				"          ETL_ID as string,",
				"          Address_Line1 as string,",
				"          Address_Line2 as string,",
				"          Address_Line3 as string,",
				"          City as string,",
				"          State as string,",
				"          Country as string",
				"     ),",
				"     deletable:false,",
				"     insertable:false,",
				"     updateable:true,",
				"     upsertable:false,",
				"     keys:['DISTRIBUTOR_KEY'],",
				"     format: 'table',",
				"     skipDuplicateMapInputs: true,",
				"     skipDuplicateMapOutputs: true,",
				"     errorHandlingOption: 'stopOnFirstError',",
				"     mapColumn(",
				"          DISTRIBUTOR_KEY,",
				"          DISTRIBUTOR_ID = INSERTUPDATE@UPDATE@distributor_id,",
				"          DISTRIBUTOR_NAME = INSERTUPDATE@UPDATE@distributor_name,",
				"          DISTRIBUTOR_GROUP = distributor_grp,",
				"          DISTRIBUTOR_GROUP_SNM = distributor_grp_snm,",
				"          SRC_TYPE = INSERTUPDATE@UPDATE@SRC_TYPE,",
				"          MODIFIED_DT = Derived_Created_DT,",
				"          MODIFIED_BY = Derived_Created_BY,",
				"          ETL_ID = Derived_ETL_ID,",
				"          Address_Line1 = Address_1,",
				"          Address_Line2 = Address_2,",
				"          Address_Line3 = Address_3,",
				"          City = INSERTUPDATE@UPDATE@City,",
				"          State = INSERTUPDATE@UPDATE@State,",
				"          Country = INSERTUPDATE@UPDATE@Country",
				"     )) ~> DimDistributorUpdate"
			]
		}
	}
}