{
	"name": "df_LOAD_STG_PRODUCT_IDAC",
	"properties": {
		"folder": {
			"name": "Informatica_Dataflows"
		},
		"type": "MappingDataFlow",
		"typeProperties": {
			"sources": [
				{
					"dataset": {
						"referenceName": "EU_D_Product",
						"type": "DatasetReference"
					},
					"name": "DimProduct"
				}
			],
			"sinks": [
				{
					"dataset": {
						"referenceName": "STG_Product_IDAC",
						"type": "DatasetReference"
					},
					"name": "StgProductIDAC"
				}
			],
			"transformations": [
				{
					"name": "auditcolumns"
				}
			],
			"scriptLines": [
				"parameters{",
				"     CREATED_BY as string ('test'),",
				"     ETL_ID as string",
				"}",
				"source(output(",
				"          PRODUCT_KEY as integer,",
				"          SKU as string,",
				"          SKU_ID as string,",
				"          PRODUCT_NAME as string,",
				"          PRODUCT_STATUS as string,",
				"          CREATED_DT as timestamp,",
				"          CREATED_BY as string,",
				"          MODIFIED_DT as timestamp,",
				"          MODIFIED_BY as string,",
				"          ETL_ID as string,",
				"          BRAND as string",
				"     ),",
				"     allowSchemaDrift: true,",
				"     validateSchema: false,",
				"     isolationLevel: 'READ_UNCOMMITTED',",
				"     format: 'table') ~> DimProduct",
				"DimProduct derive(CREATED_DT = currentTimestamp(),",
				"          CREATED_BY = $CREATED_BY,",
				"          ETL_ID = $ETL_ID) ~> auditcolumns",
				"auditcolumns sink(allowSchemaDrift: true,",
				"     validateSchema: false,",
				"     input(",
				"          PRODUCT_KEY as integer,",
				"          SKU as string,",
				"          SKU_ID as string,",
				"          PRODUCT_NAME as string,",
				"          PRODUCT_STATUS as string,",
				"          CREATED_DT as timestamp,",
				"          CREATED_BY as string,",
				"          MODIFIED_DT as timestamp,",
				"          MODIFIED_BY as string,",
				"          ETL_ID as string",
				"     ),",
				"     deletable:false,",
				"     insertable:true,",
				"     updateable:false,",
				"     upsertable:false,",
				"     truncate:true,",
				"     format: 'table',",
				"     skipDuplicateMapInputs: true,",
				"     skipDuplicateMapOutputs: true,",
				"     errorHandlingOption: 'stopOnFirstError',",
				"     mapColumn(",
				"          PRODUCT_KEY,",
				"          SKU,",
				"          SKU_ID,",
				"          PRODUCT_NAME,",
				"          PRODUCT_STATUS,",
				"          CREATED_DT,",
				"          CREATED_BY,",
				"          ETL_ID",
				"     )) ~> StgProductIDAC"
			]
		}
	}
}