{
	"name": "df_LOAD_STG_DISTRIBUTOR_INMR",
	"properties": {
		"folder": {
			"name": "Informatica_Dataflows"
		},
		"type": "MappingDataFlow",
		"typeProperties": {
			"sources": [
				{
					"dataset": {
						"referenceName": "Customer_Master_Innomar",
						"type": "DatasetReference"
					},
					"name": "CustomerMaster"
				}
			],
			"sinks": [
				{
					"dataset": {
						"referenceName": "Stg_Distributor_Inmr",
						"type": "DatasetReference"
					},
					"name": "StgDistributorInmr"
				}
			],
			"transformations": [
				{
					"name": "AscendingByNameCategory"
				},
				{
					"name": "GroupBYNamecategory"
				},
				{
					"name": "Auditcolumns"
				}
			],
			"scriptLines": [
				"parameters{",
				"     Created_By as string,",
				"     ETL_ID as string",
				"}",
				"source(output(",
				"          MCUSTSK as string,",
				"          Status as string,",
				"          CUSTSPLRNBR as string,",
				"          Type as string,",
				"          AliasforCUSTSPLRNBR as string,",
				"          Name as string,",
				"          ADDRline1 as string,",
				"          ADDRline2 as string,",
				"          ADDRline3 as string,",
				"          City as string,",
				"          ST as string,",
				"          ZipCD as string,",
				"          Internalname as string,",
				"          CNTRY as string,",
				"          Area as string,",
				"          NameCTGRY1 as string,",
				"          NameCTGRY2 as string,",
				"          NameCTGRY3 as string,",
				"          CreationDT as string,",
				"          STPRVNCD as string,",
				"          PhoneNBR1 as string,",
				"          PhoneNBR2 as string,",
				"          FaxNBR1 as string,",
				"          CreditLimit as string,",
				"          ARGRP_SK as string,",
				"          ARGRP as string,",
				"          PYMTStatistCDW_STG_ICSGRP as string,",
				"          STMTOfACCT as string,",
				"          TermsOfPYMT_SK as string,",
				"          TermsOfPYMT as string,",
				"          CreditStatus as string,",
				"          CSTCNTR as string,",
				"          CNTCTPerson as string,",
				"          DebtorADDRNBR as string,",
				"          DebtorNBR as string,",
				"          DeliveryADDRNBR as string,",
				"          DeliveryCUSTNBR as string,",
				"          ConfirmationADDRNBR as string,",
				"          ConfirmationCUSTNBR as string,",
				"          INVADDRNBR as string,",
				"          INVCUSTNBR as string,",
				"          CustomChain1 as string,",
				"          CustomChain2 as string,",
				"          CustomChain3 as string,",
				"          CustomChain4 as string,",
				"          CustomChain5 as string,",
				"          CustomChain6 as string,",
				"          CustomChain7 as string,",
				"          CustomChain8 as string,",
				"          CustomChain9 as string,",
				"          CustomClassification1 as string,",
				"          CustomClassification2 as string,",
				"          CustomClassification3 as string,",
				"          CustomClassification4 as string,",
				"          CustomClassification5 as string,",
				"          Termsofdelivery as string,",
				"          MannerofTRNSPRT as string,",
				"          Administrationfee as string,",
				"          Invoicingfee as string,",
				"          CUSTGRP as string,",
				"          DiscountGRP as string,",
				"          PriceGRP as string,",
				"          Discountpercentage as string,",
				"          SLSman as string,",
				"          LSTINVDT as string,",
				"          CurrentACCTBalance as string,",
				"          FIELD67 as string,",
				"          FIELD68 as string,",
				"          FIELD69 as string,",
				"          FIELD70 as string,",
				"          FIELD71 as string,",
				"          FIELD72 as string,",
				"          FIELD73 as string,",
				"          FIELD74 as string,",
				"          FIELD75 as string,",
				"          FIELD76 as string",
				"     ),",
				"     allowSchemaDrift: true,",
				"     validateSchema: false,",
				"     ignoreNoFilesFound: false) ~> CustomerMaster",
				"CustomerMaster sort(asc(NameCTGRY1, true)) ~> AscendingByNameCategory",
				"AscendingByNameCategory aggregate(groupBy(NameCTGRY1),",
				"     Name = first(Name),",
				"          ADDRline1 = first(ADDRline1),",
				"          ADDRline2 = first(ADDRline2),",
				"          ADDRline3 = first(ADDRline3),",
				"          City = first(City),",
				"          ST = first(ST),",
				"          CNTRY = first(CNTRY)) ~> GroupBYNamecategory",
				"GroupBYNamecategory derive(CREATED_DT = currentTimestamp(),",
				"          CREATED_BY = $Created_By,",
				"          ETL_ID = $ETL_ID) ~> Auditcolumns",
				"Auditcolumns sink(allowSchemaDrift: true,",
				"     validateSchema: false,",
				"     input(",
				"          DISTRIBUTOR_KEY as integer,",
				"          DISTRIBUTOR_ID as string,",
				"          DISTRIBUTOR_NAME as string,",
				"          CREATED_DT as timestamp,",
				"          CREATED_BY as string,",
				"          MODIFIED_DT as timestamp,",
				"          MODIFIED_BY as string,",
				"          ETL_ID as string,",
				"          Address_Line1 as string,",
				"          Address_Line2 as string,",
				"          Address_Line3 as string,",
				"          City as string,",
				"          State as string,",
				"          Country as string",
				"     ),",
				"     deletable:false,",
				"     insertable:true,",
				"     updateable:false,",
				"     upsertable:false,",
				"     truncate:true,",
				"     format: 'table',",
				"     skipDuplicateMapInputs: true,",
				"     skipDuplicateMapOutputs: true,",
				"     errorHandlingOption: 'stopOnFirstError',",
				"     mapColumn(",
				"          DISTRIBUTOR_ID = NameCTGRY1,",
				"          DISTRIBUTOR_NAME = Name,",
				"          CREATED_DT,",
				"          CREATED_BY,",
				"          ETL_ID,",
				"          Address_Line1 = ADDRline1,",
				"          Address_Line2 = ADDRline2,",
				"          Address_Line3 = ADDRline3,",
				"          City,",
				"          State = ST,",
				"          Country = CNTRY",
				"     )) ~> StgDistributorInmr"
			]
		}
	}
}