{
	"name": "df_LOAD_F_INVOICE",
	"properties": {
		"folder": {
			"name": "Informatica_Dataflows"
		},
		"type": "MappingDataFlow",
		"typeProperties": {
			"sources": [
				{
					"dataset": {
						"referenceName": "Global_DW_Connection",
						"type": "DatasetReference"
					},
					"name": "STGInvoiceData",
					"description": "we are trying to union both stg_invoice and stg_invoice_idac data"
				},
				{
					"dataset": {
						"referenceName": "Global_DW_Connection",
						"type": "DatasetReference"
					},
					"name": "DimDistributor"
				},
				{
					"dataset": {
						"referenceName": "Global_DW_Connection",
						"type": "DatasetReference"
					},
					"name": "DimProduct"
				},
				{
					"dataset": {
						"referenceName": "Global_DW_Connection",
						"type": "DatasetReference"
					},
					"name": "DimCountry"
				},
				{
					"dataset": {
						"referenceName": "Global_DW_Connection",
						"type": "DatasetReference"
					},
					"name": "DimCurrency"
				}
			],
			"sinks": [
				{
					"dataset": {
						"referenceName": "F_INVOICE",
						"type": "DatasetReference"
					},
					"name": "FInvoiceTable"
				}
			],
			"transformations": [
				{
					"name": "DistributorlookUp"
				},
				{
					"name": "ProductLookup"
				},
				{
					"name": "CountryLookup"
				},
				{
					"name": "DimCurrencyLookup"
				},
				{
					"name": "AuditColumn"
				}
			],
			"scriptLines": [
				"parameters{",
				"     CREATED_BY as string,",
				"     ETL_ID as string",
				"}",
				"source(output(",
				"          INVNBR as string,",
				"          INVLINENBR as string,",
				"          INVDT as string,",
				"          ORDNBR as string,",
				"          ORDLINENBR as string,",
				"          CUSTNBR as string,",
				"          CUSTNM as string,",
				"          CUSTCTGRY1 as string,",
				"          INVCUSTNBR as string,",
				"          TERMSOFPYMT as string,",
				"          TERMSOFPYMTDESCR as string,",
				"          TERMSOFDELIVERY as string,",
				"          MANNEROFTRNSPRT as string,",
				"          MANNEROFTRNSPRTDESCR as string,",
				"          ORDDT as string,",
				"          ORDLINESTOTAL as string,",
				"          ORDTOTAL as string,",
				"          INVAMTEXCLUDINGVAT as string,",
				"          INVTAXAMT as string,",
				"          INVAMTINCLUDINGVAT as string,",
				"          INVADJUSTMENTAMT as string,",
				"          DUEDT as string,",
				"          HANDLER as string,",
				"          DEBTORNBR as string,",
				"          REFERENCENBR as string,",
				"          PRODCD as string,",
				"          PRODCDDESCR as string,",
				"          ORDTYPE as string,",
				"          ORDTYPEDESCR as string,",
				"          SLSPRICE as string,",
				"          INVDQTYSLSUNIT as integer,",
				"          AMT as decimal(38,2),",
				"          RETAILPRICE as decimal(10,2),",
				"          NETPRICE as string,",
				"          FREEOFCHARGE as string,",
				"          WRHSNBR as string,",
				"          PRODCTGRY1 as string,",
				"          HOLDORD as string,",
				"          ORDCTGRY as string,",
				"          ORDCTGRYDESCR as string,",
				"          CUSTACCTGRP as string,",
				"          ACCTGRPDESCR as string,",
				"          SRC_TYPE as string,",
				"          COUNTRY_CD as string,",
				"          CURRENCY_CD as string,",
				"          INCYTE_COUTRY as string,",
				"          ACT_PRICE as decimal(10,2)",
				"     ),",
				"     allowSchemaDrift: true,",
				"     validateSchema: false,",
				"     isolationLevel: 'READ_UNCOMMITTED',",
				"     query: 'select  INVNBR,INVLINENBR,\\nFORMAT(CAST( SUBSTRING(INVDT, 1, 10) AS DATE),\\'MM/dd/yyyy\\') AS INVDT,\\nORDNBR,ORDLINENBR,CUSTNBR,CUSTNM,CUSTCTGRY1,\\nINVCUSTNBR,TERMSOFPYMT,TERMSOFPYMTDESCR,TERMSOFDELIVERY,MANNEROFTRNSPRT,\\nMANNEROFTRNSPRTDESCR,\\nFORMAT(CAST( SUBSTRING(ORDDT, 1, 10) AS DATE),\\'MM/dd/yyyy\\') AS ORDDT,\\nORDLINESTOTAL,ORDTOTAL,INVAMTEXCLUDINGVAT,\\nINVTAXAMT,INVAMTINCLUDINGVAT,INVADJUSTMENTAMT,\\nFORMAT(CAST( SUBSTRING(DUEDT, 1, 10) AS DATE),\\'MM/dd/yyyy\\') AS DUEDT,HANDLER,DEBTORNBR,\\nREFERENCENBR,PRODCD,\\nPRODCDDESCR,ORDTYPE,ORDTYPEDESCR,SLSPRICE,INVDQTYSLSUNIT,AMT,\\nRETAILPRICE,NETPRICE,FREEOFCHARGE,WRHSNBR,PRODCTGRY1,HOLDORD,ORDCTGRY,ORDCTGRYDESCR,\\nCUSTACCTGRP,ACCTGRPDESCR,SRC_TYPE,\\'US\\' AS COUNTRY_CD,\\'USD\\' AS CURRENCY_CD,\\'US\\' AS INCYTE_COUTRY,NETPRICE AS ACT_PRICE\\nFROM STG_INVOICE\\n\\nUNION ALL\\n\\nSELECT\\n    INVOICE_ID AS INVNBR,\\n    LINE_NBR AS INVLINENBR,\\n    FORMAT(INVOICE_DT,\\'MM/dd/yyyy\\')  AS INVDT,\\n    ORDER_ID AS ORDNBR,\\n    NULL AS ORDLINENBR,\\n    NULL AS CUSTNBR,\\n    NULL AS CUSTNM,\\n    CASE\\n        WHEN VENDOR_ID IS NULL THEN CAST(ACCOUNT_ID AS VARCHAR(255))\\n        ELSE CAST(ACCOUNT_ID AS VARCHAR(255)) + \\'_\\' + CAST(VENDOR_ID AS VARCHAR(255))\\n    END AS CUSTCTGRY1,\\n    NULL AS INVCUSTNBR,\\n    NULL AS TERMSOFPYMT,\\n    NULL AS TERMSOFPYMTDESCR,\\n    NULL AS TERMSOFDELIVERY,\\n    NULL AS MANNEROFTRNSPRT,\\n    NULL AS MANNEROFTRNSPRTDESCR,\\n    FORMAT(ORDER_DT,\\'MM/dd/yyyy\\')  AS ORDDT,\\n    NULL AS ORDLINESTOTAL,\\n    NULL AS ORDTOTAL,\\n    NULL AS INVAMTEXCLUDINGVAT,\\n    NULL AS INVTAXAMT,\\n    NULL AS INVAMTINCLUDINGVAT,\\n    NULL AS INVADJUSTMENTAMT,\\n    NULL AS DUEDT,\\n    NULL AS HANDLER,\\n    NULL AS DEBTORNBR,\\n    NULL AS REFERENCENBR,\\n    PRODUCT_ID AS PRODCD,\\n    NULL AS PRODCDDESCR,\\n    NULL AS ORDTYPE,\\n    NULL AS ORDTYPEDESCR,\\n    NULL AS SLSPRICE,\\n    QTY_SHIPPED AS INVDQTYSLSUNIT,\\n    LINE_AMT AS AMT,\\n    PRICE AS RETAILPRICE,\\n    NULL AS NETPRICE,\\n    NULL AS FREEOFCHARGE,\\n    NULL AS WRHSNBR,\\n    NULL AS PRODCTGRY1,\\n    NULL AS HOLDORD,\\n    NULL AS ORDCTGRY,\\n    NULL AS ORDCTGRYDESCR,\\n    NULL AS CUSTACCTGRP,\\n    NULL AS ACCTGRPDESCR,\\n    SALE_TYPE AS SRC_TYPE,\\n    CASE\\n        WHEN COUNTRY_CD = \\'MY\\' THEN \\'YT\\'\\n        WHEN COUNTRY_CD = \\'SL\\' THEN \\'SI\\'\\n        ELSE COUNTRY_CD\\n    END AS COUNTRY_CD,\\n    CURRENCY_CD,\\n    INCYTE_COUNTRY AS INCYTE_COUTRY,\\n    ACT_PRICE\\nFROM stg_invoice_idac\\n',",
				"     format: 'query') ~> STGInvoiceData",
				"source(output(",
				"          DISTRIBUTOR_KEY as integer,",
				"          DISTRIBUTOR_ID as string,",
				"          SRC_TYPE as string",
				"     ),",
				"     allowSchemaDrift: true,",
				"     validateSchema: false,",
				"     isolationLevel: 'READ_UNCOMMITTED',",
				"     query: 'select DISTRIBUTOR_KEY , DISTRIBUTOR_ID,SRC_TYPE from d_distributor',",
				"     format: 'query') ~> DimDistributor",
				"source(output(",
				"          PRODUCT_KEY as integer,",
				"          PRODUCT_CD as string,",
				"          SRC_TYPE as string",
				"     ),",
				"     allowSchemaDrift: true,",
				"     validateSchema: false,",
				"     isolationLevel: 'READ_UNCOMMITTED',",
				"     query: 'select PRODUCT_KEY , PRODUCT_CD,SRC_TYPE from d_product',",
				"     format: 'query') ~> DimProduct",
				"source(output(",
				"          COUNTRY_KEY as integer,",
				"          COUNTRY_CD as string",
				"     ),",
				"     allowSchemaDrift: true,",
				"     validateSchema: false,",
				"     isolationLevel: 'READ_UNCOMMITTED',",
				"     query: 'SELECT COUNTRY_KEY , COUNTRY_CD FROM D_COUNTRY',",
				"     format: 'query') ~> DimCountry",
				"source(output(",
				"          CURRENCY_KEY as integer,",
				"          CURRENCY_CODE as string",
				"     ),",
				"     allowSchemaDrift: true,",
				"     validateSchema: false,",
				"     isolationLevel: 'READ_UNCOMMITTED',",
				"     query: 'SELECT CURRENCY_KEY , CURRENCY_CODE FROM D_CURRENCY',",
				"     format: 'query') ~> DimCurrency",
				"STGInvoiceData, DimDistributor lookup(CUSTCTGRY1 == DISTRIBUTOR_ID",
				"     && STGInvoiceData@SRC_TYPE == DimDistributor@SRC_TYPE,",
				"     multiple: false,",
				"     pickup: 'any',",
				"     broadcast: 'auto')~> DistributorlookUp",
				"DistributorlookUp, DimProduct lookup(PRODCD == PRODUCT_CD",
				"     && STGInvoiceData@SRC_TYPE == DimProduct@SRC_TYPE,",
				"     multiple: false,",
				"     pickup: 'any',",
				"     broadcast: 'auto')~> ProductLookup",
				"ProductLookup, DimCountry lookup(STGInvoiceData@COUNTRY_CD == DimCountry@COUNTRY_CD,",
				"     multiple: false,",
				"     pickup: 'any',",
				"     broadcast: 'auto')~> CountryLookup",
				"CountryLookup, DimCurrency lookup(CURRENCY_CD == CURRENCY_CODE,",
				"     multiple: false,",
				"     pickup: 'any',",
				"     broadcast: 'auto')~> DimCurrencyLookup",
				"DimCurrencyLookup derive(CREATED_DT = currentDate(),",
				"          CREATED_BY = $CREATED_BY,",
				"          ETL_ID = $ETL_ID) ~> AuditColumn",
				"AuditColumn sink(allowSchemaDrift: true,",
				"     validateSchema: false,",
				"     input(",
				"          Invoice_Key as integer,",
				"          Distributor_Key as integer,",
				"          Product_Key as integer,",
				"          Invoice_Dt_Key as integer,",
				"          Currency_Key as integer,",
				"          Price_Key as integer,",
				"          Country_Key as integer,",
				"          INVOICE_NUMBER as string,",
				"          INVOICE_LINE_NUMBER as string,",
				"          INVOICE_DATE as date,",
				"          ORDER_NUMBER as decimal(38,2),",
				"          ORDER_LINE_NUMBER as decimal(38,2),",
				"          ORDER_DATE as date,",
				"          ORDER_LINES_TOTAL as decimal(38,2),",
				"          ORDER_TOTAL as decimal(38,2),",
				"          TOTAL_AMOUNT_EXCLUDING_VAT as decimal(38,2),",
				"          TOTAL_TAX_AMOUNT as decimal(38,2),",
				"          TOTAL_AMOUNT_INCLUDING_VAT as decimal(38,2),",
				"          INVOICE_ADJUSTMENT_AMOUNT as decimal(38,2),",
				"          DUE_DATE as date,",
				"          ORDER_TYPE as string,",
				"          ORDER_TYPE_DESCRIPTION as string,",
				"          SALES_PRICE as decimal(38,2),",
				"          QUANTITY as decimal(38,2),",
				"          AMOUNT as decimal(38,2),",
				"          AMOUNT_FILTERED as decimal(38,2),",
				"          RETAIL_PRICE as decimal(38,2),",
				"          NET_PRICE as decimal(38,2),",
				"          ORDER_CATEGORY as string,",
				"          ORDER_CATEGORY_DESCRIPTION as string,",
				"          SRC_SYSTEM as string,",
				"          CREATED_DT as timestamp,",
				"          CREATED_BY as string,",
				"          MODIFIED_DT as timestamp,",
				"          MODIFIED_BY as string,",
				"          ETL_ID as string,",
				"          INCYTE_COUNTRY as string,",
				"          ACT_PRICE as decimal(38,2)",
				"     ),",
				"     deletable:false,",
				"     insertable:true,",
				"     updateable:false,",
				"     upsertable:false,",
				"     format: 'table',",
				"     preSQLs:['Delete  from F_Invoice where INVOICE_DATE >= DATEADD(Day,-5,GETDATE())  and SRC_SYSTEM =\\'ICS\\';\\n\\n \\n\\nDelete  from F_Invoice where INVOICE_DATE >= DATEADD(Day,-5,GETDATE())  and SRC_SYSTEM =\\'ICS_MONJUVI\\';\\n\\n \\n\\nDelete  from F_Invoice where INVOICE_DATE >= DATEADD(Day,-365,GETDATE())  and SRC_SYSTEM =\\'IDAC\\';\\n\\n \\n\\nDelete  from F_Invoice where INVOICE_DATE >= DATEADD(Day,-365,GETDATE())  and SRC_SYSTEM =\\'JPN\\';\\n\\n \\n\\nDelete  from F_Invoice where INVOICE_DATE  >= DATEADD(Day,-365,GETDATE())  and SRC_SYSTEM =\\'REALM\\';'],",
				"     postSQLs:['EXEC dbo.sp_load_d_date;\\n\\n \\n\\nEXEC dbo.sp_Invoice_Daily_with_Distributor;\\n\\n \\n\\nEXEC dbo.sp_Invoice_Daily_FDW;'],",
				"     skipDuplicateMapInputs: true,",
				"     skipDuplicateMapOutputs: true,",
				"     errorHandlingOption: 'stopOnFirstError',",
				"     mapColumn(",
				"          Distributor_Key = DISTRIBUTOR_KEY,",
				"          Product_Key = PRODUCT_KEY,",
				"          Currency_Key = CURRENCY_KEY,",
				"          Country_Key = COUNTRY_KEY,",
				"          INVOICE_NUMBER = INVNBR,",
				"          INVOICE_LINE_NUMBER = INVLINENBR,",
				"          INVOICE_DATE = INVDT,",
				"          ORDER_NUMBER = ORDNBR,",
				"          ORDER_LINE_NUMBER = ORDLINENBR,",
				"          ORDER_DATE = ORDDT,",
				"          ORDER_LINES_TOTAL = ORDLINESTOTAL,",
				"          ORDER_TOTAL = ORDTOTAL,",
				"          TOTAL_AMOUNT_EXCLUDING_VAT = INVAMTEXCLUDINGVAT,",
				"          TOTAL_TAX_AMOUNT = INVTAXAMT,",
				"          TOTAL_AMOUNT_INCLUDING_VAT = INVAMTINCLUDINGVAT,",
				"          INVOICE_ADJUSTMENT_AMOUNT = INVADJUSTMENTAMT,",
				"          DUE_DATE = DUEDT,",
				"          ORDER_TYPE = ORDTYPE,",
				"          ORDER_TYPE_DESCRIPTION = ORDTYPEDESCR,",
				"          SALES_PRICE = SLSPRICE,",
				"          QUANTITY = INVDQTYSLSUNIT,",
				"          AMOUNT = AMT,",
				"          RETAIL_PRICE = RETAILPRICE,",
				"          NET_PRICE = NETPRICE,",
				"          ORDER_CATEGORY = ORDCTGRY,",
				"          ORDER_CATEGORY_DESCRIPTION = ORDCTGRYDESCR,",
				"          SRC_SYSTEM = STGInvoiceData@SRC_TYPE,",
				"          CREATED_DT,",
				"          CREATED_BY,",
				"          ETL_ID,",
				"          INCYTE_COUNTRY = INCYTE_COUTRY,",
				"          ACT_PRICE",
				"     )) ~> FInvoiceTable"
			]
		}
	}
}