{
	"name": "df_LOAD_D_DISTRIBUTOR_INMR",
	"properties": {
		"folder": {
			"name": "Informatica_Dataflows"
		},
		"type": "MappingDataFlow",
		"typeProperties": {
			"sources": [
				{
					"dataset": {
						"referenceName": "Global_DW_Connection",
						"type": "DatasetReference"
					},
					"name": "StgDistributorInmr"
				},
				{
					"dataset": {
						"referenceName": "D_Distributor",
						"type": "DatasetReference"
					},
					"name": "Dimdistributor"
				}
			],
			"sinks": [
				{
					"dataset": {
						"referenceName": "D_Distributor",
						"type": "DatasetReference"
					},
					"name": "DimDistributorInsert"
				},
				{
					"dataset": {
						"referenceName": "D_Distributor",
						"type": "DatasetReference"
					},
					"name": "LoadDistributorUpdate"
				}
			],
			"transformations": [
				{
					"name": "Lookup"
				},
				{
					"name": "auditcolumns"
				},
				{
					"name": "INSERTUPDATE"
				},
				{
					"name": "UPDATE"
				}
			],
			"scriptLines": [
				"parameters{",
				"     Created_BY as string,",
				"     ETL_ID as string",
				"}",
				"source(output(",
				"          distributor_id as string,",
				"          distributor_name as string,",
				"          distributor_grp as string,",
				"          distributor_grp_snm as string,",
				"          Address_Line1 as string,",
				"          Address_Line2 as string,",
				"          Address_Line3 as string,",
				"          City as string,",
				"          State as string,",
				"          Country as string,",
				"          SRC_TYPE as string",
				"     ),",
				"     allowSchemaDrift: true,",
				"     validateSchema: false,",
				"     isolationLevel: 'READ_UNCOMMITTED',",
				"     query: 'SELECT \\n  coalesce(d.distributor_id, dg.distributor_id) As distributor_id,\\n  coalesce(d.distributor_name, dg.distributor_name) As distributor_name,\\n  dg.DISTRIBUTOR_GROUP as distributor_grp,\\n  dg.DISTRIBUTOR_GROUP_SHORT_NAME as distributor_grp_snm,\\n  d.Address_Line1 ,\\n  d.Address_Line2 ,\\n  d.Address_Line3 ,\\n  d.City ,\\n  d.State ,\\n  d.Country ,\\n\\'INNOMAR\\' as SRC_TYPE\\nFROM \\n  STG_DISTRIBUTOR_INMR  d\\n  Left outer JOIN stg_distributor_grp_ics dg on\\n    d.distributor_id = dg.distributor_id\\nwhere \\n  1=1',",
				"     format: 'query') ~> StgDistributorInmr",
				"source(output(",
				"          DISTRIBUTOR_KEY as integer,",
				"          DISTRIBUTOR_ID as string,",
				"          DISTRIBUTOR_NAME as string,",
				"          DISTRIBUTOR_GROUP as string,",
				"          DISTRIBUTOR_GROUP_SNM as string,",
				"          SRC_TYPE as string,",
				"          CREATED_DT as timestamp,",
				"          CREATED_BY as string,",
				"          MODIFIED_DT as timestamp,",
				"          MODIFIED_BY as string,",
				"          ETL_ID as string,",
				"          Address_Line1 as string,",
				"          Address_Line2 as string,",
				"          Address_Line3 as string,",
				"          City as string,",
				"          State as string,",
				"          Country as string",
				"     ),",
				"     allowSchemaDrift: true,",
				"     validateSchema: false,",
				"     isolationLevel: 'READ_UNCOMMITTED',",
				"     format: 'table') ~> Dimdistributor",
				"StgDistributorInmr, Dimdistributor lookup(StgDistributorInmr@distributor_id == Dimdistributor@DISTRIBUTOR_ID",
				"     && StgDistributorInmr@SRC_TYPE == Dimdistributor@SRC_TYPE,",
				"     multiple: false,",
				"     pickup: 'any',",
				"     broadcast: 'auto')~> Lookup",
				"Lookup derive(SOURCE_DATA = md5(concat(coalesce(StgDistributorInmr@distributor_name,'1'),coalesce(distributor_grp,'1'),coalesce(distributor_grp_snm,'1')\r",
				",coalesce(Dimdistributor@Address_Line1,'1'),coalesce(Dimdistributor@Address_Line2,'1'),coalesce(Dimdistributor@Address_Line3,'1')\r",
				",coalesce(Dimdistributor@City,'1'),coalesce(Dimdistributor@State,'1'),coalesce(Dimdistributor@Country,'1'))),",
				"          LOOKUP_DATA = md5(concat(coalesce(Dimdistributor@DISTRIBUTOR_NAME,'1'),coalesce(DISTRIBUTOR_GROUP,'1'),coalesce(DISTRIBUTOR_GROUP_SNM,'1')\r",
				",coalesce(Dimdistributor@Address_Line1,'1'),coalesce(Dimdistributor@Address_Line2,'1'),coalesce(Dimdistributor@Address_Line3,'1')\r",
				",coalesce(Dimdistributor@City,'1'),coalesce(Dimdistributor@State,'1'),coalesce(Dimdistributor@Country,'1'))),",
				"          Derived_CREATED_DT = currentTimestamp(),",
				"          Derived_CREATED_BY = $Created_BY,",
				"          Derived_ETL_ID = $ETL_ID) ~> auditcolumns",
				"auditcolumns split(isNull(DISTRIBUTOR_KEY),",
				"     !isNull(DISTRIBUTOR_KEY) && iif(SOURCE_DATA==LOOKUP_DATA,false(),true()),",
				"     disjoint: false) ~> INSERTUPDATE@(INSERT, UPDATE)",
				"INSERTUPDATE@UPDATE alterRow(updateIf(1==1)) ~> UPDATE",
				"INSERTUPDATE@INSERT sink(allowSchemaDrift: true,",
				"     validateSchema: false,",
				"     input(",
				"          DISTRIBUTOR_KEY as integer,",
				"          DISTRIBUTOR_ID as string,",
				"          DISTRIBUTOR_NAME as string,",
				"          DISTRIBUTOR_GROUP as string,",
				"          DISTRIBUTOR_GROUP_SNM as string,",
				"          SRC_TYPE as string,",
				"          CREATED_DT as timestamp,",
				"          CREATED_BY as string,",
				"          MODIFIED_DT as timestamp,",
				"          MODIFIED_BY as string,",
				"          ETL_ID as string,",
				"          Address_Line1 as string,",
				"          Address_Line2 as string,",
				"          Address_Line3 as string,",
				"          City as string,",
				"          State as string,",
				"          Country as string",
				"     ),",
				"     deletable:false,",
				"     insertable:true,",
				"     updateable:false,",
				"     upsertable:false,",
				"     format: 'table',",
				"     skipDuplicateMapInputs: true,",
				"     skipDuplicateMapOutputs: true,",
				"     errorHandlingOption: 'stopOnFirstError',",
				"     mapColumn(",
				"          DISTRIBUTOR_ID = INSERTUPDATE@INSERT@distributor_id,",
				"          DISTRIBUTOR_NAME = INSERTUPDATE@INSERT@distributor_name,",
				"          DISTRIBUTOR_GROUP = distributor_grp,",
				"          DISTRIBUTOR_GROUP_SNM = distributor_grp_snm,",
				"          SRC_TYPE = INSERTUPDATE@INSERT@SRC_TYPE,",
				"          CREATED_DT = Derived_CREATED_DT,",
				"          CREATED_BY = Derived_CREATED_BY,",
				"          ETL_ID = Derived_ETL_ID,",
				"          Address_Line1 = INSERTUPDATE@INSERT@Address_Line1,",
				"          Address_Line2 = INSERTUPDATE@INSERT@Address_Line2,",
				"          Address_Line3 = INSERTUPDATE@INSERT@Address_Line3,",
				"          City = INSERTUPDATE@INSERT@City,",
				"          State = INSERTUPDATE@INSERT@State,",
				"          Country = INSERTUPDATE@INSERT@Country",
				"     )) ~> DimDistributorInsert",
				"UPDATE sink(allowSchemaDrift: true,",
				"     validateSchema: false,",
				"     input(",
				"          DISTRIBUTOR_KEY as integer,",
				"          DISTRIBUTOR_ID as string,",
				"          DISTRIBUTOR_NAME as string,",
				"          DISTRIBUTOR_GROUP as string,",
				"          DISTRIBUTOR_GROUP_SNM as string,",
				"          SRC_TYPE as string,",
				"          CREATED_DT as timestamp,",
				"          CREATED_BY as string,",
				"          MODIFIED_DT as timestamp,",
				"          MODIFIED_BY as string,",
				"          ETL_ID as string,",
				"          Address_Line1 as string,",
				"          Address_Line2 as string,",
				"          Address_Line3 as string,",
				"          City as string,",
				"          State as string,",
				"          Country as string",
				"     ),",
				"     deletable:false,",
				"     insertable:false,",
				"     updateable:true,",
				"     upsertable:false,",
				"     keys:['DISTRIBUTOR_KEY'],",
				"     format: 'table',",
				"     skipDuplicateMapInputs: true,",
				"     skipDuplicateMapOutputs: true,",
				"     errorHandlingOption: 'stopOnFirstError',",
				"     mapColumn(",
				"          DISTRIBUTOR_KEY,",
				"          DISTRIBUTOR_ID = INSERTUPDATE@UPDATE@distributor_id,",
				"          DISTRIBUTOR_NAME = INSERTUPDATE@UPDATE@distributor_name,",
				"          DISTRIBUTOR_GROUP = distributor_grp,",
				"          DISTRIBUTOR_GROUP_SNM = distributor_grp_snm,",
				"          SRC_TYPE = INSERTUPDATE@UPDATE@SRC_TYPE,",
				"          MODIFIED_DT = Derived_CREATED_DT,",
				"          MODIFIED_BY = Derived_CREATED_BY,",
				"          ETL_ID = Derived_ETL_ID,",
				"          Address_Line1 = INSERTUPDATE@UPDATE@Address_Line1,",
				"          Address_Line2 = INSERTUPDATE@UPDATE@Address_Line2,",
				"          Address_Line3 = INSERTUPDATE@UPDATE@Address_Line3,",
				"          City = INSERTUPDATE@UPDATE@City,",
				"          State = INSERTUPDATE@UPDATE@State,",
				"          Country = INSERTUPDATE@UPDATE@Country",
				"     )) ~> LoadDistributorUpdate"
			]
		}
	}
}