{
	"name": "df_LOAD_STG_SLS_ORD_HRD_ICS",
	"properties": {
		"folder": {
			"name": "Informatica_Dataflows"
		},
		"type": "MappingDataFlow",
		"typeProperties": {
			"sources": [
				{
					"dataset": {
						"referenceName": "Sales_Order_Header",
						"type": "DatasetReference"
					},
					"name": "SalesOrderHeader"
				}
			],
			"sinks": [
				{
					"dataset": {
						"referenceName": "STG_SLS_ORD_HRD_ICS",
						"type": "DatasetReference"
					},
					"name": "sink"
				}
			],
			"transformations": [
				{
					"name": "AuditColumns"
				}
			],
			"scriptLines": [
				"parameters{",
				"     created_by as string,",
				"     etl_id as string,",
				"     modified_by as string",
				"}",
				"source(output(",
				"          CSTCNTR as string,",
				"          STATUS as string,",
				"          ORDNBR as string,",
				"          CUSTNAME as string,",
				"          TYPE as string,",
				"          ORDTYPESK as string,",
				"          ORDTYPE as string,",
				"          ORDTYPEDESCR as string,",
				"          ORDDT as string,",
				"          CUSTSK as string,",
				"          CUSTNBR as string,",
				"          DELIVERYADDRNBR as string,",
				"          INVCUSTNBR as string,",
				"          CUSTREFERENCE as string,",
				"          HANDLERSK as string,",
				"          HANDLER as string,",
				"          DISCOUNTGRPSK as string,",
				"          DISCOUNTGRP as string,",
				"          DISCOUNTGRPDESCR as string,",
				"          HOLDORD as string,",
				"          CREDITSTATUS as string,",
				"          TERMSOFPYMTSK as string,",
				"          TERMSOFPYMT as string,",
				"          TERMSOFPYMTDESCR as string,",
				"          TERMSOFDELIVERYSK as string,",
				"          TERMSOFDELIVERY as string,",
				"          MANNEROFTRNSPRTSK as string,",
				"          MANNEROFTRNSPRT as string,",
				"          MANNEROFTRNSPRTDESCR as string,",
				"          FREIGHTFEE as string,",
				"          ADMINISTRATIONFEE as string,",
				"          INVFEE as string,",
				"          WRHSSK as string,",
				"          WRHSNBR as string,",
				"          DELIVERYTIME as string,",
				"          CUSTGRPSK as string,",
				"          CUSTGRP as string,",
				"          CUSTGRPDESCR as string,",
				"          ORDVALUE as string,",
				"          ORDSTATUS as string,",
				"          CUSTSSPLRSORDNBRREFERENCE as string,",
				"          CUSTSORDPONBR as string,",
				"          GOODSMARKING as string,",
				"          HOLDINV as string,",
				"          EDICREATED as string,",
				"          RETURNRSNSK as string,",
				"          RSNCD as string,",
				"          RSNCDDESCR as string,",
				"          DEBTORNBRSK as string,",
				"          DEBTORNBR as string,",
				"          TOTALAMTEXCLUDINGVAT as string,",
				"          TOTALTAXAMT as string,",
				"          TOTALAMTINCLUDINGVAT as string,",
				"          ORDCTGRYSK as string,",
				"          ORDCTGRY as string,",
				"          ORDCTGRYDESCR as string,",
				"          ACCTGRPSK as string,",
				"          CUSTACCTGRP as string,",
				"          ACCTGRPDESCR as string,",
				"          THIRDPARTYNAME as string,",
				"          THIRDPARTYZIPCD as string,",
				"          THIRDPARTYCUSTNBR as string,",
				"          THIRDPARTYCUSTORDNBR as string,",
				"          THIRDPARTYORDREFNBR as string,",
				"          FORM222NBR as string,",
				"          FORM222ISSUEDT as string,",
				"          EDITRADINGPARTNERID as string,",
				"          PROGRAMTYPE as string,",
				"          ORDDT_TIMECDSK as string,",
				"          DELIVERYTIME_TIMECDSK as string,",
				"          FIELD71 as string,",
				"          FIELD72 as string,",
				"          FIELD73 as string,",
				"          FIELD74 as string,",
				"          FIELD75 as string,",
				"          FIELD76 as string,",
				"          FIELD77 as string,",
				"          FIELD78 as string",
				"     ),",
				"     allowSchemaDrift: true,",
				"     validateSchema: false,",
				"     ignoreNoFilesFound: false) ~> SalesOrderHeader",
				"SalesOrderHeader derive(CREATED_BY = $created_by,",
				"          ETl_ID = $etl_id,",
				"          o_Deliverytime = toDate(DELIVERYTIME, 'yyyy-mm-dd'),",
				"          CREATED_DT = currentDate(),",
				"          MODIFIED_DT = currentDate(),",
				"          MODIFIED_BY = $modified_by) ~> AuditColumns",
				"AuditColumns sink(allowSchemaDrift: true,",
				"     validateSchema: false,",
				"     input(",
				"          SALES_ID as integer,",
				"          CSTCNTR as string,",
				"          STATUS as string,",
				"          ORDNBR as integer,",
				"          CUSTNM as string,",
				"          TYPE as string,",
				"          ORDTYPESK as integer,",
				"          ORDTYPE as string,",
				"          ORDTYPEDESCR as string,",
				"          ORDDT as timestamp,",
				"          CUSTSK as integer,",
				"          CUSTNBR as string,",
				"          DELIVERYADDRNBR as integer,",
				"          INVCUSTNBR as string,",
				"          CUSTREFERENCE as string,",
				"          HANDLERSK as integer,",
				"          HANDLER as string,",
				"          DISCOUNTGRPSK as integer,",
				"          DISCOUNTGRP as string,",
				"          DISCOUNTGRPDESCR as string,",
				"          HOLDORD as string,",
				"          CREDITSTATUS as string,",
				"          TERMSOFPYMTSK as integer,",
				"          TERMSOFPYMT as string,",
				"          TERMSOFPYMTDESCR as string,",
				"          TERMSOFDELIVERYSK as integer,",
				"          TERMSOFDELIVERY as string,",
				"          MANNEROFTRNSPRTSK as integer,",
				"          MANNEROFTRNSPRT as string,",
				"          MANNEROFTRNSPRTDESCR as string,",
				"          FREIGHTFEE as decimal(19,4),",
				"          ADMINISTRATIONFEE as decimal(19,4),",
				"          INVFEE as decimal(19,4),",
				"          WRHSSK as integer,",
				"          WRHSNBR as string,",
				"          DELIVERYTIME as timestamp,",
				"          CUSTGRPSK as integer,",
				"          CUSTGRP as string,",
				"          CUSTGRPDESCR as string,",
				"          ORDVALUE as decimal(19,4),",
				"          ORDSTATUS as integer,",
				"          CUSTSSPLRSORDNBRREFERENCE as string,",
				"          CUSTSORDPONBR as string,",
				"          GOODSMARKING as string,",
				"          HOLDINV as string,",
				"          EDICREATED as string,",
				"          RETURNRSNSK as integer,",
				"          RSNCD as string,",
				"          RSNCDDESCR as string,",
				"          DEBTORNBRSK as integer,",
				"          DEBTORNBR as string,",
				"          TOTALAMTEXCLUDINGVAT as decimal(19,4),",
				"          TOTALTAXAMT as decimal(19,4),",
				"          TOTALAMTINCLUDINGVAT as decimal(19,4),",
				"          ORDCTGRYSK as integer,",
				"          ORDCTGRY as string,",
				"          ORDCTGRYDESCR as string,",
				"          ACCTGRPSK as integer,",
				"          CUSTACCTGRP as string,",
				"          ACCTGRPDESCR as string,",
				"          THIRDPARTYNM as string,",
				"          THIRDPARTYZIPCD as string,",
				"          THIRDPARTYCUSTNBR as string,",
				"          THIRDPARTYCUSTORDNBR as string,",
				"          THIRDPARTYORDREFNBR as string,",
				"          FORM222NBR as string,",
				"          FORM222ISSUEDT as timestamp,",
				"          EDITRADINGPARTNERID as string,",
				"          PROGRAMTYPE as string,",
				"          ORDDT_TIMECDSK as integer,",
				"          DELIVERYTIME_TIMECDSK as integer,",
				"          CREATED_DT as timestamp,",
				"          CREATED_BY as string,",
				"          MODIFIED_DT as timestamp,",
				"          MODIFIED_BY as string,",
				"          ETL_ID as string",
				"     ),",
				"     deletable:false,",
				"     insertable:true,",
				"     updateable:false,",
				"     upsertable:false,",
				"     truncate:true,",
				"     format: 'table',",
				"     skipDuplicateMapInputs: true,",
				"     skipDuplicateMapOutputs: true,",
				"     errorHandlingOption: 'stopOnFirstError',",
				"     mapColumn(",
				"          CSTCNTR,",
				"          STATUS,",
				"          ORDNBR,",
				"          CUSTNM = CUSTNAME,",
				"          TYPE,",
				"          ORDTYPESK,",
				"          ORDTYPE,",
				"          ORDTYPEDESCR,",
				"          ORDDT,",
				"          CUSTSK,",
				"          CUSTNBR,",
				"          DELIVERYADDRNBR,",
				"          INVCUSTNBR,",
				"          CUSTREFERENCE,",
				"          HANDLERSK,",
				"          HANDLER,",
				"          DISCOUNTGRPSK,",
				"          DISCOUNTGRP,",
				"          DISCOUNTGRPDESCR,",
				"          HOLDORD,",
				"          CREDITSTATUS,",
				"          TERMSOFPYMTSK,",
				"          TERMSOFPYMT,",
				"          TERMSOFPYMTDESCR,",
				"          TERMSOFDELIVERYSK,",
				"          TERMSOFDELIVERY,",
				"          MANNEROFTRNSPRTSK,",
				"          MANNEROFTRNSPRT,",
				"          MANNEROFTRNSPRTDESCR,",
				"          FREIGHTFEE,",
				"          ADMINISTRATIONFEE,",
				"          INVFEE,",
				"          WRHSSK,",
				"          WRHSNBR,",
				"          DELIVERYTIME = o_Deliverytime,",
				"          CUSTGRPSK,",
				"          CUSTGRP,",
				"          CUSTGRPDESCR,",
				"          ORDVALUE,",
				"          ORDSTATUS,",
				"          CUSTSSPLRSORDNBRREFERENCE,",
				"          CUSTSORDPONBR,",
				"          GOODSMARKING,",
				"          HOLDINV,",
				"          EDICREATED,",
				"          RETURNRSNSK,",
				"          RSNCD,",
				"          RSNCDDESCR,",
				"          DEBTORNBRSK,",
				"          DEBTORNBR,",
				"          TOTALAMTEXCLUDINGVAT,",
				"          TOTALTAXAMT,",
				"          TOTALAMTINCLUDINGVAT,",
				"          ORDCTGRYSK,",
				"          ORDCTGRY,",
				"          ORDCTGRYDESCR,",
				"          ACCTGRPSK,",
				"          CUSTACCTGRP,",
				"          ACCTGRPDESCR,",
				"          THIRDPARTYNM = THIRDPARTYNAME,",
				"          THIRDPARTYZIPCD,",
				"          THIRDPARTYCUSTNBR,",
				"          THIRDPARTYCUSTORDNBR,",
				"          THIRDPARTYORDREFNBR,",
				"          FORM222NBR,",
				"          FORM222ISSUEDT,",
				"          EDITRADINGPARTNERID,",
				"          PROGRAMTYPE,",
				"          ORDDT_TIMECDSK,",
				"          DELIVERYTIME_TIMECDSK,",
				"          CREATED_DT,",
				"          CREATED_BY,",
				"          MODIFIED_DT,",
				"          MODIFIED_BY,",
				"          ETL_ID = ETl_ID",
				"     )) ~> sink"
			]
		}
	}
}