{
	"name": "df_LOAD_STG_INVOICE_LINE_INNOMAR",
	"properties": {
		"folder": {
			"name": "Informatica_Dataflows"
		},
		"type": "MappingDataFlow",
		"typeProperties": {
			"sources": [
				{
					"dataset": {
						"referenceName": "Invoice_Line_Innomar",
						"type": "DatasetReference"
					},
					"name": "InvoiceInline"
				}
			],
			"sinks": [
				{
					"dataset": {
						"referenceName": "STG_INV_LINE_INNOMAR",
						"type": "DatasetReference"
					},
					"name": "InvoiceLineInnomar"
				}
			],
			"transformations": [
				{
					"name": "AddingAuditColumns"
				}
			],
			"scriptLines": [
				"parameters{",
				"     Created_by as string,",
				"     etl_id as string",
				"}",
				"source(output(",
				"          RCDNBR as string,",
				"          CSTCNTR as string,",
				"          INVNBR as string,",
				"          INVLINENBR as string,",
				"          TYPE as string,",
				"          INVYR as string,",
				"          ORDNBR as string,",
				"          ORDLINENBR as string,",
				"          PRDCTCDSK as string,",
				"          PRDCTCD as string,",
				"          PRDCTCDDESCR as string,",
				"          QTY as string,",
				"          INVDT as string,",
				"          CUSTSK as string,",
				"          CUSTNBR as string,",
				"          INVDQTYSLSUNIT as string,",
				"          UNIT as string,",
				"          DELIVERYDT as string,",
				"          SLSPRICE as string,",
				"          DISCOUNTPERCENTAGE as string,",
				"          DISCOUNTAMT as string,",
				"          AMT as string,",
				"          FREEOFCHARGE as string,",
				"          RETAILPRICE as string,",
				"          TRANTYPE as string,",
				"          COSTPRICE as string,",
				"          PRDCTGRPSK as string,",
				"          PRDCTGRP as string,",
				"          PRDCTACCTGRP as string,",
				"          PRDCTCTGRY1SK as string,",
				"          PRDCTCTGRY1 as string,",
				"          PRDCTCTGRY2SK as string,",
				"          PRDCTCTGRY2 as string,",
				"          PRDCTCTGRY3SK as string,",
				"          PRDCTCTGRY3 as string,",
				"          PRDCTCTGRY4SK as string,",
				"          PRDCTCTGRY4 as string,",
				"          PRDCTCTGRY5SK as string,",
				"          PRDCTCTGRY5 as string,",
				"          PRDCTCTGRY6SK as string,",
				"          PRDCTCTGRY6 as string,",
				"          CUSTGRP as string,",
				"          CUSTACCTGRP as string,",
				"          CUSTCTGRY1SK as string,",
				"          CUSTCTGRY1 as string,",
				"          CUSTCTGRY2SK as string,",
				"          CUSTCTGRY2 as string,",
				"          CUSTCTGRY3SK as string,",
				"          CUSTCTGRY3 as string,",
				"          DISCOUNTGRPSK as string,",
				"          DISCOUNTGRP as string,",
				"          DISCOUNTGRPDESCR as string,",
				"          CNTRY as string,",
				"          AREASK as string,",
				"          AREA as string,",
				"          AREADESCR as string,",
				"          WRHSSK as string,",
				"          WRHSNBR as string,",
				"          ORDTYPESK as string,",
				"          ORDTYPE as string,",
				"          ORDTYPEDESCR as string,",
				"          SPLRNBR as string,",
				"          ORDDISCOUNTPERCENTAGE as string,",
				"          NETPRICE as string,",
				"          REQUESTEDDELIVERYDT as string,",
				"          ACCTINGPERIOD as string,",
				"          INVCUSTNBRSK as string,",
				"          INVCUSTNBR as string,",
				"          PRDCTTYPE as string,",
				"          ORDDT as string,",
				"          NETSLSVALUE as string,",
				"          DEBTORNBRSK as string,",
				"          DEBTORNBR as string,",
				"          TOTALAMT as string,",
				"          DENIALOFCREDITRSNCD as string,",
				"          DENIALOFCREDITRSNCDDESCR as string,",
				"          CUSTORDPONBR as string,",
				"          INVDT_TIMECDSK as string,",
				"          DELIVERYDT_TIMECDSK as string,",
				"          REQUESTEDDELIVERYDT_TIMECDSK as string,",
				"          ORDDT_TIMECDSK as string,",
				"          FIELD82 as string,",
				"          FIELD83 as string,",
				"          FIELD84 as string,",
				"          FIELD85 as string,",
				"          FIELD86 as string,",
				"          FIELD87 as string,",
				"          FIELD88 as string,",
				"          FIELD89 as string",
				"     ),",
				"     allowSchemaDrift: true,",
				"     validateSchema: false,",
				"     ignoreNoFilesFound: false) ~> InvoiceInline",
				"InvoiceInline derive(CREATED_DT = currentDate(),",
				"          CREATED_BY = $Created_by,",
				"          ETL_ID = $etl_id) ~> AddingAuditColumns",
				"AddingAuditColumns sink(allowSchemaDrift: false,",
				"     validateSchema: false,",
				"     input(",
				"          INV_LINE_ID as integer,",
				"          RCDNBR as integer,",
				"          CSTCNTR as string,",
				"          INVNBR as integer,",
				"          INVLINENBR as integer,",
				"          TYPE as integer,",
				"          INVYR as integer,",
				"          ORDNBR as integer,",
				"          ORDLINENBR as integer,",
				"          PRODCDSK as integer,",
				"          PRODCD as string,",
				"          PRODCDDESCR as string,",
				"          QTY as integer,",
				"          INVDT as string,",
				"          CUSTSK as integer,",
				"          CUSTNBR as string,",
				"          INVDQTYSLSUNIT as integer,",
				"          UNIT as string,",
				"          DELIVERYDT as timestamp,",
				"          SLSPRICE as decimal(19,4),",
				"          DISCOUNTPERCENTAGE as integer,",
				"          DISCOUNTAMT as decimal(19,4),",
				"          AMT as decimal(19,4),",
				"          FREEOFCHARGE as string,",
				"          RETAILPRICE as decimal(19,4),",
				"          TRANTYPE as integer,",
				"          COSTPRICE as decimal(19,4),",
				"          PRODGRPSK as integer,",
				"          PRODGRP as string,",
				"          PRODACCTGRP as string,",
				"          PRODCTGRY1SK as integer,",
				"          PRODCTGRY1 as string,",
				"          PRODCTGRY2SK as integer,",
				"          PRODCTGRY2 as string,",
				"          PRODCTGRY3SK as integer,",
				"          PRODCTGRY3 as string,",
				"          PRODCTGRY4SK as integer,",
				"          PRODCTGRY4 as string,",
				"          PRODCTGRY5SK as integer,",
				"          PRODCTGRY5 as string,",
				"          PRODCTGRY6SK as integer,",
				"          PRODCTGRY6 as string,",
				"          CUSTGRP as string,",
				"          CUSTACCTGRP as string,",
				"          CUSTCTGRY1SK as integer,",
				"          CUSTCTGRY1 as string,",
				"          CUSTCTGRY2SK as integer,",
				"          CUSTCTGRY2 as string,",
				"          CUSTCTGRY3SK as integer,",
				"          CUSTCTGRY3 as string,",
				"          DISCOUNTGRPSK as integer,",
				"          DISCOUNTGRP as string,",
				"          DISCOUNTGRPDESCR as string,",
				"          CNTRY as string,",
				"          AREASK as integer,",
				"          AREA as string,",
				"          AREADESCR as string,",
				"          WRHSSK as integer,",
				"          WRHSNBR as string,",
				"          ORDTYPESK as integer,",
				"          ORDTYPE as string,",
				"          ORDTYPEDESCR as string,",
				"          SPLRNBR as string,",
				"          ORDDISCOUNTPERCENTAGE as integer,",
				"          NETPRICE as decimal(19,4),",
				"          REQUESTEDDELIVERYDT as timestamp,",
				"          ACCTINGPERIOD as integer,",
				"          INVCUSTNBRSK as integer,",
				"          INVCUSTNBR as string,",
				"          PRODTYPE as string,",
				"          ORDDT as timestamp,",
				"          NETSLSVALUE as decimal(19,4),",
				"          DEBTORNBRSK as integer,",
				"          DEBTORNBR as string,",
				"          TOTALAMT as decimal(19,4),",
				"          DENIALOFCREDITRSNCD as string,",
				"          DENIALOFCREDITRSNCDDESCR as string,",
				"          CUSTORDPONBR as string,",
				"          INVDT_TIMECDSK as integer,",
				"          DELIVERYDT_TIMECDSK as integer,",
				"          REQUESTEDDELIVERYDT_TIMECDSK as integer,",
				"          ORDDT_TIMECDSK as integer,",
				"          CREATED_DT as timestamp,",
				"          CREATED_BY as string,",
				"          MODIFIED_DT as timestamp,",
				"          MODIFIED_BY as string,",
				"          ETL_ID as string",
				"     ),",
				"     deletable:false,",
				"     insertable:true,",
				"     updateable:false,",
				"     upsertable:false,",
				"     truncate:true,",
				"     format: 'table',",
				"     skipDuplicateMapInputs: true,",
				"     skipDuplicateMapOutputs: true,",
				"     errorHandlingOption: 'stopOnFirstError',",
				"     mapColumn(",
				"          RCDNBR,",
				"          CSTCNTR,",
				"          INVNBR,",
				"          INVLINENBR,",
				"          TYPE,",
				"          INVYR,",
				"          ORDNBR,",
				"          ORDLINENBR,",
				"          PRODCDSK = PRDCTCDSK,",
				"          PRODCD = PRDCTCD,",
				"          PRODCDDESCR = PRDCTCDDESCR,",
				"          QTY,",
				"          INVDT,",
				"          CUSTSK,",
				"          CUSTNBR,",
				"          INVDQTYSLSUNIT,",
				"          UNIT,",
				"          DELIVERYDT,",
				"          SLSPRICE,",
				"          DISCOUNTPERCENTAGE,",
				"          DISCOUNTAMT,",
				"          AMT,",
				"          FREEOFCHARGE,",
				"          RETAILPRICE,",
				"          TRANTYPE,",
				"          COSTPRICE,",
				"          PRODGRPSK = PRDCTGRPSK,",
				"          PRODGRP = PRDCTGRP,",
				"          PRODACCTGRP = PRDCTACCTGRP,",
				"          PRODCTGRY1SK = PRDCTCTGRY1SK,",
				"          PRODCTGRY1 = PRDCTCTGRY1,",
				"          PRODCTGRY2SK = PRDCTCTGRY2SK,",
				"          PRODCTGRY2 = PRDCTCTGRY2,",
				"          PRODCTGRY3SK = PRDCTCTGRY3SK,",
				"          PRODCTGRY3 = PRDCTCTGRY3,",
				"          PRODCTGRY4SK = PRDCTCTGRY4SK,",
				"          PRODCTGRY4 = PRDCTCTGRY4,",
				"          PRODCTGRY5SK = PRDCTCTGRY5SK,",
				"          PRODCTGRY5 = PRDCTCTGRY5,",
				"          PRODCTGRY6SK = PRDCTCTGRY6SK,",
				"          PRODCTGRY6 = PRDCTCTGRY6,",
				"          CUSTGRP,",
				"          CUSTACCTGRP,",
				"          CUSTCTGRY1SK,",
				"          CUSTCTGRY1,",
				"          CUSTCTGRY2SK,",
				"          CUSTCTGRY2,",
				"          CUSTCTGRY3SK,",
				"          CUSTCTGRY3,",
				"          DISCOUNTGRPSK,",
				"          DISCOUNTGRP,",
				"          DISCOUNTGRPDESCR,",
				"          CNTRY,",
				"          AREASK,",
				"          AREA,",
				"          AREADESCR,",
				"          WRHSSK,",
				"          WRHSNBR,",
				"          ORDTYPESK,",
				"          ORDTYPE,",
				"          ORDTYPEDESCR,",
				"          SPLRNBR,",
				"          ORDDISCOUNTPERCENTAGE,",
				"          NETPRICE,",
				"          REQUESTEDDELIVERYDT,",
				"          ACCTINGPERIOD,",
				"          INVCUSTNBRSK,",
				"          INVCUSTNBR,",
				"          PRODTYPE = PRDCTTYPE,",
				"          ORDDT,",
				"          NETSLSVALUE,",
				"          DEBTORNBRSK,",
				"          DEBTORNBR,",
				"          TOTALAMT,",
				"          DENIALOFCREDITRSNCD,",
				"          DENIALOFCREDITRSNCDDESCR,",
				"          CUSTORDPONBR,",
				"          INVDT_TIMECDSK,",
				"          DELIVERYDT_TIMECDSK,",
				"          REQUESTEDDELIVERYDT_TIMECDSK,",
				"          ORDDT_TIMECDSK,",
				"          CREATED_DT,",
				"          CREATED_BY,",
				"          ETL_ID",
				"     )) ~> InvoiceLineInnomar"
			]
		}
	}
}