{
	"name": "df_LOAD_INNOMAR_F_INVOICE",
	"properties": {
		"folder": {
			"name": "Informatica_Dataflows"
		},
		"type": "MappingDataFlow",
		"typeProperties": {
			"sources": [
				{
					"dataset": {
						"referenceName": "Global_DW_Connection",
						"type": "DatasetReference"
					},
					"name": "STGInvoiceData",
					"description": "we are trying to union both stg_invoice and stg_invoice_idac data"
				},
				{
					"dataset": {
						"referenceName": "Global_DW_Connection",
						"type": "DatasetReference"
					},
					"name": "DimDistributor"
				},
				{
					"dataset": {
						"referenceName": "Global_DW_Connection",
						"type": "DatasetReference"
					},
					"name": "DimProduct"
				},
				{
					"dataset": {
						"referenceName": "Global_DW_Connection",
						"type": "DatasetReference"
					},
					"name": "DimCountry"
				},
				{
					"dataset": {
						"referenceName": "Global_DW_Connection",
						"type": "DatasetReference"
					},
					"name": "DimCurrency"
				},
				{
					"dataset": {
						"referenceName": "Global_DW_Connection",
						"type": "DatasetReference"
					},
					"name": "DimDate"
				}
			],
			"sinks": [
				{
					"dataset": {
						"referenceName": "F_INVOICE",
						"type": "DatasetReference"
					},
					"name": "FInvoiceTable"
				}
			],
			"transformations": [
				{
					"name": "DistributorlookUp"
				},
				{
					"name": "ProductLookup"
				},
				{
					"name": "CountryLookup"
				},
				{
					"name": "DimCurrencyLookup"
				},
				{
					"name": "AuditColumn"
				},
				{
					"name": "DimDateLookup"
				}
			],
			"scriptLines": [
				"parameters{",
				"     CREATED_BY as string,",
				"     ETL_ID as string",
				"}",
				"source(output(",
				"          INVNBR as integer,",
				"          INVLINENBR as integer,",
				"          INVDT as string,",
				"          ORDNBR as integer,",
				"          ORDLINENBR as integer,",
				"          CUSTNBR as string,",
				"          CUSTNM as string,",
				"          CUSTCTGRY1 as string,",
				"          INVCUSTNBR as string,",
				"          TERMSOFPYMT as string,",
				"          TERMSOFPYMTDESCR as string,",
				"          TERMSOFDELIVERY as string,",
				"          MANNEROFTRNSPRT as string,",
				"          MANNEROFTRNSPRTDESCR as string,",
				"          ORDDT as string,",
				"          ORDLINESTOTAL as decimal(19,4),",
				"          ORDTOTAL as decimal(19,4),",
				"          INVAMTEXCLUDINGVAT as decimal(19,4),",
				"          INVTAXAMT as decimal(19,4),",
				"          INVAMTINCLUDINGVAT as decimal(19,4),",
				"          INVADJUSTMENTAMT as decimal(19,4),",
				"          DUEDT as string,",
				"          HANDLER as string,",
				"          DEBTORNBR as string,",
				"          REFERENCENBR as integer,",
				"          PRODCD as string,",
				"          PRODCDDESCR as string,",
				"          ORDTYPE as string,",
				"          ORDTYPEDESCR as string,",
				"          SLSPRICE as decimal(19,4),",
				"          INVDQTYSLSUNIT as integer,",
				"          AMT as decimal(19,4),",
				"          RETAILPRICE as decimal(19,4),",
				"          NETPRICE as decimal(19,4),",
				"          FREEOFCHARGE as string,",
				"          WRHSNBR as string,",
				"          PRODCTGRY1 as string,",
				"          HOLDORD as integer,",
				"          ORDCTGRY as string,",
				"          ORDCTGRYDESCR as string,",
				"          CUSTACCTGRP as string,",
				"          ACCTGRPDESCR as string,",
				"          SRC_TYPE as string,",
				"          COUNTRY_CD as string,",
				"          CURRENCY_CD as string,",
				"          CNTRY as string",
				"     ),",
				"     allowSchemaDrift: true,",
				"     validateSchema: false,",
				"     isolationLevel: 'READ_UNCOMMITTED',",
				"     query: 'SELECT\\nL.INVNBR,\\nL.INVLINENBR,\\nFORMAT(CAST( SUBSTRING(L.INVDT, 1, 10) AS DATE),\\'MM/dd/yyyy\\') AS INVDT,\\nL.ORDNBR,\\nL.ORDLINENBR,\\nH.CUSTNBR,\\nH.CUSTNM,\\nL.CUSTCTGRY1,\\nH.INVCUSTNBR,\\nH.TERMSOFPYMT,\\nH.TERMSOFPYMTDESCR,\\nH.TERMSOFDELIVERY,\\nH.MANNEROFTRNSPRT,\\nH.MANNEROFTRNSPRTDESCR,\\nFORMAT(CAST( SUBSTRING(H.ORDDT, 1, 10) AS DATE),\\'MM/dd/yyyy\\') AS ORDDT,\\nH.ORDLINESTOTAL,\\nH.ORDTOTAL,\\nH.INVAMTEXCLUDINGVAT,\\nH.INVTAXAMT,\\nH.INVAMTINCLUDINGVAT,\\nH.INVADJUSTMENTAMT,\\nH.DUEDT,\\nS.HANDLER,\\nL.DEBTORNBR,\\nH.REFERENCENBR,\\ntrim(replace(PRODCD,\\'  R\\',\\'\\')) as PRODCD,\\nL.PRODCDDESCR,\\nL.ORDTYPE,\\nL.ORDTYPEDESCR,\\nL.SLSPRICE,\\nL.INVDQTYSLSUNIT,\\nL.AMT,\\nL.RETAILPRICE,\\nL.NETPRICE,\\nL.FREEOFCHARGE,\\nL.WRHSNBR,\\nL.PRODCTGRY1,\\nnull HOLDORD,\\nS.ORDCTGRY,\\nS.ORDCTGRYDESCR,\\nS.CUSTACCTGRP,\\nS.ACCTGRPDESCR,\\n\\'INNOMAR\\' as SRC_TYPE ,\\n\\'US\\' AS COUNTRY_CD,\\'USD\\' AS CURRENCY_CD,\\nH.CNTRY\\nFROM\\nSTG_INV_LINE_INMR L\\nLEFT JOIN STG_INV_HDR_INMR H ON\\nL.INVNBR = H.INVNBR   \\nLEFT JOIN (select  distinct s.ORDNBR ,\\nS.ORDCTGRY,\\nS.ORDCTGRYDESCR,    \\nS.CUSTACCTGRP,\\nS.ACCTGRPDESCR,S.HANDLER from STG_SLS_ORD_HDR_INMR s )  S ON\\nH.ORDNBR = S.ORDNBR\\n\\n \\n\\n ',",
				"     format: 'query') ~> STGInvoiceData",
				"source(output(",
				"          DISTRIBUTOR_KEY as integer,",
				"          DISTRIBUTOR_ID as string,",
				"          SRC_TYPE as string",
				"     ),",
				"     allowSchemaDrift: true,",
				"     validateSchema: false,",
				"     isolationLevel: 'READ_UNCOMMITTED',",
				"     query: 'select DISTRIBUTOR_KEY , DISTRIBUTOR_ID,SRC_TYPE from d_distributor',",
				"     format: 'query') ~> DimDistributor",
				"source(output(",
				"          PRODUCT_KEY as integer,",
				"          PRODUCT_CD as string,",
				"          SRC_TYPE as string",
				"     ),",
				"     allowSchemaDrift: true,",
				"     validateSchema: false,",
				"     isolationLevel: 'READ_UNCOMMITTED',",
				"     query: 'select PRODUCT_KEY , PRODUCT_CD,SRC_TYPE from d_product',",
				"     format: 'query') ~> DimProduct",
				"source(output(",
				"          COUNTRY_KEY as integer,",
				"          COUNTRY_CD as string",
				"     ),",
				"     allowSchemaDrift: true,",
				"     validateSchema: false,",
				"     isolationLevel: 'READ_UNCOMMITTED',",
				"     query: 'SELECT COUNTRY_KEY , COUNTRY_CD FROM D_COUNTRY',",
				"     format: 'query') ~> DimCountry",
				"source(output(",
				"          CURRENCY_KEY as integer,",
				"          CURRENCY_CODE as string",
				"     ),",
				"     allowSchemaDrift: true,",
				"     validateSchema: false,",
				"     isolationLevel: 'READ_UNCOMMITTED',",
				"     query: 'SELECT CURRENCY_KEY , CURRENCY_CODE FROM D_CURRENCY',",
				"     format: 'query') ~> DimCurrency",
				"source(output(",
				"          date_key as string,",
				"          month_year as string",
				"     ),",
				"     allowSchemaDrift: true,",
				"     validateSchema: false,",
				"     isolationLevel: 'READ_UNCOMMITTED',",
				"     query: 'select FORMAT(date_key, \\'MM/dd/yyyy\\') as date_key,month_year from d_date',",
				"     format: 'query') ~> DimDate",
				"STGInvoiceData, DimDistributor lookup(CUSTCTGRY1 == DISTRIBUTOR_ID",
				"     && STGInvoiceData@SRC_TYPE == DimDistributor@SRC_TYPE,",
				"     multiple: false,",
				"     pickup: 'any',",
				"     broadcast: 'auto')~> DistributorlookUp",
				"DistributorlookUp, DimProduct lookup(PRODCD == PRODUCT_CD",
				"     && STGInvoiceData@SRC_TYPE == DimProduct@SRC_TYPE,",
				"     multiple: false,",
				"     pickup: 'any',",
				"     broadcast: 'auto')~> ProductLookup",
				"ProductLookup, DimCountry lookup(STGInvoiceData@COUNTRY_CD == DimCountry@COUNTRY_CD,",
				"     multiple: false,",
				"     pickup: 'any',",
				"     broadcast: 'auto')~> CountryLookup",
				"CountryLookup, DimCurrency lookup(CURRENCY_CD == CURRENCY_CODE,",
				"     multiple: false,",
				"     pickup: 'any',",
				"     broadcast: 'auto')~> DimCurrencyLookup",
				"DimDateLookup derive(CREATED_DT = currentDate(),",
				"          CREATED_BY = $CREATED_BY,",
				"          ETL_ID = $ETL_ID) ~> AuditColumn",
				"DimCurrencyLookup, DimDate lookup(INVDT == date_key,",
				"     multiple: false,",
				"     pickup: 'any',",
				"     broadcast: 'auto')~> DimDateLookup",
				"AuditColumn sink(allowSchemaDrift: true,",
				"     validateSchema: false,",
				"     input(",
				"          Invoice_Key as integer,",
				"          Distributor_Key as integer,",
				"          Product_Key as integer,",
				"          Invoice_Dt_Key as integer,",
				"          Currency_Key as integer,",
				"          Price_Key as integer,",
				"          Country_Key as integer,",
				"          INVOICE_NUMBER as string,",
				"          INVOICE_LINE_NUMBER as string,",
				"          INVOICE_DATE as date,",
				"          ORDER_NUMBER as decimal(38,2),",
				"          ORDER_LINE_NUMBER as decimal(38,2),",
				"          ORDER_DATE as date,",
				"          ORDER_LINES_TOTAL as decimal(38,2),",
				"          ORDER_TOTAL as decimal(38,2),",
				"          TOTAL_AMOUNT_EXCLUDING_VAT as decimal(38,2),",
				"          TOTAL_TAX_AMOUNT as decimal(38,2),",
				"          TOTAL_AMOUNT_INCLUDING_VAT as decimal(38,2),",
				"          INVOICE_ADJUSTMENT_AMOUNT as decimal(38,2),",
				"          DUE_DATE as date,",
				"          ORDER_TYPE as string,",
				"          ORDER_TYPE_DESCRIPTION as string,",
				"          SALES_PRICE as decimal(38,2),",
				"          QUANTITY as decimal(38,2),",
				"          AMOUNT as decimal(38,2),",
				"          AMOUNT_FILTERED as decimal(38,2),",
				"          RETAIL_PRICE as decimal(38,2),",
				"          NET_PRICE as decimal(38,2),",
				"          ORDER_CATEGORY as string,",
				"          ORDER_CATEGORY_DESCRIPTION as string,",
				"          SRC_SYSTEM as string,",
				"          CREATED_DT as timestamp,",
				"          CREATED_BY as string,",
				"          MODIFIED_DT as timestamp,",
				"          MODIFIED_BY as string,",
				"          ETL_ID as string,",
				"          INCYTE_COUNTRY as string,",
				"          ACT_PRICE as decimal(38,2)",
				"     ),",
				"     deletable:false,",
				"     insertable:true,",
				"     updateable:false,",
				"     upsertable:false,",
				"     format: 'table',",
				"     preSQLs:['Delete  from F_Invoice where INVOICE_DATE >= DATEADD(Day,-5,GETDATE())  and SRC_SYSTEM =\\'ICS\\';\\n\\n \\n\\nDelete  from F_Invoice where INVOICE_DATE >= DATEADD(Day,-5,GETDATE())  and SRC_SYSTEM =\\'ICS_MONJUVI\\';\\n\\n \\n\\nDelete  from F_Invoice where INVOICE_DATE >= DATEADD(Day,-365,GETDATE())  and SRC_SYSTEM =\\'IDAC\\';\\n\\n \\n\\nDelete  from F_Invoice where INVOICE_DATE >= DATEADD(Day,-365,GETDATE())  and SRC_SYSTEM =\\'JPN\\';\\n\\n \\n\\nDelete  from F_Invoice where INVOICE_DATE  >= DATEADD(Day,-365,GETDATE())  and SRC_SYSTEM =\\'REALM\\';'],",
				"     postSQLs:['EXEC dbo.sp_load_d_date;\\n\\n \\n\\nEXEC dbo.sp_Invoice_Daily_with_Distributor;\\n\\n \\n\\nEXEC dbo.sp_Invoice_Daily_FDW;'],",
				"     skipDuplicateMapInputs: true,",
				"     skipDuplicateMapOutputs: true,",
				"     errorHandlingOption: 'stopOnFirstError',",
				"     mapColumn(",
				"          each(match(/* All input columns */ true()),",
				"               /* Input name */ $$ = $$)",
				"     )) ~> FInvoiceTable"
			]
		}
	}
}