{
	"name": "df_LOAD_STG_INVOICE_HDR_ICS",
	"properties": {
		"folder": {
			"name": "Informatica_Dataflows"
		},
		"type": "MappingDataFlow",
		"typeProperties": {
			"sources": [
				{
					"dataset": {
						"referenceName": "Invoice_Header_ICS",
						"type": "DatasetReference"
					},
					"name": "InvoiceHeader",
					"description": "adding invoice header dataset"
				}
			],
			"sinks": [
				{
					"dataset": {
						"referenceName": "STG_INV_HDR_ICS",
						"type": "DatasetReference"
					},
					"name": "Sinking"
				}
			],
			"transformations": [
				{
					"name": "AuditColumn"
				}
			],
			"scriptLines": [
				"parameters{",
				"     Created_by as string,",
				"     etl_id as string,",
				"     Modified_by as string",
				"}",
				"source(output(",
				"          RCDNBR as string,",
				"          CSTCNTR as string,",
				"          INVNBR as string,",
				"          Type as string,",
				"          INVYR as string,",
				"          ORDNBR as string,",
				"          INVDT as string,",
				"          CUSTNBRSK as string,",
				"          CUSTName as string,",
				"          CUSTNBR as string,",
				"          INVCUSTNBRSK as string,",
				"          INVCUSTNBR as string,",
				"          TermsOfPYMTSK as string,",
				"          TermsOfPYMT as string,",
				"          TermsOfPYMTDESCR as string,",
				"          TermsOfDeliverySK as string,",
				"          TermsOfDelivery as string,",
				"          MannerOfTRNSPRTSK as string,",
				"          MannerOfTRNSPRT as string,",
				"          MannerOfTRNSPRTDESCR as string,",
				"          ORDReference as string,",
				"          ORDDT as string,",
				"          ORDLinesTotal as string,",
				"          ORDTotal as string,",
				"          INVAMTExcludingVAT as string,",
				"          INVTaxAMT as string,",
				"          INVAMTIncludingVAT as string,",
				"          INVAdjustmentAMT as string,",
				"          DueDT as string,",
				"          HandlerSK as string,",
				"          Handler as string,",
				"          Goodsmarking as string,",
				"          CUSTsSPLRsORDNBRReference as string,",
				"          CNTRY as string,",
				"          RSNCDSK as string,",
				"          RSNCD as string,",
				"          RSNCDDESCR as string,",
				"          DebtorNBRSK as string,",
				"          DebtorNBR as string,",
				"          ReferenceNBR as string,",
				"          EDITradingPartnerID as string,",
				"          CUSTORDPONBR as string,",
				"          INVDT_TimeCdSK as string,",
				"          ORDDT_TimeCdSK as string,",
				"          DueDT_TimeCdSK as string,",
				"          FIELD46 as string,",
				"          FIELD47 as string,",
				"          FIELD48 as string,",
				"          FIELD49 as string,",
				"          FIELD50 as string,",
				"          FIELD51 as string,",
				"          FIELD52 as string,",
				"          FIELD53 as string",
				"     ),",
				"     allowSchemaDrift: true,",
				"     validateSchema: false,",
				"     ignoreNoFilesFound: false) ~> InvoiceHeader",
				"InvoiceHeader derive(CREATED_DT = currentDate(),",
				"          MODIFIED_DT = currentDate(),",
				"          CREATED_BY = $Created_by,",
				"          ETL_ID = $etl_id,",
				"          MODIFIED_BY = $Modified_by) ~> AuditColumn",
				"AuditColumn sink(allowSchemaDrift: true,",
				"     validateSchema: false,",
				"     deletable:false,",
				"     insertable:true,",
				"     updateable:false,",
				"     upsertable:false,",
				"     truncate:true,",
				"     format: 'table',",
				"     skipDuplicateMapInputs: true,",
				"     skipDuplicateMapOutputs: true,",
				"     errorHandlingOption: 'stopOnFirstError',",
				"     mapColumn(",
				"          RCDNBR,",
				"          CSTCNTR,",
				"          INVNBR,",
				"          Type,",
				"          INVYR,",
				"          ORDNBR,",
				"          INVDT,",
				"          CUSTNBRSK,",
				"          CUSTName,",
				"          CUSTNBR,",
				"          INVCUSTNBRSK,",
				"          INVCUSTNBR,",
				"          TermsOfPYMTSK,",
				"          TermsOfPYMT,",
				"          TermsOfPYMTDESCR,",
				"          TermsOfDeliverySK,",
				"          TermsOfDelivery,",
				"          MannerOfTRNSPRTSK,",
				"          MannerOfTRNSPRT,",
				"          MannerOfTRNSPRTDESCR,",
				"          ORDReference,",
				"          ORDDT,",
				"          ORDLinesTotal,",
				"          ORDTotal,",
				"          INVAMTExcludingVAT,",
				"          INVTaxAMT,",
				"          INVAMTIncludingVAT,",
				"          INVAdjustmentAMT,",
				"          DueDT,",
				"          HandlerSK,",
				"          Handler,",
				"          Goodsmarking,",
				"          CUSTsSPLRsORDNBRReference,",
				"          CNTRY,",
				"          RSNCDSK,",
				"          RSNCD,",
				"          RSNCDDESCR,",
				"          DebtorNBRSK,",
				"          DebtorNBR,",
				"          ReferenceNBR,",
				"          EDITradingPartnerID,",
				"          CUSTORDPONBR,",
				"          INVDT_TimeCdSK,",
				"          ORDDT_TimeCdSK,",
				"          DueDT_TimeCdSK,",
				"          CREATED_DT,",
				"          MODIFIED_DT,",
				"          CREATED_BY,",
				"          ETL_ID,",
				"          MODIFIED_BY",
				"     )) ~> Sinking"
			]
		}
	}
}