{
	"name": "df_LOAD_STG_INVOICE_HDR_INNOMAR",
	"properties": {
		"folder": {
			"name": "Informatica_Dataflows"
		},
		"type": "MappingDataFlow",
		"typeProperties": {
			"sources": [
				{
					"dataset": {
						"referenceName": "Invoice_Header_Innomar",
						"type": "DatasetReference"
					},
					"name": "InvoiceHeader",
					"description": "adding invoice header dataset"
				}
			],
			"sinks": [
				{
					"dataset": {
						"referenceName": "STG_INV_HDR_INMR",
						"type": "DatasetReference"
					},
					"name": "Sinking"
				}
			],
			"transformations": [
				{
					"name": "AuditColumn"
				}
			],
			"scriptLines": [
				"parameters{",
				"     Created_by as string,",
				"     etl_id as string",
				"}",
				"source(output(",
				"          RCDNBR as string,",
				"          CSTCNTR as string,",
				"          INVNBR as string,",
				"          Type as string,",
				"          INVYR as string,",
				"          ORDNBR as string,",
				"          INVDT as string,",
				"          CUSTNBRSK as string,",
				"          CUSTName as string,",
				"          CUSTNBR as string,",
				"          INVCUSTNBRSK as string,",
				"          INVCUSTNBR as string,",
				"          TermsOfPYMTSK as string,",
				"          TermsOfPYMT as string,",
				"          TermsOfPYMTDESCR as string,",
				"          TermsOfDeliverySK as string,",
				"          TermsOfDelivery as string,",
				"          MannerOfTRNSPRTSK as string,",
				"          MannerOfTRNSPRT as string,",
				"          MannerOfTRNSPRTDESCR as string,",
				"          ORDReference as string,",
				"          ORDDT as string,",
				"          ORDLinesTotal as string,",
				"          ORDTotal as string,",
				"          INVAMTExcludingVAT as string,",
				"          INVTaxAMT as string,",
				"          INVAMTIncludingVAT as string,",
				"          INVAdjustmentAMT as string,",
				"          DueDT as string,",
				"          HandlerSK as string,",
				"          Handler as string,",
				"          Goodsmarking as string,",
				"          CUSTsSPLRsORDNBRReference as string,",
				"          CNTRY as string,",
				"          RSNCDSK as string,",
				"          RSNCD as string,",
				"          RSNCDDESCR as string,",
				"          DebtorNBRSK as string,",
				"          DebtorNBR as string,",
				"          ReferenceNBR as string,",
				"          EDITradingPartnerID as string,",
				"          CUSTORDPONBR as string,",
				"          INVDT_TimeCdSK as string,",
				"          ORDDT_TimeCdSK as string,",
				"          DueDT_TimeCdSK as string,",
				"          FIELD46 as string,",
				"          FIELD47 as string,",
				"          FIELD48 as string,",
				"          FIELD49 as string,",
				"          FIELD50 as string,",
				"          FIELD51 as string,",
				"          FIELD52 as string,",
				"          FIELD53 as string",
				"     ),",
				"     allowSchemaDrift: true,",
				"     validateSchema: false,",
				"     ignoreNoFilesFound: false) ~> InvoiceHeader",
				"InvoiceHeader derive(CREATED_DT = currentDate(),",
				"          CREATED_BY = $Created_by,",
				"          ETL_ID = $etl_id) ~> AuditColumn",
				"AuditColumn sink(allowSchemaDrift: true,",
				"     validateSchema: false,",
				"     input(",
				"          inv_hdr_id as integer,",
				"          RCDNBR as integer,",
				"          CSTCNTR as string,",
				"          INVNBR as integer,",
				"          TYPE as integer,",
				"          INVYR as integer,",
				"          ORDNBR as integer,",
				"          INVDT as string,",
				"          CUSTNBRSK as integer,",
				"          CUSTNM as string,",
				"          CUSTNBR as string,",
				"          INVCUSTNBRSK as integer,",
				"          INVCUSTNBR as string,",
				"          TERMSOFPYMTSK as integer,",
				"          TERMSOFPYMT as string,",
				"          TERMSOFPYMTDESCR as string,",
				"          TERMSOFDELIVERYSK as integer,",
				"          TERMSOFDELIVERY as string,",
				"          MANNEROFTRNSPRTSK as integer,",
				"          MANNEROFTRNSPRT as string,",
				"          MANNEROFTRNSPRTDESCR as string,",
				"          ORDREFERENCE as string,",
				"          ORDDT as string,",
				"          ORDLINESTOTAL as decimal(19,4),",
				"          ORDTOTAL as decimal(19,4),",
				"          INVAMTEXCLUDINGVAT as decimal(19,4),",
				"          INVTAXAMT as decimal(19,4),",
				"          INVAMTINCLUDINGVAT as decimal(19,4),",
				"          INVADJUSTMENTAMT as decimal(19,4),",
				"          DUEDT as string,",
				"          HANDLERSK as integer,",
				"          HANDLER as string,",
				"          GOODSMARKING as string,",
				"          CUSTSSPLRSORDNBRREFERENCE as string,",
				"          CNTRY as string,",
				"          RSNCDSK as integer,",
				"          RSNCD as string,",
				"          RSNCDDESCR as string,",
				"          DEBTORNBRSK as integer,",
				"          DEBTORNBR as string,",
				"          REFERENCENBR as integer,",
				"          EDITRADINGPARTNERID as string,",
				"          CUSTORDPONBR as string,",
				"          INVDT_TIMECDSK as integer,",
				"          ORDDT_TIMECDSK as integer,",
				"          DUEDT_TIMECDSK as integer,",
				"          CREATED_DT as timestamp,",
				"          CREATED_BY as string,",
				"          MODIFIED_DT as timestamp,",
				"          MODIFIED_BY as string,",
				"          ETL_ID as string",
				"     ),",
				"     deletable:false,",
				"     insertable:true,",
				"     updateable:false,",
				"     upsertable:false,",
				"     truncate:true,",
				"     format: 'table',",
				"     skipDuplicateMapInputs: true,",
				"     skipDuplicateMapOutputs: true,",
				"     errorHandlingOption: 'stopOnFirstError',",
				"     mapColumn(",
				"          RCDNBR,",
				"          CSTCNTR,",
				"          INVNBR,",
				"          TYPE = Type,",
				"          INVYR,",
				"          ORDNBR,",
				"          INVDT,",
				"          CUSTNBRSK,",
				"          CUSTNM = CUSTName,",
				"          CUSTNBR,",
				"          INVCUSTNBRSK,",
				"          INVCUSTNBR,",
				"          TERMSOFPYMTSK = TermsOfPYMTSK,",
				"          TERMSOFPYMT = TermsOfPYMT,",
				"          TERMSOFPYMTDESCR = TermsOfPYMTDESCR,",
				"          TERMSOFDELIVERYSK = TermsOfDeliverySK,",
				"          TERMSOFDELIVERY = TermsOfDelivery,",
				"          MANNEROFTRNSPRTSK = MannerOfTRNSPRT,",
				"          MANNEROFTRNSPRT = MannerOfTRNSPRT,",
				"          MANNEROFTRNSPRTDESCR = MannerOfTRNSPRTDESCR,",
				"          ORDREFERENCE = ORDReference,",
				"          ORDDT,",
				"          ORDLINESTOTAL = ORDLinesTotal,",
				"          ORDTOTAL = ORDTotal,",
				"          INVAMTEXCLUDINGVAT = INVAMTExcludingVAT,",
				"          INVTAXAMT = INVTaxAMT,",
				"          INVAMTINCLUDINGVAT = INVAMTIncludingVAT,",
				"          INVADJUSTMENTAMT = INVAdjustmentAMT,",
				"          DUEDT = DueDT,",
				"          HANDLERSK = HandlerSK,",
				"          HANDLER = Handler,",
				"          GOODSMARKING = Goodsmarking,",
				"          CUSTSSPLRSORDNBRREFERENCE = CUSTsSPLRsORDNBRReference,",
				"          CNTRY,",
				"          RSNCDSK,",
				"          RSNCD,",
				"          RSNCDDESCR,",
				"          DEBTORNBRSK = DebtorNBRSK,",
				"          DEBTORNBR = DebtorNBR,",
				"          REFERENCENBR = ReferenceNBR,",
				"          EDITRADINGPARTNERID = EDITradingPartnerID,",
				"          CUSTORDPONBR,",
				"          INVDT_TIMECDSK = INVDT_TimeCdSK,",
				"          ORDDT_TIMECDSK = ORDDT_TimeCdSK,",
				"          DUEDT_TIMECDSK = DueDT_TimeCdSK,",
				"          CREATED_DT,",
				"          CREATED_BY,",
				"          ETL_ID",
				"     )) ~> Sinking"
			]
		}
	}
}