{
	"name": "df_LOAD_CREDIT_NOTES",
	"properties": {
		"folder": {
			"name": "Informatica_Dataflows"
		},
		"type": "MappingDataFlow",
		"typeProperties": {
			"sources": [
				{
					"dataset": {
						"referenceName": "Europe_DW_Connection",
						"type": "DatasetReference"
					},
					"name": "SQLFPrices",
					"description": "Add source daaset"
				},
				{
					"dataset": {
						"referenceName": "Europe_DW_Connection",
						"type": "DatasetReference"
					},
					"name": "SQLFPricePI"
				},
				{
					"dataset": {
						"referenceName": "Europe_DW_Connection",
						"type": "DatasetReference"
					},
					"name": "OTCorrection"
				},
				{
					"dataset": {
						"referenceName": "Europe_DW_Connection",
						"type": "DatasetReference"
					},
					"name": "CreditNotes"
				},
				{
					"dataset": {
						"referenceName": "Global_DW_Connection",
						"type": "DatasetReference"
					},
					"name": "MaxID"
				},
				{
					"dataset": {
						"referenceName": "Europe_DW_Connection",
						"type": "DatasetReference"
					},
					"name": "ParallelImportTerr"
				}
			],
			"sinks": [
				{
					"dataset": {
						"referenceName": "F_PRICES_OT",
						"type": "DatasetReference"
					},
					"name": "FPricesOT"
				},
				{
					"dataset": {
						"referenceName": "F_PRICES_PI",
						"type": "DatasetReference"
					},
					"name": "FPricesPI"
				},
				{
					"dataset": {
						"referenceName": "OT_CORRECTION",
						"type": "DatasetReference"
					},
					"name": "GlobalOTCorrection"
				},
				{
					"dataset": {
						"referenceName": "Credit_Notes",
						"type": "DatasetReference"
					},
					"name": "CreditNotesSink"
				},
				{
					"dataset": {
						"referenceName": "PARALLEL_IMPORT_TERR",
						"type": "DatasetReference"
					},
					"name": "ParallelImportTerrGLoabl"
				}
			],
			"transformations": [
				{
					"name": "joiningID"
				},
				{
					"name": "SurrogateKey"
				},
				{
					"name": "derivedColumns"
				}
			],
			"scriptLines": [
				"source(output(",
				"          PRICE_KEY as integer,",
				"          MONTH_YR as string,",
				"          SKU as string,",
				"          COUNTRY_CD as string,",
				"          INCY_COUNTRY_CD as string,",
				"          PRICE as decimal(38,12),",
				"          CREATED_DT as timestamp,",
				"          CREATED_BY as string,",
				"          MODIFIED_DT as timestamp,",
				"          MODIFIED_BY as string,",
				"          ETL_ID as string,",
				"          BRAND as string,",
				"          ACT_PRICE as decimal(38,12)",
				"     ),",
				"     allowSchemaDrift: true,",
				"     validateSchema: false,",
				"     isolationLevel: 'READ_UNCOMMITTED',",
				"     query: 'select FP.PRICE_KEY,\\nFP.MONTH_YR,\\nFP.SKU,\\nFP.COUNTRY_CD,\\nFP.INCY_COUNTRY_CD,\\nFP.PRICE,\\nFP.CREATED_DT,\\nFP.CREATED_BY,\\nFP.MODIFIED_DT,\\nFP.MODIFIED_BY,\\nFP.ETL_ID,\\nFP.BRAND ,fpa.PRICE ACT_PRICE from F_PRICES fp\\nleft outer join F_PRICES_ACT fpa\\non(fp.MONTH_YR=fpa.MONTH_YR\\n and fp.SKU=fpa.SKU\\nand fp.INCY_COUNTRY_CD=fpa.INCY_COUNTRY_CD)\\nWHERE\\nFP.COUNTRY_CD = \\'OT\\'',",
				"     format: 'query') ~> SQLFPrices",
				"source(output(",
				"          PRICE_KEY as integer,",
				"          MONTH_YR as string,",
				"          SKU as string,",
				"          COUNTRY_CD as string,",
				"          INCY_COUNTRY_CD as string,",
				"          PRICE as decimal(38,12),",
				"          CREATED_DT as timestamp,",
				"          CREATED_BY as string,",
				"          MODIFIED_DT as timestamp,",
				"          MODIFIED_BY as string,",
				"          ETL_ID as string,",
				"          BRAND as string,",
				"          PRICE_ACT as decimal(38,12)",
				"     ),",
				"     allowSchemaDrift: true,",
				"     validateSchema: false,",
				"     isolationLevel: 'READ_UNCOMMITTED',",
				"     query: 'SELECT\\nPI.PRICE_KEY,\\nPI.MONTH_YR,\\nPI.SKU,\\nPI.COUNTRY_CD,\\nPI.INCY_COUNTRY_CD,\\nPI.PRICE,\\nPI.CREATED_DT,\\nPI.CREATED_BY,\\nPI.MODIFIED_DT,\\nPI.MODIFIED_BY,\\nPI.ETL_ID,\\nPI.BRAND,\\npiact.PRICE as PRICE_ACT\\n\\nFROM\\nF_PRICES_PI PI left outer join F_PRICES_ACT_PI piact\\non (pi.month_yr=piact.MONTH_YR\\n    and pi.sku=piact.SKU\\n    and pi.incy_country_cd=piact.INCY_COUNTRY_CD)',",
				"     format: 'query') ~> SQLFPricePI",
				"source(output(",
				"          Country as string,",
				"          Territory as string,",
				"          ShipDate as date,",
				"          SKU as string,",
				"          brand as string,",
				"          Bottles as string",
				"     ),",
				"     allowSchemaDrift: true,",
				"     validateSchema: false,",
				"     isolationLevel: 'READ_UNCOMMITTED',",
				"     query: 'select * from ot_correction',",
				"     format: 'query') ~> OTCorrection",
				"source(output(",
				"          COUNTRY as string,",
				"          YearNumber as integer,",
				"          MONTH_CODE as integer,",
				"          SKU as string,",
				"          CREDIT_NOTE as decimal(38,5),",
				"          CREATED_DT as timestamp,",
				"          CREATED_BY as string,",
				"          MODIFIED_DT as timestamp,",
				"          MODIFIED_BY as string,",
				"          ID as integer,",
				"          FLAG as string,",
				"          Brand as string,",
				"          Credit_Note_ACT as decimal(38,5)",
				"     ),",
				"     allowSchemaDrift: true,",
				"     validateSchema: false,",
				"     isolationLevel: 'READ_UNCOMMITTED',",
				"     query: 'select * from credit_notes',",
				"     format: 'query') ~> CreditNotes",
				"source(output(",
				"          maxID as integer",
				"     ),",
				"     allowSchemaDrift: true,",
				"     validateSchema: false,",
				"     isolationLevel: 'READ_UNCOMMITTED',",
				"     query: 'select max(id) as maxID from credit_notes',",
				"     format: 'query') ~> MaxID",
				"source(output(",
				"          COUNTRY as string,",
				"          Territory as string,",
				"          Month_Yr as string,",
				"          SKU as string,",
				"          Actuals as decimal(38,2),",
				"          Targets as decimal(38,2),",
				"          Actuals_LY as decimal(38,2),",
				"          CREATED_DT as timestamp,",
				"          CREATED_BY as string,",
				"          MODIFIED_DT as timestamp,",
				"          MODIFIED_BY as string,",
				"          ID as integer,",
				"          Brand as string",
				"     ),",
				"     allowSchemaDrift: true,",
				"     validateSchema: false,",
				"     isolationLevel: 'READ_UNCOMMITTED',",
				"     query: 'select * from parallel_import_terr',",
				"     format: 'query') ~> ParallelImportTerr",
				"CreditNotes, MaxID join(1==1,",
				"     joinType:'cross',",
				"     matchType:'exact',",
				"     ignoreSpaces: false,",
				"     broadcast: 'auto')~> joiningID",
				"joiningID keyGenerate(output(SurrogateKey as long),",
				"     startAt: 1L,",
				"     stepValue: 1L) ~> SurrogateKey",
				"SurrogateKey derive(FLAG = rtrim(ltrim(FLAG)),",
				"          ID = toInteger(maxID + SurrogateKey)) ~> derivedColumns",
				"SQLFPrices sink(allowSchemaDrift: true,",
				"     validateSchema: false,",
				"     input(",
				"          PRICE_KEY as integer,",
				"          MONTH_YR as string,",
				"          SKU as string,",
				"          COUNTRY_CD as string,",
				"          INCY_COUNTRY_CD as string,",
				"          PRICE as decimal(38,12),",
				"          BRAND as string,",
				"          CREATED_DT as timestamp,",
				"          CREATED_BY as string,",
				"          MODIFIED_DT as timestamp,",
				"          MODIFIED_BY as string,",
				"          ETL_ID as string,",
				"          PRICE_ACT as decimal(38,12)",
				"     ),",
				"     deletable:false,",
				"     insertable:true,",
				"     updateable:false,",
				"     upsertable:false,",
				"     truncate:true,",
				"     format: 'table',",
				"     skipDuplicateMapInputs: true,",
				"     skipDuplicateMapOutputs: true,",
				"     errorHandlingOption: 'stopOnFirstError') ~> FPricesOT",
				"SQLFPricePI sink(allowSchemaDrift: true,",
				"     validateSchema: false,",
				"     input(",
				"          PRICE_KEY as integer,",
				"          MONTH_YR as string,",
				"          SKU as string,",
				"          COUNTRY_CD as string,",
				"          INCY_COUNTRY_CD as string,",
				"          PRICE as decimal(38,12),",
				"          CREATED_DT as timestamp,",
				"          CREATED_BY as string,",
				"          MODIFIED_DT as timestamp,",
				"          MODIFIED_BY as string,",
				"          ETL_ID as string,",
				"          BRAND as string,",
				"          PRICE_ACT as decimal(38,12)",
				"     ),",
				"     deletable:false,",
				"     insertable:true,",
				"     updateable:false,",
				"     upsertable:false,",
				"     truncate:true,",
				"     format: 'table',",
				"     skipDuplicateMapInputs: true,",
				"     skipDuplicateMapOutputs: true,",
				"     errorHandlingOption: 'stopOnFirstError',",
				"     mapColumn(",
				"          PRICE_KEY,",
				"          MONTH_YR,",
				"          SKU,",
				"          COUNTRY_CD,",
				"          INCY_COUNTRY_CD,",
				"          PRICE,",
				"          CREATED_DT,",
				"          CREATED_BY,",
				"          MODIFIED_DT,",
				"          MODIFIED_BY,",
				"          ETL_ID,",
				"          BRAND,",
				"          PRICE_ACT",
				"     )) ~> FPricesPI",
				"OTCorrection sink(allowSchemaDrift: true,",
				"     validateSchema: false,",
				"     input(",
				"          Country as string,",
				"          Territory as string,",
				"          ShipDate as date,",
				"          SKU as string,",
				"          brand as string,",
				"          Bottles as string",
				"     ),",
				"     deletable:false,",
				"     insertable:true,",
				"     updateable:false,",
				"     upsertable:false,",
				"     truncate:true,",
				"     format: 'table',",
				"     skipDuplicateMapInputs: true,",
				"     skipDuplicateMapOutputs: true,",
				"     errorHandlingOption: 'stopOnFirstError') ~> GlobalOTCorrection",
				"derivedColumns sink(allowSchemaDrift: true,",
				"     validateSchema: false,",
				"     input(",
				"          COUNTRY as string,",
				"          YearNumber as integer,",
				"          MONTH_CODE as integer,",
				"          SKU as string,",
				"          CREDIT_NOTE as decimal(38,5),",
				"          CREATED_DT as timestamp,",
				"          CREATED_BY as string,",
				"          MODIFIED_DT as timestamp,",
				"          MODIFIED_BY as string,",
				"          ID as integer,",
				"          FLAG as string,",
				"          Brand as string,",
				"          Credit_Note_Act as decimal(38,5)",
				"     ),",
				"     deletable:false,",
				"     insertable:true,",
				"     updateable:false,",
				"     upsertable:false,",
				"     format: 'table',",
				"     skipDuplicateMapInputs: true,",
				"     skipDuplicateMapOutputs: true,",
				"     errorHandlingOption: 'stopOnFirstError',",
				"     mapColumn(",
				"          COUNTRY,",
				"          YearNumber,",
				"          MONTH_CODE,",
				"          SKU,",
				"          CREDIT_NOTE,",
				"          CREATED_DT,",
				"          CREATED_BY,",
				"          MODIFIED_DT,",
				"          MODIFIED_BY,",
				"          ID,",
				"          FLAG,",
				"          Brand,",
				"          Credit_Note_Act = Credit_Note_ACT",
				"     )) ~> CreditNotesSink",
				"ParallelImportTerr sink(allowSchemaDrift: true,",
				"     validateSchema: false,",
				"     input(",
				"          COUNTRY as string,",
				"          Territory as string,",
				"          Month_Yr as string,",
				"          SKU as string,",
				"          Actuals as decimal(38,2),",
				"          Targets as decimal(38,2),",
				"          Actuals_LY as decimal(38,2),",
				"          CREATED_DT as timestamp,",
				"          CREATED_BY as string,",
				"          MODIFIED_DT as timestamp,",
				"          MODIFIED_BY as string,",
				"          ID as integer",
				"     ),",
				"     deletable:false,",
				"     insertable:true,",
				"     updateable:false,",
				"     upsertable:false,",
				"     truncate:true,",
				"     format: 'table',",
				"     skipDuplicateMapInputs: true,",
				"     skipDuplicateMapOutputs: true,",
				"     errorHandlingOption: 'stopOnFirstError',",
				"     mapColumn(",
				"          COUNTRY,",
				"          Territory,",
				"          Month_Yr,",
				"          SKU,",
				"          Actuals,",
				"          Targets,",
				"          Actuals_LY,",
				"          CREATED_DT,",
				"          CREATED_BY,",
				"          MODIFIED_DT,",
				"          MODIFIED_BY",
				"     )) ~> ParallelImportTerrGLoabl"
			]
		}
	}
}