{
	"name": "df_LOAD_STG_PRODUCT_ICS",
	"properties": {
		"folder": {
			"name": "Informatica_Dataflows"
		},
		"type": "MappingDataFlow",
		"typeProperties": {
			"sources": [
				{
					"dataset": {
						"referenceName": "ICS_Product_master",
						"type": "DatasetReference"
					},
					"name": "ProductMaster"
				}
			],
			"sinks": [
				{
					"dataset": {
						"referenceName": "STG_Product_ICS",
						"type": "DatasetReference"
					},
					"name": "StgProductICS"
				}
			],
			"transformations": [
				{
					"name": "auditcolumns"
				}
			],
			"scriptLines": [
				"parameters{",
				"     CREATED_BY as string ('test'),",
				"     ETL_ID as string",
				"}",
				"source(output(",
				"          CSTCNTR as string,",
				"          MPRDCTSK as string,",
				"          Status as string,",
				"          PRDCTCD as string,",
				"          ShortNBR as string,",
				"          DESCR as string,",
				"          Internalname as string,",
				"          PRDCTtype as string,",
				"          CommodityCD as string,",
				"          PRDCTGRP as string,",
				"          ACCTGRP as string,",
				"          PRDCTCTGRY1 as string,",
				"          PRDCTCTGRY2 as string,",
				"          PRDCTCTGRY3 as string,",
				"          FictitiousPRDCT as string,",
				"          Timeaxis as string,",
				"          Lot as string,",
				"          SerialNBRtracking as string,",
				"          CreationDT as string,",
				"          Stockunit as string,",
				"          MainSPLRNBR as string,",
				"          DefaultSLSunit as string,",
				"          LSTpurchasecost as string,",
				"          Averagepurchasecost as string,",
				"          Standardcost as string,",
				"          Userdefinednumericfield1 as string,",
				"          Userdefinednumericfield2 as string,",
				"          Userdefinedalphafield1 as string,",
				"          Userdefinedalphafield2 as string,",
				"          Lotsecuritydays as string,",
				"          SellByDTFLG as string,",
				"          Goodstype as string,",
				"          ShipmentGRP as string,",
				"          ItemSegment04 as string,",
				"          FIELD35 as string,",
				"          FIELD36 as string,",
				"          FIELD37 as string,",
				"          FIELD38 as string,",
				"          FIELD39 as string,",
				"          FIELD40 as string,",
				"          FIELD41 as string,",
				"          FIELD42 as string",
				"     ),",
				"     allowSchemaDrift: true,",
				"     validateSchema: false,",
				"     ignoreNoFilesFound: false) ~> ProductMaster",
				"ProductMaster derive(CREATED_DT = currentTimestamp(),",
				"          CREATED_BY = $CREATED_BY,",
				"          ETL_ID = $ETL_ID) ~> auditcolumns",
				"auditcolumns sink(allowSchemaDrift: true,",
				"     validateSchema: false,",
				"     input(",
				"          PRDCT_KEY as integer,",
				"          PRDCT_CD as string,",
				"          DESCR as string,",
				"          PRDCT_INTERNAL_NM as string,",
				"          PRDCTtype as string,",
				"          CommodityCD as string,",
				"          PRDCTCTGRY1 as string,",
				"          CREATED_DT as timestamp,",
				"          CREATED_BY as string,",
				"          MODIFIED_DT as timestamp,",
				"          MODIFIED_BY as string,",
				"          ETL_ID as string",
				"     ),",
				"     deletable:false,",
				"     insertable:true,",
				"     updateable:false,",
				"     upsertable:false,",
				"     truncate:true,",
				"     format: 'table',",
				"     skipDuplicateMapInputs: true,",
				"     skipDuplicateMapOutputs: true,",
				"     errorHandlingOption: 'stopOnFirstError',",
				"     mapColumn(",
				"          PRDCT_CD = PRDCTCD,",
				"          DESCR,",
				"          PRDCT_INTERNAL_NM = Internalname,",
				"          PRDCTtype,",
				"          CommodityCD,",
				"          PRDCTCTGRY1,",
				"          CREATED_DT,",
				"          CREATED_BY,",
				"          ETL_ID",
				"     )) ~> StgProductICS"
			]
		}
	}
}