{
	"name": "df_LOAD_STG_DISTRIBUTOR_IDAC",
	"properties": {
		"folder": {
			"name": "Informatica_Dataflows"
		},
		"type": "MappingDataFlow",
		"typeProperties": {
			"sources": [
				{
					"dataset": {
						"referenceName": "Europe_DW_Connection",
						"type": "DatasetReference"
					},
					"name": "DimAccount"
				}
			],
			"sinks": [
				{
					"dataset": {
						"referenceName": "stg_distributor_IDAC",
						"type": "DatasetReference"
					},
					"name": "StgDistributorIDAC"
				}
			],
			"transformations": [
				{
					"name": "Auditcolumns"
				}
			],
			"scriptLines": [
				"parameters{",
				"     Created_BY as string ('test'),",
				"     ETL_ID as string",
				"}",
				"source(output(",
				"          ACCOUNT_KEY as integer,",
				"          VENDOR_ID as string,",
				"          ACCOUNT_ID as string,",
				"          ACCOUNT_NAME as string,",
				"          ADDRESS as string,",
				"          CITY as string,",
				"          COUNTRY as string,",
				"          POSTAL_CODE as string,",
				"          PHONE_NUMBER as string,",
				"          FAX as string,",
				"          ACCOUNT_TYPE as string",
				"     ),",
				"     allowSchemaDrift: true,",
				"     validateSchema: false,",
				"     isolationLevel: 'READ_UNCOMMITTED',",
				"     query: 'SELECT D_ACCOUNT.ACCOUNT_KEY, D_ACCOUNT.VENDOR_ID, D_ACCOUNT.ACCOUNT_ID, D_ACCOUNT.ACCOUNT_NAME, D_ACCOUNT.ADDRESS, D_ACCOUNT.CITY, D_ACCOUNT.COUNTRY, D_ACCOUNT.POSTAL_CODE, D_ACCOUNT.PHONE_NUMBER, D_ACCOUNT.FAX, D_ACCOUNT.ACCOUNT_TYPE\\nFROM\\n D_ACCOUNT\\nwhere\\ncountry in (\\'BG\\',\\'CZ\\',\\'HU\\',\\'PL\\',\\'RO\\',\\'RU\\',\\'SK\\',\\'CY\\',\\'HR\\',\\'MT\\',\\'SL\\',\\'GR\\',\\'IL\\',\\'TR\\')',",
				"     format: 'query') ~> DimAccount",
				"DimAccount derive(CREATED_DT = currentTimestamp(),",
				"          CREATED_BY = $Created_BY,",
				"          ETL_ID = $ETL_ID) ~> Auditcolumns",
				"Auditcolumns sink(allowSchemaDrift: true,",
				"     validateSchema: false,",
				"     input(",
				"          ACCOUNT_KEY as integer,",
				"          VENDOR_ID as string,",
				"          ACCOUNT_ID as string,",
				"          ACCOUNT_NAME as string,",
				"          ADDRESS as string,",
				"          CITY as string,",
				"          COUNTRY as string,",
				"          POSTAL_CODE as string,",
				"          PHONE_NUMBER as string,",
				"          FAX as string,",
				"          ACCOUNT_TYPE as string,",
				"          CREATED_DT as timestamp,",
				"          CREATED_BY as string,",
				"          MODIFIED_DT as timestamp,",
				"          MODIFIED_BY as string,",
				"          ETL_ID as integer,",
				"          Address_Line1 as string,",
				"          Address_Line2 as string,",
				"          Address_Line3 as string",
				"     ),",
				"     deletable:false,",
				"     insertable:true,",
				"     updateable:false,",
				"     upsertable:false,",
				"     truncate:true,",
				"     format: 'table',",
				"     skipDuplicateMapInputs: true,",
				"     skipDuplicateMapOutputs: true,",
				"     errorHandlingOption: 'stopOnFirstError',",
				"     mapColumn(",
				"          ACCOUNT_KEY,",
				"          VENDOR_ID,",
				"          ACCOUNT_ID,",
				"          ACCOUNT_NAME,",
				"          ADDRESS,",
				"          CITY,",
				"          COUNTRY,",
				"          POSTAL_CODE,",
				"          PHONE_NUMBER,",
				"          FAX,",
				"          ACCOUNT_TYPE,",
				"          CREATED_DT,",
				"          CREATED_BY,",
				"          ETL_ID",
				"     )) ~> StgDistributorIDAC"
			]
		}
	}
}