{
	"name": "df_LOAD_STG_INVOICE_IDAC",
	"properties": {
		"folder": {
			"name": "Informatica_Dataflows"
		},
		"type": "MappingDataFlow",
		"typeProperties": {
			"sources": [
				{
					"dataset": {
						"referenceName": "Europe_DW_Connection",
						"type": "DatasetReference"
					},
					"name": "FInvoiceIDAC"
				}
			],
			"sinks": [
				{
					"dataset": {
						"referenceName": "STG_INVOICE_IDAC",
						"type": "DatasetReference"
					},
					"name": "STGInvoiceIDAC"
				}
			],
			"transformations": [],
			"scriptLines": [
				"source(output(",
				"          INVOICE_KEY as integer,",
				"          VENDOR_ID as string,",
				"          ACCOUNT_ID as string,",
				"          SKU_ID as string,",
				"          CURRENCY_CODE as string,",
				"          country_cd as string,",
				"          PRICE as decimal(38,12),",
				"          ACT_PRICE as decimal(38,12),",
				"          TERRITORY_CD as string,",
				"          TERR_DISPLAY as string,",
				"          BRICK_CD as string,",
				"          BRICK_NAME as string,",
				"          INCYTE_COUNTRY as string,",
				"          SITE_ID as string,",
				"          INVOICE_DT as timestamp,",
				"          INVOICE_ID as string,",
				"          ORDER_ID as string,",
				"          ORDER_DT as timestamp,",
				"          LINE_NBR as string,",
				"          QTY_ORDERED as integer,",
				"          QTY_SHIPPED as integer,",
				"          UOM as string,",
				"          CONVERSION_FACTOR as decimal(38,2),",
				"          LINE_AMT as decimal(38,2),",
				"          VAT as decimal(38,2),",
				"          VAT_RATE as decimal(38,2),",
				"          UNIT_PRICE as decimal(38,2),",
				"          SALE_TYPE as string,",
				"          CREDIT_REASON_CD as string,",
				"          CREDIT_SUB_REASON as string,",
				"          DELIVERY_NBR as string,",
				"          BATCH_CD as string,",
				"          EXPIRY_DT as string,",
				"          CREATED_DT as timestamp,",
				"          CREATED_BY as string,",
				"          MODIFIED_DT as timestamp,",
				"          MODIFIED_BY as string,",
				"          ETL_ID as string",
				"     ),",
				"     allowSchemaDrift: true,",
				"     validateSchema: false,",
				"     isolationLevel: 'READ_UNCOMMITTED',",
				"     query: 'SELECT\\nfi.INVOICE_KEY,\\nda.VENDOR_ID ,\\nda.ACCOUNT_ID ,\\ndp.SKU_ID ,\\ndc.CURRENCY_CODE ,\\ncase when  dc2.COUNTRY_CD is null then (case when INCYTE_COUNTRY =\\'CEE\\' then \\'SK\\' when INCYTE_COUNTRY =\\'BLX\\' then \\'BE\\' else INCYTE_COUNTRY end )\\nelse dc2.COUNTRY_CD end as country_cd,\\nfp.PRICE ,\\nfp.ACT_PRICE,\\nfi.TERRITORY_CD,\\nfi.TERR_DISPLAY,\\nfi.BRICK_CD,\\nfi.BRICK_NAME,\\nfi.INCYTE_COUNTRY,\\nfi.SITE_ID,\\nfi.INVOICE_DT,\\nfi.INVOICE_ID,\\nfi.ORDER_ID,\\nfi.ORDER_DT,\\nfi.LINE_NBR,\\nfi.QTY_ORDERED,\\nfi.QTY_SHIPPED,\\nfi.UOM,\\nfi.CONVERSION_FACTOR,\\nfi.LINE_AMT,\\nfi.VAT,\\nfi.VAT_RATE,\\nfi.UNIT_PRICE,\\nfi.SALE_TYPE,\\nfi.CREDIT_REASON_CD,\\nfi.CREDIT_SUB_REASON,\\nfi.DELIVERY_NBR,\\nfi.BATCH_CD,\\nfi.EXPIRY_DT,\\nfi.CREATED_DT,\\nfi.CREATED_BY,\\nfi.MODIFIED_DT,\\nfi.MODIFIED_BY,\\nfi.ETL_ID\\n\\nFROM\\nF_INVOICE fi  LEFT OUTER JOIN  D_ACCOUNT da \\nON (fi.ACCOUNT_KEY=da.ACCOUNT_KEY  )\\nleft outer join D_PRODUCT dp\\non (fi.PRODUCT_KEY=dp.PRODUCT_KEY)\\nleft outer join D_CURRENCY dc\\non (fi.CURRENCY_KEY=dc.CURRENCY_KEY)\\nleft outer join D_COUNTRY dc2\\non (fi.COUNTRY_KEY=dc2.COUNTRY_KEY)\\nleft outer join (select fp.PRICE_KEY ,fp.PRICE ,fpa.PRICE ACT_PRICE from F_PRICES fp\\nleft outer join (select fpa.MONTH_YR, fpa.SKU, fpa.PRICE, case when fpa.INCY_COUNTRY_CD = \\'GB\\' then \\'UK\\' else fpa.INCY_COUNTRY_CD end as INCY_COUNTRY_CD from F_PRICES_ACT fpa) fpa\\non(fp.MONTH_YR=fpa.MONTH_YR\\n and fp.SKU=fpa.SKU\\nand fp.INCY_COUNTRY_CD=fpa.INCY_COUNTRY_CD) )fp\\non (fi.PRICE_KEY=fp.PRICE_KEY)\\n\\n ',",
				"     format: 'query') ~> FInvoiceIDAC",
				"FInvoiceIDAC sink(allowSchemaDrift: true,",
				"     validateSchema: false,",
				"     deletable:false,",
				"     insertable:true,",
				"     updateable:false,",
				"     upsertable:false,",
				"     truncate:true,",
				"     format: 'table',",
				"     skipDuplicateMapInputs: true,",
				"     skipDuplicateMapOutputs: true,",
				"     errorHandlingOption: 'stopOnFirstError',",
				"     mapColumn(",
				"          INVOICE_KEY,",
				"          VENDOR_ID,",
				"          ACCOUNT_ID,",
				"          SKU_ID,",
				"          CURRENCY_CODE,",
				"          country_cd,",
				"          PRICE,",
				"          ACT_PRICE,",
				"          TERRITORY_CD,",
				"          TERR_DISPLAY,",
				"          BRICK_CD,",
				"          BRICK_NAME,",
				"          INCYTE_COUNTRY,",
				"          SITE_ID,",
				"          INVOICE_DT,",
				"          INVOICE_ID,",
				"          ORDER_ID,",
				"          ORDER_DT,",
				"          LINE_NBR,",
				"          QTY_ORDERED,",
				"          QTY_SHIPPED,",
				"          UOM,",
				"          CONVERSION_FACTOR,",
				"          LINE_AMT,",
				"          VAT,",
				"          VAT_RATE,",
				"          UNIT_PRICE,",
				"          SALE_TYPE,",
				"          CREDIT_REASON_CD,",
				"          CREDIT_SUB_REASON,",
				"          DELIVERY_NBR,",
				"          BATCH_CD,",
				"          EXPIRY_DT,",
				"          CREATED_DT,",
				"          CREATED_BY,",
				"          MODIFIED_DT,",
				"          MODIFIED_BY,",
				"          ETL_ID",
				"     )) ~> STGInvoiceIDAC"
			]
		}
	}
}