{
	"name": "df_LOAD_STG_SLS_ORD_HRD_INNOMAR",
	"properties": {
		"folder": {
			"name": "Informatica_Dataflows"
		},
		"type": "MappingDataFlow",
		"typeProperties": {
			"sources": [
				{
					"dataset": {
						"referenceName": "Sales_Order_Header_Innomar",
						"type": "DatasetReference"
					},
					"name": "SalesOrderHeader"
				}
			],
			"sinks": [
				{
					"dataset": {
						"referenceName": "STG_SLS_ORD_HRD_INNOMAR",
						"type": "DatasetReference"
					},
					"name": "sink"
				}
			],
			"transformations": [
				{
					"name": "AuditColumns"
				}
			],
			"scriptLines": [
				"parameters{",
				"     created_by as string,",
				"     etl_id as string",
				"}",
				"source(output(",
				"          CSTCNTR as string,",
				"          Status as string,",
				"          ORDNBR as string,",
				"          CUSTName as string,",
				"          Type as string,",
				"          ORDTypeSK as string,",
				"          ORDtype as string,",
				"          ORDtypeDESCR as string,",
				"          ORDDT as string,",
				"          CUSTSK as string,",
				"          CUSTNBR as string,",
				"          DeliveryADDRNBR as string,",
				"          INVCUSTNBR as string,",
				"          CUSTreference as string,",
				"          HandlerSK as string,",
				"          Handler as string,",
				"          DiscountGRPSK as string,",
				"          DiscountGRP as string,",
				"          DiscountGRPDESCR as string,",
				"          HoldORD as string,",
				"          Creditstatus as string,",
				"          TermsOfPYMTSK as string,",
				"          TermsofPYMT as string,",
				"          TermsofPYMTDESCR as string,",
				"          TermsOfDeliverySK as string,",
				"          TermsOfDelivery as string,",
				"          MannerOfTRNSPRTSK as string,",
				"          MannerofTRNSPRT as string,",
				"          MannerofTRNSPRTDESCR as string,",
				"          Freightfee as string,",
				"          Administrationfee as string,",
				"          INVfee as string,",
				"          WRHSSK as string,",
				"          WRHSNBR as string,",
				"          Deliverytime as string,",
				"          CUSTGRPSK as string,",
				"          CUSTGRP as string,",
				"          CUSTGRPDESCR as string,",
				"          ORDvalue as string,",
				"          ORDstatus as string,",
				"          CUSTsSPLRsORDNBRReference as string,",
				"          CUSTsORDPONBR as string,",
				"          Goodsmarking as string,",
				"          HoldINV as string,",
				"          EDIcreated as string,",
				"          ReturnRSNSK as string,",
				"          RSNCD as string,",
				"          RSNCDDESCR as string,",
				"          DebtorNBRSK as string,",
				"          DebtorNBR as string,",
				"          TotalAMTexcludingVAT as string,",
				"          TotalTaxAMT as string,",
				"          TotalAMTincludingVAT as string,",
				"          ORDCTGRYSK as string,",
				"          ORDCTGRY as string,",
				"          ORDCTGRYDESCR as string,",
				"          ACCTGRPSK as string,",
				"          CUSTACCTGRP as string,",
				"          ACCTGRPDESCR as string,",
				"          ThirdPartyName as string,",
				"          ThirdPartyZipCD as string,",
				"          ThirdPartyCUSTNBR as string,",
				"          ThirdPartyCUSTORDNBR as string,",
				"          ThirdPartyORDRefNBR as string,",
				"          Form222NBR as string,",
				"          Form222IssueDT as string,",
				"          EDITradingPartnerID as string,",
				"          ProgramType as string,",
				"          ORDDT_TimeCdSK as string,",
				"          DeliveryTime_TimeCdSK as string,",
				"          FIELD71 as string,",
				"          FIELD72 as string,",
				"          FIELD73 as string,",
				"          FIELD74 as string,",
				"          FIELD75 as string,",
				"          FIELD76 as string,",
				"          FIELD77 as string,",
				"          FIELD78 as string",
				"     ),",
				"     allowSchemaDrift: true,",
				"     validateSchema: false,",
				"     ignoreNoFilesFound: false) ~> SalesOrderHeader",
				"SalesOrderHeader derive(CREATED_BY = $created_by,",
				"          ETl_ID = $etl_id,",
				"          o_Deliverytime = toDate(Deliverytime, 'yyyy-mm-dd'),",
				"          CREATED_DT = currentDate()) ~> AuditColumns",
				"AuditColumns sink(allowSchemaDrift: true,",
				"     validateSchema: false,",
				"     input(",
				"          SALES_ID as integer,",
				"          CSTCNTR as string,",
				"          STATUS as string,",
				"          ORDNBR as integer,",
				"          CUSTNM as string,",
				"          TYPE as string,",
				"          ORDTYPESK as integer,",
				"          ORDTYPE as string,",
				"          ORDTYPEDESCR as string,",
				"          ORDDT as timestamp,",
				"          CUSTSK as integer,",
				"          CUSTNBR as string,",
				"          DELIVERYADDRNBR as integer,",
				"          INVCUSTNBR as string,",
				"          CUSTREFERENCE as string,",
				"          HANDLERSK as integer,",
				"          HANDLER as string,",
				"          DISCOUNTGRPSK as integer,",
				"          DISCOUNTGRP as string,",
				"          DISCOUNTGRPDESCR as string,",
				"          HOLDORD as string,",
				"          CREDITSTATUS as string,",
				"          TERMSOFPYMTSK as integer,",
				"          TERMSOFPYMT as string,",
				"          TERMSOFPYMTDESCR as string,",
				"          TERMSOFDELIVERYSK as integer,",
				"          TERMSOFDELIVERY as string,",
				"          MANNEROFTRNSPRTSK as integer,",
				"          MANNEROFTRNSPRT as string,",
				"          MANNEROFTRNSPRTDESCR as string,",
				"          FREIGHTFEE as decimal(19,4),",
				"          ADMINISTRATIONFEE as decimal(19,4),",
				"          INVFEE as decimal(19,4),",
				"          WRHSSK as integer,",
				"          WRHSNBR as string,",
				"          DELIVERYTIME as timestamp,",
				"          CUSTGRPSK as integer,",
				"          CUSTGRP as string,",
				"          CUSTGRPDESCR as string,",
				"          ORDVALUE as decimal(19,4),",
				"          ORDSTATUS as integer,",
				"          CUSTSSPLRSORDNBRREFERENCE as string,",
				"          CUSTSORDPONBR as string,",
				"          GOODSMARKING as string,",
				"          HOLDINV as string,",
				"          EDICREATED as string,",
				"          RETURNRSNSK as integer,",
				"          RSNCD as string,",
				"          RSNCDDESCR as string,",
				"          DEBTORNBRSK as integer,",
				"          DEBTORNBR as string,",
				"          TOTALAMTEXCLUDINGVAT as decimal(19,4),",
				"          TOTALTAXAMT as decimal(19,4),",
				"          TOTALAMTINCLUDINGVAT as decimal(19,4),",
				"          ORDCTGRYSK as integer,",
				"          ORDCTGRY as string,",
				"          ORDCTGRYDESCR as string,",
				"          ACCTGRPSK as integer,",
				"          CUSTACCTGRP as string,",
				"          ACCTGRPDESCR as string,",
				"          THIRDPARTYNM as string,",
				"          THIRDPARTYZIPCD as string,",
				"          THIRDPARTYCUSTNBR as string,",
				"          THIRDPARTYCUSTORDNBR as string,",
				"          THIRDPARTYORDREFNBR as string,",
				"          FORM222NBR as string,",
				"          FORM222ISSUEDT as timestamp,",
				"          EDITRADINGPARTNERID as string,",
				"          PROGRAMTYPE as string,",
				"          ORDDT_TIMECDSK as integer,",
				"          DELIVERYTIME_TIMECDSK as integer,",
				"          CREATED_DT as timestamp,",
				"          CREATED_BY as string,",
				"          MODIFIED_DT as timestamp,",
				"          MODIFIED_BY as string,",
				"          ETL_ID as string",
				"     ),",
				"     deletable:false,",
				"     insertable:true,",
				"     updateable:false,",
				"     upsertable:false,",
				"     truncate:true,",
				"     format: 'table',",
				"     skipDuplicateMapInputs: true,",
				"     skipDuplicateMapOutputs: true,",
				"     saveOrder: 1,",
				"     errorHandlingOption: 'stopOnFirstError',",
				"     mapColumn(",
				"          CSTCNTR,",
				"          STATUS = Status,",
				"          ORDNBR,",
				"          CUSTNM = CUSTName,",
				"          TYPE = Type,",
				"          ORDTYPESK = ORDTypeSK,",
				"          ORDTYPE = ORDtype,",
				"          ORDTYPEDESCR = ORDtypeDESCR,",
				"          ORDDT,",
				"          CUSTSK,",
				"          CUSTNBR,",
				"          DELIVERYADDRNBR = DeliveryADDRNBR,",
				"          INVCUSTNBR,",
				"          CUSTREFERENCE = CUSTreference,",
				"          HANDLERSK = HandlerSK,",
				"          HANDLER = Handler,",
				"          DISCOUNTGRPSK = DiscountGRPSK,",
				"          DISCOUNTGRP = DiscountGRP,",
				"          DISCOUNTGRPDESCR = DiscountGRPDESCR,",
				"          HOLDORD = HoldORD,",
				"          CREDITSTATUS = Creditstatus,",
				"          TERMSOFPYMTSK = TermsOfPYMTSK,",
				"          TERMSOFPYMT = TermsofPYMT,",
				"          TERMSOFPYMTDESCR = TermsofPYMTDESCR,",
				"          TERMSOFDELIVERYSK = TermsOfDeliverySK,",
				"          TERMSOFDELIVERY = TermsOfDelivery,",
				"          MANNEROFTRNSPRTSK = MannerOfTRNSPRTSK,",
				"          MANNEROFTRNSPRT = MannerofTRNSPRT,",
				"          MANNEROFTRNSPRTDESCR = MannerofTRNSPRTDESCR,",
				"          FREIGHTFEE = Freightfee,",
				"          ADMINISTRATIONFEE = Administrationfee,",
				"          INVFEE = INVfee,",
				"          WRHSSK,",
				"          WRHSNBR,",
				"          DELIVERYTIME = Deliverytime,",
				"          CUSTGRPSK,",
				"          CUSTGRP,",
				"          CUSTGRPDESCR,",
				"          ORDVALUE = ORDvalue,",
				"          ORDSTATUS = ORDstatus,",
				"          CUSTSSPLRSORDNBRREFERENCE = CUSTsSPLRsORDNBRReference,",
				"          CUSTSORDPONBR = CUSTsORDPONBR,",
				"          GOODSMARKING = Goodsmarking,",
				"          HOLDINV = HoldINV,",
				"          EDICREATED = EDIcreated,",
				"          RETURNRSNSK = ReturnRSNSK,",
				"          RSNCD,",
				"          RSNCDDESCR,",
				"          DEBTORNBRSK = DebtorNBRSK,",
				"          DEBTORNBR = DebtorNBR,",
				"          TOTALAMTEXCLUDINGVAT = TotalAMTexcludingVAT,",
				"          TOTALTAXAMT = TotalTaxAMT,",
				"          TOTALAMTINCLUDINGVAT = TotalAMTincludingVAT,",
				"          ORDCTGRYSK,",
				"          ORDCTGRY,",
				"          ORDCTGRYDESCR,",
				"          ACCTGRPSK,",
				"          CUSTACCTGRP,",
				"          ACCTGRPDESCR,",
				"          THIRDPARTYNM = ThirdPartyName,",
				"          THIRDPARTYZIPCD = ThirdPartyZipCD,",
				"          THIRDPARTYCUSTNBR = ThirdPartyCUSTNBR,",
				"          THIRDPARTYCUSTORDNBR = ThirdPartyCUSTORDNBR,",
				"          THIRDPARTYORDREFNBR = ThirdPartyORDRefNBR,",
				"          FORM222NBR = Form222NBR,",
				"          FORM222ISSUEDT = Form222IssueDT,",
				"          EDITRADINGPARTNERID = EDITradingPartnerID,",
				"          PROGRAMTYPE = ProgramType,",
				"          ORDDT_TIMECDSK = ORDDT_TimeCdSK,",
				"          DELIVERYTIME_TIMECDSK = DeliveryTime_TimeCdSK,",
				"          CREATED_DT,",
				"          CREATED_BY,",
				"          ETL_ID = ETl_ID",
				"     )) ~> sink"
			]
		}
	}
}